arm,model,precision,template,degradation,severity,item,gold,answer,verbalized,internal,correct,match_method,n_answer_tokens,raw
A,Qwen/Qwen2-VL-2B-Instruct,fp16,fewshot,clean,0,0,beignets,beignets,0.85,0.9923275709152222,1,exact,3,Answer: beignets | Confidence: 85
A,Qwen/Qwen2-VL-2B-Instruct,fp16,fewshot,clean,0,1,beignets,beignets,0.85,0.9185129006703696,1,exact,3,Answer: beignets | Confidence: 85
A,Qwen/Qwen2-VL-2B-Instruct,fp16,fewshot,clean,0,2,beignets,beignets,0.9,0.9889331658681234,1,exact,3,Answer: beignets | Confidence: 90
A,Qwen/Qwen2-VL-2B-Instruct,fp16,fewshot,clean,0,3,beignets,beignets,0.9,0.9909073710441588,1,exact,3,Answer: beignets | Confidence: 90
A,Qwen/Qwen2-VL-2B-Instruct,fp16,fewshot,clean,0,4,beignets,beignets,0.9,0.996612548828125,1,exact,3,Answer: beignets | Confidence: 90
A,Qwen/Qwen2-VL-2B-Instruct,fp16,fewshot,clean,0,5,beignets,beignets,0.85,0.9883473912874856,1,exact,3,Answer: beignets | Confidence: 85
A,Qwen/Qwen2-VL-2B-Instruct,fp16,fewshot,clean,0,6,beignets,beignets,0.9,0.9761780897776284,1,exact,3,Answer: beignets | Confidence: 90
A,Qwen/Qwen2-VL-2B-Instruct,fp16,fewshot,clean,0,7,beignets,beignets,0.9,0.9922523697217306,1,exact,3,Answer: beignets | Confidence: 90
A,Qwen/Qwen2-VL-2B-Instruct,fp16,fewshot,clean,0,8,beignets,fried calamari,0.85,0.9081806341807048,0,contains,3,Answer: fried calamari | Confidence: 85
A,Qwen/Qwen2-VL-2B-Instruct,fp16,fewshot,clean,0,9,beignets,beignets,0.9,0.9889565507570902,1,exact,3,Answer: beignets | Confidence: 90
A,Qwen/Qwen2-VL-2B-Instruct,fp16,fewshot,clean,0,10,beignets,beignets,0.9,0.9921566843986512,1,exact,3,Answer: beignets | Confidence: 90
A,Qwen/Qwen2-VL-2B-Instruct,fp16,fewshot,clean,0,11,beignets,beignets,0.9,0.9922396739323934,1,exact,3,Answer: beignets | Confidence: 90
A,Qwen/Qwen2-VL-2B-Instruct,fp16,fewshot,clean,0,12,beignets,beignets,0.9,0.9730485081672668,1,exact,3,Answer: beignets | Confidence: 90
A,Qwen/Qwen2-VL-2B-Instruct,fp16,fewshot,clean,0,13,beignets,beignets,0.9,0.9895755847295126,1,exact,3,Answer: beignets | Confidence: 90
A,Qwen/Qwen2-VL-2B-Instruct,fp16,fewshot,clean,0,14,beignets,beignets,0.9,0.9926631053288778,1,exact,3,Answer: beignets | Confidence: 90
A,Qwen/Qwen2-VL-2B-Instruct,fp16,fewshot,clean,0,15,beignets,beignets,0.9,0.99332062403361,1,exact,3,Answer: beignets | Confidence: 90
A,Qwen/Qwen2-VL-2B-Instruct,fp16,fewshot,clean,0,16,beignets,beignets,0.9,0.9941075841585796,1,exact,3,Answer: beignets | Confidence: 90
A,Qwen/Qwen2-VL-2B-Instruct,fp16,fewshot,clean,0,17,beignets,beignets,0.9,0.9875120719273884,1,exact,3,Answer: beignets | Confidence: 90
A,Qwen/Qwen2-VL-2B-Instruct,fp16,fewshot,clean,0,18,beignets,beignets,0.9,0.986900269985199,1,exact,3,Answer: beignets | Confidence: 90
A,Qwen/Qwen2-VL-2B-Instruct,fp16,fewshot,clean,0,19,beignets,beignets,0.85,0.9891769687334696,1,exact,3,Answer: beignets | Confidence: 85
A,Qwen/Qwen2-VL-2B-Instruct,fp16,fewshot,clean,0,20,beignets,beignets,0.9,0.9954794049263,1,exact,3,Answer: beignets | Confidence: 90
A,Qwen/Qwen2-VL-2B-Instruct,fp16,fewshot,clean,0,21,beignets,beignets,0.9,0.9344746073087056,1,exact,3,Answer: beignets | Confidence: 90
A,Qwen/Qwen2-VL-2B-Instruct,fp16,fewshot,clean,0,22,beignets,beignets,0.9,0.9893831213315328,1,exact,3,Answer: beignets | Confidence: 90
A,Qwen/Qwen2-VL-2B-Instruct,fp16,fewshot,clean,0,23,beignets,beignets,0.85,0.9884324272473654,1,exact,3,Answer: beignets | Confidence: 85
A,Qwen/Qwen2-VL-2B-Instruct,fp16,fewshot,clean,0,24,beignets,beignets,0.9,0.9862409035364786,1,exact,3,Answer: beignets | Confidence: 90
A,Qwen/Qwen2-VL-2B-Instruct,fp16,fewshot,clean,0,25,beignets,beignets,0.9,0.992380996545156,1,exact,3,Answer: beignets | Confidence: 90
A,Qwen/Qwen2-VL-2B-Instruct,fp16,fewshot,clean,0,26,beignets,beignets,0.9,0.9808964331944784,1,exact,3,Answer: beignets | Confidence: 90
A,Qwen/Qwen2-VL-2B-Instruct,fp16,fewshot,clean,0,27,beignets,beignets,0.9,0.9923836787541708,1,exact,3,Answer: beignets | Confidence: 90
A,Qwen/Qwen2-VL-2B-Instruct,fp16,fewshot,clean,0,28,beignets,beignets,0.9,0.9755484064420064,1,exact,3,Answer: beignets | Confidence: 90
A,Qwen/Qwen2-VL-2B-Instruct,fp16,fewshot,clean,0,29,beignets,beignets,0.9,0.9876969854036968,1,exact,3,Answer: beignets | Confidence: 90
A,Qwen/Qwen2-VL-2B-Instruct,fp16,fewshot,clean,0,30,beignets,beignets,0.85,0.9883075555165608,1,exact,3,Answer: beignets | Confidence: 85
A,Qwen/Qwen2-VL-2B-Instruct,fp16,fewshot,clean,0,31,beignets,beignets,0.9,0.9878938992818196,1,exact,3,Answer: beignets | Confidence: 90
A,Qwen/Qwen2-VL-2B-Instruct,fp16,fewshot,clean,0,32,beignets,beignets,0.9,0.9868470231691996,1,exact,3,Answer: beignets | Confidence: 90
A,Qwen/Qwen2-VL-2B-Instruct,fp16,fewshot,clean,0,33,beignets,beignets,0.9,0.993776301542918,1,exact,3,Answer: beignets | Confidence: 90
A,Qwen/Qwen2-VL-2B-Instruct,fp16,fewshot,clean,0,34,beignets,beignets,0.9,0.9867421587308248,1,exact,3,Answer: beignets | Confidence: 90
A,Qwen/Qwen2-VL-2B-Instruct,fp16,fewshot,clean,0,35,beignets,beignets,0.9,0.9799664417902628,1,exact,3,Answer: beignets | Confidence: 90
A,Qwen/Qwen2-VL-2B-Instruct,fp16,fewshot,clean,0,36,beignets,beignets,0.9,0.9832100669542948,1,exact,3,Answer: beignets | Confidence: 90
A,Qwen/Qwen2-VL-2B-Instruct,fp16,fewshot,clean,0,37,beignets,beignets,0.85,0.9940136671066284,1,exact,3,Answer: beignets | Confidence: 85
A,Qwen/Qwen2-VL-2B-Instruct,fp16,fewshot,clean,0,38,beignets,beignets,0.85,0.9865013758341472,1,exact,3,Answer: beignets | Confidence: 85
A,Qwen/Qwen2-VL-2B-Instruct,fp16,fewshot,clean,0,39,beignets,beignets,0.9,0.9879893263181052,1,exact,3,Answer: beignets | Confidence: 90
A,Qwen/Qwen2-VL-2B-Instruct,fp16,fewshot,clean,0,40,beignets,beignets,0.9,0.9785257577896118,1,exact,3,Answer: beignets | Confidence: 90
A,Qwen/Qwen2-VL-2B-Instruct,fp16,fewshot,clean,0,41,beignets,beignets,0.9,0.993179698785146,1,exact,3,Answer: beignets | Confidence: 90
A,Qwen/Qwen2-VL-2B-Instruct,fp16,fewshot,clean,0,42,beignets,beignets,0.9,0.9871291915575664,1,exact,3,Answer: beignets | Confidence: 90
A,Qwen/Qwen2-VL-2B-Instruct,fp16,fewshot,clean,0,43,beignets,beignets,0.9,0.9831093152364097,1,exact,3,Answer: beignets | Confidence: 90
A,Qwen/Qwen2-VL-2B-Instruct,fp16,fewshot,clean,0,44,beignets,beignets,0.9,0.9868621627489724,1,exact,3,Answer: beignets | Confidence: 90
A,Qwen/Qwen2-VL-2B-Instruct,fp16,fewshot,clean,0,45,beignets,beignets,0.9,0.882899284362793,1,exact,3,Answer: beignets | Confidence: 90
A,Qwen/Qwen2-VL-2B-Instruct,fp16,fewshot,clean,0,46,beignets,beignets,0.85,0.9881431659062704,1,exact,3,Answer: beignets | Confidence: 85
A,Qwen/Qwen2-VL-2B-Instruct,fp16,fewshot,clean,0,47,beignets,beignets,0.9,0.9310702284177144,1,exact,3,Answer: beignets | Confidence: 90
A,Qwen/Qwen2-VL-2B-Instruct,fp16,fewshot,clean,0,48,beignets,beignets,0.9,0.9930797417958578,1,exact,3,Answer: beignets | Confidence: 90
A,Qwen/Qwen2-VL-2B-Instruct,fp16,fewshot,clean,0,49,beignets,beignets,0.85,0.988209823767344,1,exact,3,Answer: beignets | Confidence: 85
A,Qwen/Qwen2-VL-2B-Instruct,fp16,fewshot,clean,0,50,beignets,beignets,0.9,0.9949946999549866,1,exact,3,Answer: beignets | Confidence: 90
A,Qwen/Qwen2-VL-2B-Instruct,fp16,fewshot,clean,0,51,beignets,beignets,0.9,0.9920332233111064,1,exact,3,Answer: beignets | Confidence: 90
A,Qwen/Qwen2-VL-2B-Instruct,fp16,fewshot,clean,0,52,beignets,beignets,0.9,0.9809049566586812,1,exact,3,Answer: beignets | Confidence: 90
A,Qwen/Qwen2-VL-2B-Instruct,fp16,fewshot,clean,0,53,beignets,beignets,0.9,0.9899915854136148,1,exact,3,Answer: beignets | Confidence: 90
A,Qwen/Qwen2-VL-2B-Instruct,fp16,fewshot,clean,0,54,beignets,beignets,0.9,0.986552635828654,1,exact,3,Answer: beignets | Confidence: 90
A,Qwen/Qwen2-VL-2B-Instruct,fp16,fewshot,clean,0,55,beignets,beignets,0.9,0.9953820109367372,1,exact,3,Answer: beignets | Confidence: 90
A,Qwen/Qwen2-VL-2B-Instruct,fp16,fewshot,clean,0,56,beignets,beignets,0.9,0.9864168763160706,1,exact,3,Answer: beignets | Confidence: 90
A,Qwen/Qwen2-VL-2B-Instruct,fp16,fewshot,clean,0,57,beignets,beignets,0.9,0.9211949706077576,1,exact,3,Answer: beignets | Confidence: 90
A,Qwen/Qwen2-VL-2B-Instruct,fp16,fewshot,clean,0,58,beignets,beignets,0.9,0.9881579677263896,1,exact,3,Answer: beignets | Confidence: 90
A,Qwen/Qwen2-VL-2B-Instruct,fp16,fewshot,clean,0,59,beignets,beignets,0.9,0.9944013158480326,1,exact,3,Answer: beignets | Confidence: 90
A,Qwen/Qwen2-VL-2B-Instruct,fp16,fewshot,clean,0,60,beignets,beignets,0.9,0.985564668973287,1,exact,3,Answer: beignets | Confidence: 90
A,Qwen/Qwen2-VL-2B-Instruct,fp16,fewshot,clean,0,61,beignets,beignets,0.85,0.9883795579274496,1,exact,3,Answer: beignets | Confidence: 85
A,Qwen/Qwen2-VL-2B-Instruct,fp16,fewshot,clean,0,62,beignets,beignets,0.9,0.9688940246899924,1,exact,3,Answer: beignets | Confidence: 90
A,Qwen/Qwen2-VL-2B-Instruct,fp16,fewshot,clean,0,63,beignets,beignets,0.9,0.9840399225552876,1,exact,3,Answer: beignets | Confidence: 90
A,Qwen/Qwen2-VL-2B-Instruct,fp16,fewshot,clean,0,64,beignets,beignets,0.9,0.9873806834220886,1,exact,3,Answer: beignets | Confidence: 90
A,Qwen/Qwen2-VL-2B-Instruct,fp16,fewshot,clean,0,65,beignets,beignets,0.85,0.9899936318397522,1,exact,3,Answer: beignets | Confidence: 85
A,Qwen/Qwen2-VL-2B-Instruct,fp16,fewshot,clean,0,66,beignets,beignets,0.9,0.993193785349528,1,exact,3,Answer: beignets | Confidence: 90
A,Qwen/Qwen2-VL-2B-Instruct,fp16,fewshot,clean,0,67,beignets,beignets,0.9,0.9938821196556092,1,exact,3,Answer: beignets | Confidence: 90
A,Qwen/Qwen2-VL-2B-Instruct,fp16,fewshot,clean,0,68,beignets,beignets,0.9,0.9881215492884318,1,exact,3,Answer: beignets | Confidence: 90
A,Qwen/Qwen2-VL-2B-Instruct,fp16,fewshot,clean,0,69,beignets,beignets,0.85,0.9889821608861288,1,exact,3,Answer: beignets | Confidence: 85
A,Qwen/Qwen2-VL-2B-Instruct,fp16,fewshot,clean,0,70,beignets,beignets,0.9,0.9821799993515016,1,exact,3,Answer: beignets | Confidence: 90
A,Qwen/Qwen2-VL-2B-Instruct,fp16,fewshot,clean,0,71,beignets,beignets,0.9,0.9910324613253276,1,exact,3,Answer: beignets | Confidence: 90
A,Qwen/Qwen2-VL-2B-Instruct,fp16,fewshot,clean,0,72,beignets,beignets,0.9,0.9739756385485332,1,exact,3,Answer: beignets | Confidence: 90
A,Qwen/Qwen2-VL-2B-Instruct,fp16,fewshot,clean,0,73,beignets,beignets,0.9,0.9912106196085612,1,exact,3,Answer: beignets | Confidence: 90
A,Qwen/Qwen2-VL-2B-Instruct,fp16,fewshot,clean,0,74,beignets,beignets,0.9,0.9923441410064696,1,exact,3,Answer: beignets | Confidence: 90
A,Qwen/Qwen2-VL-2B-Instruct,fp16,fewshot,clean,0,75,beignets,beignets,0.9,0.9926984906196594,1,exact,3,Answer: beignets | Confidence: 90
A,Qwen/Qwen2-VL-2B-Instruct,fp16,fewshot,clean,0,76,beignets,beignets,0.9,0.9781367182731628,1,exact,3,Answer: beignets | Confidence: 90
A,Qwen/Qwen2-VL-2B-Instruct,fp16,fewshot,clean,0,77,beignets,beignets,0.9,0.9881319801012676,1,exact,3,Answer: beignets | Confidence: 90
A,Qwen/Qwen2-VL-2B-Instruct,fp16,fewshot,clean,0,78,beignets,beignets,0.9,0.9852179090181986,1,exact,3,Answer: beignets | Confidence: 90
A,Qwen/Qwen2-VL-2B-Instruct,fp16,fewshot,clean,0,79,beignets,beignets,0.9,0.992415487766266,1,exact,3,Answer: beignets | Confidence: 90
A,Qwen/Qwen2-VL-2B-Instruct,fp16,fewshot,clean,0,80,beignets,beignets,0.9,0.9858574668566386,1,exact,3,Answer: beignets | Confidence: 90
A,Qwen/Qwen2-VL-2B-Instruct,fp16,fewshot,clean,0,81,beignets,beignets,0.9,0.9489227135976156,1,exact,3,Answer: beignets | Confidence: 90
A,Qwen/Qwen2-VL-2B-Instruct,fp16,fewshot,clean,0,82,beignets,beignets,0.9,0.9742903312047324,1,exact,3,Answer: beignets | Confidence: 90
A,Qwen/Qwen2-VL-2B-Instruct,fp16,fewshot,clean,0,83,beignets,beignets,0.9,0.9897444248199464,1,exact,3,Answer: beignets | Confidence: 90
A,Qwen/Qwen2-VL-2B-Instruct,fp16,fewshot,clean,0,84,beignets,beignets,0.9,0.9922126730283102,1,exact,3,Answer: beignets | Confidence: 90
A,Qwen/Qwen2-VL-2B-Instruct,fp16,fewshot,clean,0,85,beignets,beignets,0.9,0.9683342774709066,1,exact,3,Answer: beignets | Confidence: 90
A,Qwen/Qwen2-VL-2B-Instruct,fp16,fewshot,clean,0,86,beignets,beignets,0.85,0.9719852606455484,1,exact,3,Answer: beignets | Confidence: 85
A,Qwen/Qwen2-VL-2B-Instruct,fp16,fewshot,clean,0,87,beignets,beignets,0.9,0.9725091656049092,1,exact,3,Answer: beignets | Confidence: 90
A,Qwen/Qwen2-VL-2B-Instruct,fp16,fewshot,clean,0,88,beignets,bread pudding,0.9,0.9754177033901216,0,contains,2,Answer: bread pudding | Confidence: 90
A,Qwen/Qwen2-VL-2B-Instruct,fp16,fewshot,clean,0,89,beignets,bread pudding,0.9,0.8469723165035248,0,contains,2,Answer: bread pudding | Confidence: 90
A,Qwen/Qwen2-VL-2B-Instruct,fp16,fewshot,clean,0,90,beignets,beignets,0.9,0.9904624223709106,1,exact,3,Answer: beignets | Confidence: 90
A,Qwen/Qwen2-VL-2B-Instruct,fp16,fewshot,clean,0,91,beignets,beignets,0.85,0.9803414940834044,1,exact,3,Answer: beignets | Confidence: 85
A,Qwen/Qwen2-VL-2B-Instruct,fp16,fewshot,clean,0,92,beignets,beignets,0.9,0.9949681162834167,1,exact,3,Answer: beignets | Confidence: 90
A,Qwen/Qwen2-VL-2B-Instruct,fp16,fewshot,clean,0,93,beignets,beignets,0.85,0.9888034661610922,1,exact,3,Answer: beignets | Confidence: 85
A,Qwen/Qwen2-VL-2B-Instruct,fp16,fewshot,clean,0,94,beignets,beignets,0.85,0.9870955348014832,1,exact,3,Answer: beignets | Confidence: 85
A,Qwen/Qwen2-VL-2B-Instruct,fp16,fewshot,clean,0,95,beignets,beignets,0.85,0.9922262827555338,1,exact,3,Answer: beignets | Confidence: 85
A,Qwen/Qwen2-VL-2B-Instruct,fp16,fewshot,clean,0,96,beignets,beignets,0.9,0.9853028456370037,1,exact,3,Answer: beignets | Confidence: 90
A,Qwen/Qwen2-VL-2B-Instruct,fp16,fewshot,clean,0,97,beignets,cake,0.9,0.2952513396739959,0,nomatch,1,Answer: cake | Confidence: 90
A,Qwen/Qwen2-VL-2B-Instruct,fp16,fewshot,clean,0,98,beignets,beignets,0.9,0.988176703453064,1,exact,3,Answer: beignets | Confidence: 90
A,Qwen/Qwen2-VL-2B-Instruct,fp16,fewshot,clean,0,99,beignets,beignets,0.9,0.9867780009905496,1,exact,3,Answer: beignets | Confidence: 90
A,Qwen/Qwen2-VL-2B-Instruct,fp16,fewshot,glare,1,0,beignets,beignets,0.9,0.9940424164136252,1,exact,3,Answer: beignets | Confidence: 90
A,Qwen/Qwen2-VL-2B-Instruct,fp16,fewshot,glare,1,1,beignets,beignets,0.85,0.9129832983016968,1,exact,3,Answer: beignets | Confidence: 85
A,Qwen/Qwen2-VL-2B-Instruct,fp16,fewshot,glare,1,2,beignets,beignets,0.9,0.993169089158376,1,exact,3,Answer: beignets | Confidence: 90
A,Qwen/Qwen2-VL-2B-Instruct,fp16,fewshot,glare,1,3,beignets,beignets,0.9,0.9864270289738972,1,exact,3,Answer: beignets | Confidence: 90
A,Qwen/Qwen2-VL-2B-Instruct,fp16,fewshot,glare,1,4,beignets,beignets,0.9,0.9947679241498312,1,exact,3,Answer: beignets | Confidence: 90
A,Qwen/Qwen2-VL-2B-Instruct,fp16,fewshot,glare,1,5,beignets,beignets,0.85,0.9805765549341836,1,exact,3,Answer: beignets | Confidence: 85
A,Qwen/Qwen2-VL-2B-Instruct,fp16,fewshot,glare,1,6,beignets,beignets,0.9,0.9809807737668356,1,exact,3,Answer: beignets | Confidence: 90
A,Qwen/Qwen2-VL-2B-Instruct,fp16,fewshot,glare,1,7,beignets,beignets,0.9,0.99082879225413,1,exact,3,Answer: beignets | Confidence: 90
A,Qwen/Qwen2-VL-2B-Instruct,fp16,fewshot,glare,1,8,beignets,fried calamari,0.85,0.9070159196853638,0,contains,3,Answer: fried calamari | Confidence: 85
A,Qwen/Qwen2-VL-2B-Instruct,fp16,fewshot,glare,1,9,beignets,beignets,0.9,0.99009503920873,1,exact,3,Answer: beignets | Confidence: 90
A,Qwen/Qwen2-VL-2B-Instruct,fp16,fewshot,glare,1,10,beignets,beignets,0.9,0.9928019444147744,1,exact,3,Answer: beignets | Confidence: 90
A,Qwen/Qwen2-VL-2B-Instruct,fp16,fewshot,glare,1,11,beignets,beignets,0.9,0.990110675493876,1,exact,3,Answer: beignets | Confidence: 90
A,Qwen/Qwen2-VL-2B-Instruct,fp16,fewshot,glare,1,12,beignets,chicken nuggets,0.9,0.689755767583847,0,nomatch,3,Answer: chicken nuggets | Confidence: 90
A,Qwen/Qwen2-VL-2B-Instruct,fp16,fewshot,glare,1,13,beignets,beignets,0.9,0.991507351398468,1,exact,3,Answer: beignets | Confidence: 90
A,Qwen/Qwen2-VL-2B-Instruct,fp16,fewshot,glare,1,14,beignets,beignets,0.9,0.9939104715983073,1,exact,3,Answer: beignets | Confidence: 90
A,Qwen/Qwen2-VL-2B-Instruct,fp16,fewshot,glare,1,15,beignets,beignets,0.9,0.9928299983342488,1,exact,3,Answer: beignets | Confidence: 90
A,Qwen/Qwen2-VL-2B-Instruct,fp16,fewshot,glare,1,16,beignets,beignets,0.9,0.9940841794013976,1,exact,3,Answer: beignets | Confidence: 90
A,Qwen/Qwen2-VL-2B-Instruct,fp16,fewshot,glare,1,17,beignets,beignets,0.9,0.9887652595837912,1,exact,3,Answer: beignets | Confidence: 90
A,Qwen/Qwen2-VL-2B-Instruct,fp16,fewshot,glare,1,18,beignets,beignets,0.9,0.994802455107371,1,exact,3,Answer: beignets | Confidence: 90
A,Qwen/Qwen2-VL-2B-Instruct,fp16,fewshot,glare,1,19,beignets,beignets,0.8,0.9813976486523946,1,exact,3,Answer: beignets | Confidence: 80
A,Qwen/Qwen2-VL-2B-Instruct,fp16,fewshot,glare,1,20,beignets,beignets,0.85,0.9940669337908428,1,exact,3,Answer: beignets | Confidence: 85
A,Qwen/Qwen2-VL-2B-Instruct,fp16,fewshot,glare,1,21,beignets,beignets,0.9,0.913904587427775,1,exact,3,Answer: beignets | Confidence: 90
A,Qwen/Qwen2-VL-2B-Instruct,fp16,fewshot,glare,1,22,beignets,beignets,0.9,0.9889221588770548,1,exact,3,Answer: beignets | Confidence: 90
A,Qwen/Qwen2-VL-2B-Instruct,fp16,fewshot,glare,1,23,beignets,beignets,0.85,0.9837271173795064,1,exact,3,Answer: beignets | Confidence: 85
A,Qwen/Qwen2-VL-2B-Instruct,fp16,fewshot,glare,1,24,beignets,beignets,0.9,0.9793388843536376,1,exact,3,Answer: beignets | Confidence: 90
A,Qwen/Qwen2-VL-2B-Instruct,fp16,fewshot,glare,1,25,beignets,beignets,0.9,0.98905215660731,1,exact,3,Answer: beignets | Confidence: 90
A,Qwen/Qwen2-VL-2B-Instruct,fp16,fewshot,glare,1,26,beignets,beignets,0.9,0.9888457854588828,1,exact,3,Answer: beignets | Confidence: 90
A,Qwen/Qwen2-VL-2B-Instruct,fp16,fewshot,glare,1,27,beignets,beignets,0.9,0.9925697644551597,1,exact,3,Answer: beignets | Confidence: 90
A,Qwen/Qwen2-VL-2B-Instruct,fp16,fewshot,glare,1,28,beignets,beignets,0.85,0.9594109853108724,1,exact,3,Answer: beignets | Confidence: 85
A,Qwen/Qwen2-VL-2B-Instruct,fp16,fewshot,glare,1,29,beignets,beignets,0.9,0.9883573849995932,1,exact,3,Answer: beignets | Confidence: 90
A,Qwen/Qwen2-VL-2B-Instruct,fp16,fewshot,glare,1,30,beignets,beignets,0.9,0.9905693928400676,1,exact,3,Answer: beignets | Confidence: 90
A,Qwen/Qwen2-VL-2B-Instruct,fp16,fewshot,glare,1,31,beignets,beignets,0.9,0.9873943527539571,1,exact,3,Answer: beignets | Confidence: 90
A,Qwen/Qwen2-VL-2B-Instruct,fp16,fewshot,glare,1,32,beignets,beignets,0.9,0.975158949693044,1,exact,3,Answer: beignets | Confidence: 90
A,Qwen/Qwen2-VL-2B-Instruct,fp16,fewshot,glare,1,33,beignets,beignets,0.9,0.9946171243985494,1,exact,3,Answer: beignets | Confidence: 90
A,Qwen/Qwen2-VL-2B-Instruct,fp16,fewshot,glare,1,34,beignets,beignets,0.9,0.9890322883923848,1,exact,3,Answer: beignets | Confidence: 90
A,Qwen/Qwen2-VL-2B-Instruct,fp16,fewshot,glare,1,35,beignets,beignets,0.8,0.975412388642629,1,exact,3,Answer: beignets | Confidence: 80
A,Qwen/Qwen2-VL-2B-Instruct,fp16,fewshot,glare,1,36,beignets,fried calamari,0.9,0.9616979757944742,0,contains,3,Answer: fried calamari | Confidence: 90
A,Qwen/Qwen2-VL-2B-Instruct,fp16,fewshot,glare,1,37,beignets,beignets,0.85,0.9920468926429749,1,exact,3,Answer: beignets | Confidence: 85
A,Qwen/Qwen2-VL-2B-Instruct,fp16,fewshot,glare,1,38,beignets,beignets,0.85,0.9790536165237428,1,exact,3,Answer: beignets | Confidence: 85
A,Qwen/Qwen2-VL-2B-Instruct,fp16,fewshot,glare,1,39,beignets,beignets,0.9,0.991162359714508,1,exact,3,Answer: beignets | Confidence: 90
A,Qwen/Qwen2-VL-2B-Instruct,fp16,fewshot,glare,1,40,beignets,beignets,0.9,0.9701470931371052,1,exact,3,Answer: beignets | Confidence: 90
A,Qwen/Qwen2-VL-2B-Instruct,fp16,fewshot,glare,1,41,beignets,beignets,0.9,0.9923449754714966,1,exact,3,Answer: beignets | Confidence: 90
A,Qwen/Qwen2-VL-2B-Instruct,fp16,fewshot,glare,1,42,beignets,beignets,0.9,0.9771661758422852,1,exact,3,Answer: beignets | Confidence: 90
A,Qwen/Qwen2-VL-2B-Instruct,fp16,fewshot,glare,1,43,beignets,beignets,0.9,0.9882830778757732,1,exact,3,Answer: beignets | Confidence: 90
A,Qwen/Qwen2-VL-2B-Instruct,fp16,fewshot,glare,1,44,beignets,beignets,0.9,0.98632284005483,1,exact,3,Answer: beignets | Confidence: 90
A,Qwen/Qwen2-VL-2B-Instruct,fp16,fewshot,glare,1,45,beignets,beignets,0.9,0.8766513069470724,1,exact,3,Answer: beignets | Confidence: 90
A,Qwen/Qwen2-VL-2B-Instruct,fp16,fewshot,glare,1,46,beignets,beignets,0.85,0.9857511123021444,1,exact,3,Answer: beignets | Confidence: 85
A,Qwen/Qwen2-VL-2B-Instruct,fp16,fewshot,glare,1,47,beignets,beignets,0.9,0.9420140981674194,1,exact,3,Answer: beignets | Confidence: 90
A,Qwen/Qwen2-VL-2B-Instruct,fp16,fewshot,glare,1,48,beignets,beignets,0.9,0.9911870956420898,1,exact,3,Answer: beignets | Confidence: 90
A,Qwen/Qwen2-VL-2B-Instruct,fp16,fewshot,glare,1,49,beignets,beignets,0.9,0.9900473952293396,1,exact,3,Answer: beignets | Confidence: 90
A,Qwen/Qwen2-VL-2B-Instruct,fp16,fewshot,glare,1,50,beignets,beignets,0.9,0.9953559637069702,1,exact,3,Answer: beignets | Confidence: 90
A,Qwen/Qwen2-VL-2B-Instruct,fp16,fewshot,glare,1,51,beignets,beignets,0.9,0.9908671180407206,1,exact,3,Answer: beignets | Confidence: 90
A,Qwen/Qwen2-VL-2B-Instruct,fp16,fewshot,glare,1,52,beignets,beignets,0.9,0.9788937966028848,1,exact,3,Answer: beignets | Confidence: 90
A,Qwen/Qwen2-VL-2B-Instruct,fp16,fewshot,glare,1,53,beignets,beignets,0.9,0.9929073452949524,1,exact,3,Answer: beignets | Confidence: 90
A,Qwen/Qwen2-VL-2B-Instruct,fp16,fewshot,glare,1,54,beignets,beignets,0.85,0.9855756958325704,1,exact,3,Answer: beignets | Confidence: 85
A,Qwen/Qwen2-VL-2B-Instruct,fp16,fewshot,glare,1,55,beignets,beignets,0.9,0.994660218556722,1,exact,3,Answer: beignets | Confidence: 90
A,Qwen/Qwen2-VL-2B-Instruct,fp16,fewshot,glare,1,56,beignets,beignets,0.9,0.9861346483230592,1,exact,3,Answer: beignets | Confidence: 90
A,Qwen/Qwen2-VL-2B-Instruct,fp16,fewshot,glare,1,57,beignets,beignets,0.9,0.9030621846516927,1,exact,3,Answer: beignets | Confidence: 90
A,Qwen/Qwen2-VL-2B-Instruct,fp16,fewshot,glare,1,58,beignets,beignets,0.9,0.990153749783834,1,exact,3,Answer: beignets | Confidence: 90
A,Qwen/Qwen2-VL-2B-Instruct,fp16,fewshot,glare,1,59,beignets,beignets,0.9,0.9904408852259318,1,exact,3,Answer: beignets | Confidence: 90
A,Qwen/Qwen2-VL-2B-Instruct,fp16,fewshot,glare,1,60,beignets,beignets,0.85,0.7715452313423157,1,exact,3,Answer: beignets | Confidence: 85
A,Qwen/Qwen2-VL-2B-Instruct,fp16,fewshot,glare,1,61,beignets,beignets,0.9,0.9896416664123536,1,exact,3,Answer: beignets | Confidence: 90
A,Qwen/Qwen2-VL-2B-Instruct,fp16,fewshot,glare,1,62,beignets,beignets,0.9,0.9645742774009703,1,exact,3,Answer: beignets | Confidence: 90
A,Qwen/Qwen2-VL-2B-Instruct,fp16,fewshot,glare,1,63,beignets,beignets,0.9,0.9851457079251608,1,exact,3,Answer: beignets | Confidence: 90
A,Qwen/Qwen2-VL-2B-Instruct,fp16,fewshot,glare,1,64,beignets,beignets,0.9,0.9923626979192098,1,exact,3,Answer: beignets | Confidence: 90
A,Qwen/Qwen2-VL-2B-Instruct,fp16,fewshot,glare,1,65,beignets,beignets,0.85,0.9905621210734048,1,exact,3,Answer: beignets | Confidence: 85
A,Qwen/Qwen2-VL-2B-Instruct,fp16,fewshot,glare,1,66,beignets,beignets,0.9,0.9888583421707152,1,exact,3,Answer: beignets | Confidence: 90
A,Qwen/Qwen2-VL-2B-Instruct,fp16,fewshot,glare,1,67,beignets,beignets,0.9,0.9910323619842528,1,exact,3,Answer: beignets | Confidence: 90
A,Qwen/Qwen2-VL-2B-Instruct,fp16,fewshot,glare,1,68,beignets,beignets,0.9,0.9888238708178202,1,exact,3,Answer: beignets | Confidence: 90
A,Qwen/Qwen2-VL-2B-Instruct,fp16,fewshot,glare,1,69,beignets,beignets,0.85,0.9910395542780558,1,exact,3,Answer: beignets | Confidence: 85
A,Qwen/Qwen2-VL-2B-Instruct,fp16,fewshot,glare,1,70,beignets,beignets,0.9,0.9795543352762858,1,exact,3,Answer: beignets | Confidence: 90
A,Qwen/Qwen2-VL-2B-Instruct,fp16,fewshot,glare,1,71,beignets,beignets,0.9,0.9893171588579812,1,exact,3,Answer: beignets | Confidence: 90
A,Qwen/Qwen2-VL-2B-Instruct,fp16,fewshot,glare,1,72,beignets,beignets,0.9,0.9781458775202432,1,exact,3,Answer: beignets | Confidence: 90
A,Qwen/Qwen2-VL-2B-Instruct,fp16,fewshot,glare,1,73,beignets,beignets,0.9,0.9912343621253968,1,exact,3,Answer: beignets | Confidence: 90
A,Qwen/Qwen2-VL-2B-Instruct,fp16,fewshot,glare,1,74,beignets,beignets,0.9,0.9923061927159628,1,exact,3,Answer: beignets | Confidence: 90
A,Qwen/Qwen2-VL-2B-Instruct,fp16,fewshot,glare,1,75,beignets,beignets,0.9,0.9951154788335164,1,exact,3,Answer: beignets | Confidence: 90
A,Qwen/Qwen2-VL-2B-Instruct,fp16,fewshot,glare,1,76,beignets,beignets,0.9,0.9911450346310934,1,exact,3,Answer: beignets | Confidence: 90
A,Qwen/Qwen2-VL-2B-Instruct,fp16,fewshot,glare,1,77,beignets,beignets,0.9,0.9909076690673828,1,exact,3,Answer: beignets | Confidence: 90
A,Qwen/Qwen2-VL-2B-Instruct,fp16,fewshot,glare,1,78,beignets,beignets,0.9,0.9881638487180074,1,exact,3,Answer: beignets | Confidence: 90
A,Qwen/Qwen2-VL-2B-Instruct,fp16,fewshot,glare,1,79,beignets,beignets,0.9,0.9937199155489604,1,exact,3,Answer: beignets | Confidence: 90
A,Qwen/Qwen2-VL-2B-Instruct,fp16,fewshot,glare,1,80,beignets,beignets,0.9,0.9862303336461384,1,exact,3,Answer: beignets | Confidence: 90
A,Qwen/Qwen2-VL-2B-Instruct,fp16,fewshot,glare,1,81,beignets,beignets,0.9,0.9345880150794984,1,exact,3,Answer: beignets | Confidence: 90
A,Qwen/Qwen2-VL-2B-Instruct,fp16,fewshot,glare,1,82,beignets,beignets,0.9,0.9751569628715516,1,exact,3,Answer: beignets | Confidence: 90
A,Qwen/Qwen2-VL-2B-Instruct,fp16,fewshot,glare,1,83,beignets,beignets,0.9,0.98631089925766,1,exact,3,Answer: beignets | Confidence: 90
A,Qwen/Qwen2-VL-2B-Instruct,fp16,fewshot,glare,1,84,beignets,beignets,0.9,0.991860548655192,1,exact,3,Answer: beignets | Confidence: 90
A,Qwen/Qwen2-VL-2B-Instruct,fp16,fewshot,glare,1,85,beignets,beignets,0.9,0.9597863753636678,1,exact,3,Answer: beignets | Confidence: 90
A,Qwen/Qwen2-VL-2B-Instruct,fp16,fewshot,glare,1,86,beignets,beignets,0.85,0.967442274093628,1,exact,3,Answer: beignets | Confidence: 85
A,Qwen/Qwen2-VL-2B-Instruct,fp16,fewshot,glare,1,87,beignets,beignets,0.9,0.9803824424743652,1,exact,3,Answer: beignets | Confidence: 90
A,Qwen/Qwen2-VL-2B-Instruct,fp16,fewshot,glare,1,88,beignets,beignets,0.9,0.8994219303131104,1,exact,3,Answer: beignets | Confidence: 90
A,Qwen/Qwen2-VL-2B-Instruct,fp16,fewshot,glare,1,89,beignets,bread pudding,0.9,0.7798291146755219,0,contains,2,Answer: bread pudding | Confidence: 90
A,Qwen/Qwen2-VL-2B-Instruct,fp16,fewshot,glare,1,90,beignets,beignets,0.9,0.987074077129364,1,exact,3,Answer: beignets | Confidence: 90
A,Qwen/Qwen2-VL-2B-Instruct,fp16,fewshot,glare,1,91,beignets,beignets,0.85,0.9836597641309104,1,exact,3,Answer: beignets | Confidence: 85
A,Qwen/Qwen2-VL-2B-Instruct,fp16,fewshot,glare,1,92,beignets,beignets,0.9,0.992047131061554,1,exact,3,Answer: beignets | Confidence: 90
A,Qwen/Qwen2-VL-2B-Instruct,fp16,fewshot,glare,1,93,beignets,beignets,0.85,0.9814093907674154,1,exact,3,Answer: beignets | Confidence: 85
A,Qwen/Qwen2-VL-2B-Instruct,fp16,fewshot,glare,1,94,beignets,beignets,0.85,0.9814862608909608,1,exact,3,Answer: beignets | Confidence: 85
A,Qwen/Qwen2-VL-2B-Instruct,fp16,fewshot,glare,1,95,beignets,beignets,0.9,0.9938289523124696,1,exact,3,Answer: beignets | Confidence: 90
A,Qwen/Qwen2-VL-2B-Instruct,fp16,fewshot,glare,1,96,beignets,beignets,0.9,0.9894713163375854,1,exact,3,Answer: beignets | Confidence: 90
A,Qwen/Qwen2-VL-2B-Instruct,fp16,fewshot,glare,1,97,beignets,cake,0.85,0.238835722208023,0,nomatch,1,Answer: cake | Confidence: 85
A,Qwen/Qwen2-VL-2B-Instruct,fp16,fewshot,glare,1,98,beignets,beignets,0.9,0.9841527342796326,1,exact,3,Answer: beignets | Confidence: 90
A,Qwen/Qwen2-VL-2B-Instruct,fp16,fewshot,glare,1,99,beignets,beignets,0.9,0.984593629837036,1,exact,3,Answer: beignets | Confidence: 90
A,Qwen/Qwen2-VL-2B-Instruct,fp16,fewshot,glare,2,0,beignets,beignets,0.8,0.9804045160611472,1,exact,3,Answer: beignets | Confidence: 80
A,Qwen/Qwen2-VL-2B-Instruct,fp16,fewshot,glare,2,1,beignets,gyoza,0.85,0.9169858892758688,0,contains,3,Answer: gyoza | Confidence: 85
A,Qwen/Qwen2-VL-2B-Instruct,fp16,fewshot,glare,2,2,beignets,beignets,0.9,0.9929285844167074,1,exact,3,Answer: beignets | Confidence: 90
A,Qwen/Qwen2-VL-2B-Instruct,fp16,fewshot,glare,2,3,beignets,beignets,0.9,0.7751994530359904,1,exact,3,Answer: beignets | Confidence: 90
A,Qwen/Qwen2-VL-2B-Instruct,fp16,fewshot,glare,2,4,beignets,beignets,0.9,0.9956607818603516,1,exact,3,Answer: beignets | Confidence: 90
A,Qwen/Qwen2-VL-2B-Instruct,fp16,fewshot,glare,2,5,beignets,beignets,0.85,0.9815207918485006,1,exact,3,Answer: beignets | Confidence: 85
A,Qwen/Qwen2-VL-2B-Instruct,fp16,fewshot,glare,2,6,beignets,beignets,0.9,0.9808947443962096,1,exact,3,Answer: beignets | Confidence: 90
A,Qwen/Qwen2-VL-2B-Instruct,fp16,fewshot,glare,2,7,beignets,beignets,0.9,0.9927469690640768,1,exact,3,Answer: beignets | Confidence: 90
A,Qwen/Qwen2-VL-2B-Instruct,fp16,fewshot,glare,2,8,beignets,fried calamari,0.85,0.909123202164968,0,contains,3,Answer: fried calamari | Confidence: 85
A,Qwen/Qwen2-VL-2B-Instruct,fp16,fewshot,glare,2,9,beignets,beignets,0.9,0.9900164206822714,1,exact,3,Answer: beignets | Confidence: 90
A,Qwen/Qwen2-VL-2B-Instruct,fp16,fewshot,glare,2,10,beignets,beignets,0.9,0.9940670728683472,1,exact,3,Answer: beignets | Confidence: 90
A,Qwen/Qwen2-VL-2B-Instruct,fp16,fewshot,glare,2,11,beignets,beignets,0.9,0.9953384399414062,1,exact,3,Answer: beignets | Confidence: 90
A,Qwen/Qwen2-VL-2B-Instruct,fp16,fewshot,glare,2,12,beignets,beignets,0.9,0.8072747985521952,1,exact,3,Answer: beignets | Confidence: 90
A,Qwen/Qwen2-VL-2B-Instruct,fp16,fewshot,glare,2,13,beignets,beignets,0.9,0.9911681811014812,1,exact,3,Answer: beignets | Confidence: 90
A,Qwen/Qwen2-VL-2B-Instruct,fp16,fewshot,glare,2,14,beignets,beignets,0.9,0.9953980048497518,1,exact,3,Answer: beignets | Confidence: 90
A,Qwen/Qwen2-VL-2B-Instruct,fp16,fewshot,glare,2,15,beignets,beignets,0.9,0.9942976633707682,1,exact,3,Answer: beignets | Confidence: 90
A,Qwen/Qwen2-VL-2B-Instruct,fp16,fewshot,glare,2,16,beignets,beignets,0.9,0.9945988456408182,1,exact,3,Answer: beignets | Confidence: 90
A,Qwen/Qwen2-VL-2B-Instruct,fp16,fewshot,glare,2,17,beignets,beignets,0.9,0.970106561978658,1,exact,3,Answer: beignets | Confidence: 90
A,Qwen/Qwen2-VL-2B-Instruct,fp16,fewshot,glare,2,18,beignets,beignets,0.9,0.9891586701075236,1,exact,3,Answer: beignets | Confidence: 90
A,Qwen/Qwen2-VL-2B-Instruct,fp16,fewshot,glare,2,19,beignets,beignets,0.9,0.9933363199234008,1,exact,3,Answer: beignets | Confidence: 90
A,Qwen/Qwen2-VL-2B-Instruct,fp16,fewshot,glare,2,20,beignets,beignets,0.9,0.9943219224611918,1,exact,3,Answer: beignets | Confidence: 90
A,Qwen/Qwen2-VL-2B-Instruct,fp16,fewshot,glare,2,21,beignets,beignets,0.9,0.7924497127532959,1,exact,3,Answer: beignets | Confidence: 90
A,Qwen/Qwen2-VL-2B-Instruct,fp16,fewshot,glare,2,22,beignets,chicken quesadilla,0.9,0.8613804504275322,0,contains,4,Answer: chicken quesadilla | Confidence: 90
A,Qwen/Qwen2-VL-2B-Instruct,fp16,fewshot,glare,2,23,beignets,beignets,0.9,0.989526649316152,1,exact,3,Answer: beignets | Confidence: 90
A,Qwen/Qwen2-VL-2B-Instruct,fp16,fewshot,glare,2,24,beignets,beignets,0.9,0.9869073828061422,1,exact,3,Answer: beignets | Confidence: 90
A,Qwen/Qwen2-VL-2B-Instruct,fp16,fewshot,glare,2,25,beignets,beignets,0.9,0.9889134963353476,1,exact,3,Answer: beignets | Confidence: 90
A,Qwen/Qwen2-VL-2B-Instruct,fp16,fewshot,glare,2,26,beignets,beignets,0.9,0.9299781123797098,1,exact,3,Answer: beignets | Confidence: 90
A,Qwen/Qwen2-VL-2B-Instruct,fp16,fewshot,glare,2,27,beignets,beignets,0.9,0.9916249712308248,1,exact,3,Answer: beignets | Confidence: 90
A,Qwen/Qwen2-VL-2B-Instruct,fp16,fewshot,glare,2,28,beignets,beignets,0.9,0.9695637623469034,1,exact,3,Answer: beignets | Confidence: 90
A,Qwen/Qwen2-VL-2B-Instruct,fp16,fewshot,glare,2,29,beignets,beignets,0.9,0.990559458732605,1,exact,3,Answer: beignets | Confidence: 90
A,Qwen/Qwen2-VL-2B-Instruct,fp16,fewshot,glare,2,30,beignets,beignets,0.9,0.99222203095754,1,exact,3,Answer: beignets | Confidence: 90
A,Qwen/Qwen2-VL-2B-Instruct,fp16,fewshot,glare,2,31,beignets,beignets,0.9,0.9919530948003134,1,exact,3,Answer: beignets | Confidence: 90
A,Qwen/Qwen2-VL-2B-Instruct,fp16,fewshot,glare,2,32,beignets,beignets,0.9,0.9720744689305624,1,exact,3,Answer: beignets | Confidence: 90
A,Qwen/Qwen2-VL-2B-Instruct,fp16,fewshot,glare,2,33,beignets,beignets,0.9,0.9956404368082682,1,exact,3,Answer: beignets | Confidence: 90
A,Qwen/Qwen2-VL-2B-Instruct,fp16,fewshot,glare,2,34,beignets,beignets,0.9,0.9925749103228252,1,exact,3,Answer: beignets | Confidence: 90
A,Qwen/Qwen2-VL-2B-Instruct,fp16,fewshot,glare,2,35,beignets,shrimp and grits,0.9,0.9383965879678726,0,contains,4,Answer: shrimp and grits | Confidence: 90
A,Qwen/Qwen2-VL-2B-Instruct,fp16,fewshot,glare,2,36,beignets,fried calamari,0.9,0.8835402131080627,0,contains,3,Answer: fried calamari | Confidence: 90
A,Qwen/Qwen2-VL-2B-Instruct,fp16,fewshot,glare,2,37,beignets,beignets,0.9,0.9924636483192444,1,exact,3,Answer: beignets | Confidence: 90
A,Qwen/Qwen2-VL-2B-Instruct,fp16,fewshot,glare,2,38,beignets,beignets,0.9,0.988049586613973,1,exact,3,Answer: beignets | Confidence: 90
A,Qwen/Qwen2-VL-2B-Instruct,fp16,fewshot,glare,2,39,beignets,beignets,0.9,0.9935978849728904,1,exact,3,Answer: beignets | Confidence: 90
A,Qwen/Qwen2-VL-2B-Instruct,fp16,fewshot,glare,2,40,beignets,beignets,0.9,0.9486689964930216,1,exact,3,Answer: beignets | Confidence: 90
A,Qwen/Qwen2-VL-2B-Instruct,fp16,fewshot,glare,2,41,beignets,beignets,0.9,0.9919790426890056,1,exact,3,Answer: beignets | Confidence: 90
A,Qwen/Qwen2-VL-2B-Instruct,fp16,fewshot,glare,2,42,beignets,beignets,0.9,0.9868200421333312,1,exact,3,Answer: beignets | Confidence: 90
A,Qwen/Qwen2-VL-2B-Instruct,fp16,fewshot,glare,2,43,beignets,breakfast burrito,0.9,0.8280027210712433,0,contains,3,Answer: breakfast burrito | Confidence: 90
A,Qwen/Qwen2-VL-2B-Instruct,fp16,fewshot,glare,2,44,beignets,beignets,0.9,0.9904364943504332,1,exact,3,Answer: beignets | Confidence: 90
A,Qwen/Qwen2-VL-2B-Instruct,fp16,fewshot,glare,2,45,beignets,beignets,0.9,0.854898472627004,1,exact,3,Answer: beignets | Confidence: 90
A,Qwen/Qwen2-VL-2B-Instruct,fp16,fewshot,glare,2,46,beignets,beignets,0.85,0.9873378078142802,1,exact,3,Answer: beignets | Confidence: 85
A,Qwen/Qwen2-VL-2B-Instruct,fp16,fewshot,glare,2,47,beignets,beignets,0.9,0.9351168076197306,1,exact,3,Answer: beignets | Confidence: 90
A,Qwen/Qwen2-VL-2B-Instruct,fp16,fewshot,glare,2,48,beignets,beignets,0.9,0.995535969734192,1,exact,3,Answer: beignets | Confidence: 90
A,Qwen/Qwen2-VL-2B-Instruct,fp16,fewshot,glare,2,49,beignets,beignets,0.9,0.9931727051734924,1,exact,3,Answer: beignets | Confidence: 90
A,Qwen/Qwen2-VL-2B-Instruct,fp16,fewshot,glare,2,50,beignets,beignets,0.9,0.9965131878852844,1,exact,3,Answer: beignets | Confidence: 90
A,Qwen/Qwen2-VL-2B-Instruct,fp16,fewshot,glare,2,51,beignets,beignets,0.9,0.9917612473169962,1,exact,3,Answer: beignets | Confidence: 90
A,Qwen/Qwen2-VL-2B-Instruct,fp16,fewshot,glare,2,52,beignets,beignets,0.9,0.9878921111424764,1,exact,3,Answer: beignets | Confidence: 90
A,Qwen/Qwen2-VL-2B-Instruct,fp16,fewshot,glare,2,53,beignets,beignets,0.9,0.992128094037374,1,exact,3,Answer: beignets | Confidence: 90
A,Qwen/Qwen2-VL-2B-Instruct,fp16,fewshot,glare,2,54,beignets,beignets,0.9,0.9901829957962036,1,exact,3,Answer: beignets | Confidence: 90
A,Qwen/Qwen2-VL-2B-Instruct,fp16,fewshot,glare,2,55,beignets,beignets,0.9,0.9939948121706644,1,exact,3,Answer: beignets | Confidence: 90
A,Qwen/Qwen2-VL-2B-Instruct,fp16,fewshot,glare,2,56,beignets,beignets,0.9,0.9795629978179932,1,exact,3,Answer: beignets | Confidence: 90
A,Qwen/Qwen2-VL-2B-Instruct,fp16,fewshot,glare,2,57,beignets,fried rice,0.9,0.69173264503479,0,contains,2,Answer: fried rice | Confidence: 90
A,Qwen/Qwen2-VL-2B-Instruct,fp16,fewshot,glare,2,58,beignets,beignets,0.9,0.9680669903755188,1,exact,3,Answer: beignets | Confidence: 90
A,Qwen/Qwen2-VL-2B-Instruct,fp16,fewshot,glare,2,59,beignets,beignets,0.9,0.9444606900215148,1,exact,3,Answer: beignets | Confidence: 90
A,Qwen/Qwen2-VL-2B-Instruct,fp16,fewshot,glare,2,60,beignets,beignets,0.85,0.799504299958547,1,exact,3,Answer: beignets | Confidence: 85
A,Qwen/Qwen2-VL-2B-Instruct,fp16,fewshot,glare,2,61,beignets,beignets,0.9,0.9935832222302756,1,exact,3,Answer: beignets | Confidence: 90
A,Qwen/Qwen2-VL-2B-Instruct,fp16,fewshot,glare,2,62,beignets,beignets,0.9,0.9741063117980956,1,exact,3,Answer: beignets | Confidence: 90
A,Qwen/Qwen2-VL-2B-Instruct,fp16,fewshot,glare,2,63,beignets,beignets,0.9,0.9833596348762512,1,exact,3,Answer: beignets | Confidence: 90
A,Qwen/Qwen2-VL-2B-Instruct,fp16,fewshot,glare,2,64,beignets,beignets,0.9,0.9909079273541768,1,exact,3,Answer: beignets | Confidence: 90
A,Qwen/Qwen2-VL-2B-Instruct,fp16,fewshot,glare,2,65,beignets,beignets,0.9,0.9932478268941244,1,exact,3,Answer: beignets | Confidence: 90
A,Qwen/Qwen2-VL-2B-Instruct,fp16,fewshot,glare,2,66,beignets,beignets,0.9,0.9929076631863912,1,exact,3,Answer: beignets | Confidence: 90
A,Qwen/Qwen2-VL-2B-Instruct,fp16,fewshot,glare,2,67,beignets,beignets,0.9,0.985875884691874,1,exact,3,Answer: beignets | Confidence: 90
A,Qwen/Qwen2-VL-2B-Instruct,fp16,fewshot,glare,2,68,beignets,beignets,0.9,0.9919913013776144,1,exact,3,Answer: beignets | Confidence: 90
A,Qwen/Qwen2-VL-2B-Instruct,fp16,fewshot,glare,2,69,beignets,beignets,0.9,0.994195799032847,1,exact,3,Answer: beignets | Confidence: 90
A,Qwen/Qwen2-VL-2B-Instruct,fp16,fewshot,glare,2,70,beignets,beignets,0.9,0.9828797777493796,1,exact,3,Answer: beignets | Confidence: 90
A,Qwen/Qwen2-VL-2B-Instruct,fp16,fewshot,glare,2,71,beignets,beignets,0.9,0.9953185518582662,1,exact,3,Answer: beignets | Confidence: 90
A,Qwen/Qwen2-VL-2B-Instruct,fp16,fewshot,glare,2,72,beignets,beignets,0.9,0.9774216214815776,1,exact,3,Answer: beignets | Confidence: 90
A,Qwen/Qwen2-VL-2B-Instruct,fp16,fewshot,glare,2,73,beignets,beignets,0.9,0.9915583729743958,1,exact,3,Answer: beignets | Confidence: 90
A,Qwen/Qwen2-VL-2B-Instruct,fp16,fewshot,glare,2,74,beignets,carrot cake,0.9,0.6422794759273529,0,contains,2,Answer: carrot cake | Confidence: 90
A,Qwen/Qwen2-VL-2B-Instruct,fp16,fewshot,glare,2,75,beignets,beignets,0.9,0.977080543835958,1,exact,3,Answer: beignets | Confidence: 90
A,Qwen/Qwen2-VL-2B-Instruct,fp16,fewshot,glare,2,76,beignets,beignets,0.9,0.9926398595174154,1,exact,3,Answer: beignets | Confidence: 90
A,Qwen/Qwen2-VL-2B-Instruct,fp16,fewshot,glare,2,77,beignets,beignets,0.9,0.7454371899366379,1,exact,3,Answer: beignets | Confidence: 90
A,Qwen/Qwen2-VL-2B-Instruct,fp16,fewshot,glare,2,78,beignets,beignets,0.9,0.9900907278060912,1,exact,3,Answer: beignets | Confidence: 90
A,Qwen/Qwen2-VL-2B-Instruct,fp16,fewshot,glare,2,79,beignets,lobster roll sandwich,0.9,0.826392283042272,0,contains,3,Answer: lobster roll sandwich | Confidence: 90
A,Qwen/Qwen2-VL-2B-Instruct,fp16,fewshot,glare,2,80,beignets,beignets,0.9,0.9888134400049844,1,exact,3,Answer: beignets | Confidence: 90
A,Qwen/Qwen2-VL-2B-Instruct,fp16,fewshot,glare,2,81,beignets,beignets,0.9,0.9148863355318704,1,exact,3,Answer: beignets | Confidence: 90
A,Qwen/Qwen2-VL-2B-Instruct,fp16,fewshot,glare,2,82,beignets,beignets,0.9,0.9719936847686768,1,exact,3,Answer: beignets | Confidence: 90
A,Qwen/Qwen2-VL-2B-Instruct,fp16,fewshot,glare,2,83,beignets,beignets,0.9,0.9871421853701272,1,exact,3,Answer: beignets | Confidence: 90
A,Qwen/Qwen2-VL-2B-Instruct,fp16,fewshot,glare,2,84,beignets,beignets,0.9,0.9898691376050314,1,exact,3,Answer: beignets | Confidence: 90
A,Qwen/Qwen2-VL-2B-Instruct,fp16,fewshot,glare,2,85,beignets,beignets,0.9,0.966450015703837,1,exact,3,Answer: beignets | Confidence: 90
A,Qwen/Qwen2-VL-2B-Instruct,fp16,fewshot,glare,2,86,beignets,beignets,0.9,0.9732540051142374,1,exact,3,Answer: beignets | Confidence: 90
A,Qwen/Qwen2-VL-2B-Instruct,fp16,fewshot,glare,2,87,beignets,beignets,0.9,0.9730620582898458,1,exact,3,Answer: beignets | Confidence: 90
A,Qwen/Qwen2-VL-2B-Instruct,fp16,fewshot,glare,2,88,beignets,beignets,0.9,0.8690216739972433,1,exact,3,Answer: beignets | Confidence: 90
A,Qwen/Qwen2-VL-2B-Instruct,fp16,fewshot,glare,2,89,beignets,bread pudding,0.9,0.9323678314685822,0,contains,2,Answer: bread pudding | Confidence: 90
A,Qwen/Qwen2-VL-2B-Instruct,fp16,fewshot,glare,2,90,beignets,beignets,0.9,0.9892245531082152,1,exact,3,Answer: beignets | Confidence: 90
A,Qwen/Qwen2-VL-2B-Instruct,fp16,fewshot,glare,2,91,beignets,beignets,0.85,0.9876302083333334,1,exact,3,Answer: beignets | Confidence: 85
A,Qwen/Qwen2-VL-2B-Instruct,fp16,fewshot,glare,2,92,beignets,beignets,0.9,0.9959364533424376,1,exact,3,Answer: beignets | Confidence: 90
A,Qwen/Qwen2-VL-2B-Instruct,fp16,fewshot,glare,2,93,beignets,beignets,0.85,0.9838124314943948,1,exact,3,Answer: beignets | Confidence: 85
A,Qwen/Qwen2-VL-2B-Instruct,fp16,fewshot,glare,2,94,beignets,beignets,0.9,0.9911017417907716,1,exact,3,Answer: beignets | Confidence: 90
A,Qwen/Qwen2-VL-2B-Instruct,fp16,fewshot,glare,2,95,beignets,beignets,0.9,0.9934078653653464,1,exact,3,Answer: beignets | Confidence: 90
A,Qwen/Qwen2-VL-2B-Instruct,fp16,fewshot,glare,2,96,beignets,beignets,0.9,0.9921064178148904,1,exact,3,Answer: beignets | Confidence: 90
A,Qwen/Qwen2-VL-2B-Instruct,fp16,fewshot,glare,2,97,beignets,cake,0.9,0.3641049265861511,0,nomatch,1,Answer: cake | Confidence: 90
A,Qwen/Qwen2-VL-2B-Instruct,fp16,fewshot,glare,2,98,beignets,beignets,0.9,0.9903398354848226,1,exact,3,Answer: beignets | Confidence: 90
A,Qwen/Qwen2-VL-2B-Instruct,fp16,fewshot,glare,2,99,beignets,beignets,0.9,0.9354113936424256,1,exact,3,Answer: beignets | Confidence: 90
A,Qwen/Qwen2-VL-2B-Instruct,fp16,fewshot,glare,3,0,beignets,beignets,0.8,0.8974061012268066,1,exact,3,Answer: beignets | Confidence: 80
A,Qwen/Qwen2-VL-2B-Instruct,fp16,fewshot,glare,3,1,beignets,gyoza,0.85,0.928019881248474,0,contains,3,Answer: gyoza | Confidence: 85
A,Qwen/Qwen2-VL-2B-Instruct,fp16,fewshot,glare,3,2,beignets,pizza,0.85,0.2556278109550476,0,nomatch,1,Answer: pizza | Confidence: 85
A,Qwen/Qwen2-VL-2B-Instruct,fp16,fewshot,glare,3,3,beignets,pizza,0.9,0.4466370642185211,0,nomatch,1,Answer: pizza | Confidence: 90
A,Qwen/Qwen2-VL-2B-Instruct,fp16,fewshot,glare,3,4,beignets,beignets,0.9,0.9966387947400412,1,exact,3,Answer: beignets | Confidence: 90
A,Qwen/Qwen2-VL-2B-Instruct,fp16,fewshot,glare,3,5,beignets,beignets,0.8,0.9851877291997274,1,exact,3,Answer: beignets | Confidence: 80
A,Qwen/Qwen2-VL-2B-Instruct,fp16,fewshot,glare,3,6,beignets,beignets,0.9,0.9770272374153136,1,exact,3,Answer: beignets | Confidence: 90
A,Qwen/Qwen2-VL-2B-Instruct,fp16,fewshot,glare,3,7,beignets,beignets,0.9,0.9918005466461182,1,exact,3,Answer: beignets | Confidence: 90
A,Qwen/Qwen2-VL-2B-Instruct,fp16,fewshot,glare,3,8,beignets,fried calamari,0.85,0.9577895402908324,0,contains,3,Answer: fried calamari | Confidence: 85
A,Qwen/Qwen2-VL-2B-Instruct,fp16,fewshot,glare,3,9,beignets,beignets,0.9,0.989954948425293,1,exact,3,Answer: beignets | Confidence: 90
A,Qwen/Qwen2-VL-2B-Instruct,fp16,fewshot,glare,3,10,beignets,beignets,0.9,0.994558294614156,1,exact,3,Answer: beignets | Confidence: 90
A,Qwen/Qwen2-VL-2B-Instruct,fp16,fewshot,glare,3,11,beignets,beignets,0.9,0.9938963651657104,1,exact,3,Answer: beignets | Confidence: 90
A,Qwen/Qwen2-VL-2B-Instruct,fp16,fewshot,glare,3,12,beignets,beignets,0.9,0.7732252379258474,1,exact,3,Answer: beignets | Confidence: 90
A,Qwen/Qwen2-VL-2B-Instruct,fp16,fewshot,glare,3,13,beignets,beignets,0.9,0.9557583729426066,1,exact,3,Answer: beignets | Confidence: 90
A,Qwen/Qwen2-VL-2B-Instruct,fp16,fewshot,glare,3,14,beignets,beignets,0.9,0.9966262976328532,1,exact,3,Answer: beignets | Confidence: 90
A,Qwen/Qwen2-VL-2B-Instruct,fp16,fewshot,glare,3,15,beignets,beignets,0.85,0.9513386686642964,1,exact,3,Answer: beignets | Confidence: 85
A,Qwen/Qwen2-VL-2B-Instruct,fp16,fewshot,glare,3,16,beignets,beignets,0.9,0.9761718114217124,1,exact,3,Answer: beignets | Confidence: 90
A,Qwen/Qwen2-VL-2B-Instruct,fp16,fewshot,glare,3,17,beignets,donuts,0.9,0.9075008630752563,0,contains,2,Answer: donuts | Confidence: 90
A,Qwen/Qwen2-VL-2B-Instruct,fp16,fewshot,glare,3,18,beignets,miso soup,0.9,0.7574799954891205,0,contains,3,Answer: miso soup | Confidence: 90
A,Qwen/Qwen2-VL-2B-Instruct,fp16,fewshot,glare,3,19,beignets,beignets,0.9,0.9926724433898926,1,exact,3,Answer: beignets | Confidence: 90
A,Qwen/Qwen2-VL-2B-Instruct,fp16,fewshot,glare,3,20,beignets,beignets,0.9,0.9950734376907348,1,exact,3,Answer: beignets | Confidence: 90
A,Qwen/Qwen2-VL-2B-Instruct,fp16,fewshot,glare,3,21,beignets,fried calamari,0.8,0.80174720287323,0,contains,3,Answer: fried calamari | Confidence: 80
A,Qwen/Qwen2-VL-2B-Instruct,fp16,fewshot,glare,3,22,beignets,beignets,0.9,0.7923188110192617,1,exact,3,Answer: beignets | Confidence: 90
A,Qwen/Qwen2-VL-2B-Instruct,fp16,fewshot,glare,3,23,beignets,beignets,0.9,0.9773057500521342,1,exact,3,Answer: beignets | Confidence: 90
A,Qwen/Qwen2-VL-2B-Instruct,fp16,fewshot,glare,3,24,beignets,beignets,0.9,0.9805602431297302,1,exact,3,Answer: beignets | Confidence: 90
A,Qwen/Qwen2-VL-2B-Instruct,fp16,fewshot,glare,3,25,beignets,beignets,0.9,0.9939620494842528,1,exact,3,Answer: beignets | Confidence: 90
A,Qwen/Qwen2-VL-2B-Instruct,fp16,fewshot,glare,3,26,beignets,pizza,0.85,0.3535952568054199,0,nomatch,1,Answer: pizza | Confidence: 85
A,Qwen/Qwen2-VL-2B-Instruct,fp16,fewshot,glare,3,27,beignets,beignets,0.9,0.9917188286781312,1,exact,3,Answer: beignets | Confidence: 90
A,Qwen/Qwen2-VL-2B-Instruct,fp16,fewshot,glare,3,28,beignets,beignets,0.9,0.976049224535624,1,exact,3,Answer: beignets | Confidence: 90
A,Qwen/Qwen2-VL-2B-Instruct,fp16,fewshot,glare,3,29,beignets,beignets,0.9,0.993363916873932,1,exact,3,Answer: beignets | Confidence: 90
A,Qwen/Qwen2-VL-2B-Instruct,fp16,fewshot,glare,3,30,beignets,beignets,0.9,0.99261873960495,1,exact,3,Answer: beignets | Confidence: 90
A,Qwen/Qwen2-VL-2B-Instruct,fp16,fewshot,glare,3,31,beignets,creme brulee,0.9,0.9896316647529602,0,contains,5,Answer: creme brulee | Confidence: 90
A,Qwen/Qwen2-VL-2B-Instruct,fp16,fewshot,glare,3,32,beignets,beignets,0.9,0.9607913096745808,1,exact,3,Answer: beignets | Confidence: 90
A,Qwen/Qwen2-VL-2B-Instruct,fp16,fewshot,glare,3,33,beignets,beignets,0.9,0.9955044388771056,1,exact,3,Answer: beignets | Confidence: 90
A,Qwen/Qwen2-VL-2B-Instruct,fp16,fewshot,glare,3,34,beignets,beignets,0.9,0.9825196862220764,1,exact,3,Answer: beignets | Confidence: 90
A,Qwen/Qwen2-VL-2B-Instruct,fp16,fewshot,glare,3,35,beignets,pancakes,0.9,0.2789609134197235,0,contains,1,Answer: pancakes | Confidence: 90
A,Qwen/Qwen2-VL-2B-Instruct,fp16,fewshot,glare,3,36,beignets,fried calamari,0.9,0.9605820775032043,0,contains,3,Answer: fried calamari | Confidence: 90
A,Qwen/Qwen2-VL-2B-Instruct,fp16,fewshot,glare,3,37,beignets,beignets,0.9,0.9923173983891804,1,exact,3,Answer: beignets | Confidence: 90
A,Qwen/Qwen2-VL-2B-Instruct,fp16,fewshot,glare,3,38,beignets,beignets,0.9,0.9853200117746987,1,exact,3,Answer: beignets | Confidence: 90
A,Qwen/Qwen2-VL-2B-Instruct,fp16,fewshot,glare,3,39,beignets,beignets,0.9,0.9783604145050048,1,exact,3,Answer: beignets | Confidence: 90
A,Qwen/Qwen2-VL-2B-Instruct,fp16,fewshot,glare,3,40,beignets,fried calamari,0.9,0.9428101778030396,0,contains,3,Answer: fried calamari | Confidence: 90
A,Qwen/Qwen2-VL-2B-Instruct,fp16,fewshot,glare,3,41,beignets,beignets,0.9,0.9921676516532898,1,exact,3,Answer: beignets | Confidence: 90
A,Qwen/Qwen2-VL-2B-Instruct,fp16,fewshot,glare,3,42,beignets,beignets,0.9,0.9744882583618164,1,exact,3,Answer: beignets | Confidence: 90
A,Qwen/Qwen2-VL-2B-Instruct,fp16,fewshot,glare,3,43,beignets,breakfast burrito,0.9,0.761785626411438,0,contains,3,Answer: breakfast burrito | Confidence: 90
A,Qwen/Qwen2-VL-2B-Instruct,fp16,fewshot,glare,3,44,beignets,beignets,0.9,0.9871940811475118,1,exact,3,Answer: beignets | Confidence: 90
A,Qwen/Qwen2-VL-2B-Instruct,fp16,fewshot,glare,3,45,beignets,french toast,0.9,0.9123761653900146,0,contains,2,Answer: french toast | Confidence: 90
A,Qwen/Qwen2-VL-2B-Instruct,fp16,fewshot,glare,3,46,beignets,beignets,0.85,0.9861398935317992,1,exact,3,Answer: beignets | Confidence: 85
A,Qwen/Qwen2-VL-2B-Instruct,fp16,fewshot,glare,3,47,beignets,beignets,0.9,0.9621232748031616,1,exact,3,Answer: beignets | Confidence: 90
A,Qwen/Qwen2-VL-2B-Instruct,fp16,fewshot,glare,3,48,beignets,beignets,0.9,0.995243807633718,1,exact,3,Answer: beignets | Confidence: 90
A,Qwen/Qwen2-VL-2B-Instruct,fp16,fewshot,glare,3,49,beignets,poutine,0.9,0.7451796382665634,0,contains,2,Answer: poutine | Confidence: 90
A,Qwen/Qwen2-VL-2B-Instruct,fp16,fewshot,glare,3,50,beignets,beignets,0.9,0.9952216347058614,1,exact,3,Answer: beignets | Confidence: 90
A,Qwen/Qwen2-VL-2B-Instruct,fp16,fewshot,glare,3,51,beignets,beignets,0.9,0.9300684928894044,1,exact,3,Answer: beignets | Confidence: 90
A,Qwen/Qwen2-VL-2B-Instruct,fp16,fewshot,glare,3,52,beignets,beignets,0.9,0.993191123008728,1,exact,3,Answer: beignets | Confidence: 90
A,Qwen/Qwen2-VL-2B-Instruct,fp16,fewshot,glare,3,53,beignets,beignets,0.9,0.986255427201589,1,exact,3,Answer: beignets | Confidence: 90
A,Qwen/Qwen2-VL-2B-Instruct,fp16,fewshot,glare,3,54,beignets,beignets,0.9,0.9903704126675924,1,exact,3,Answer: beignets | Confidence: 90
A,Qwen/Qwen2-VL-2B-Instruct,fp16,fewshot,glare,3,55,beignets,beignets,0.9,0.9633086323738098,1,exact,3,Answer: beignets | Confidence: 90
A,Qwen/Qwen2-VL-2B-Instruct,fp16,fewshot,glare,3,56,beignets,pizza,0.9,0.6974753737449646,0,contains,1,Answer: pizza | Confidence: 90
A,Qwen/Qwen2-VL-2B-Instruct,fp16,fewshot,glare,3,57,beignets,beignets,0.8,0.8226981461048126,1,exact,3,Answer: beignets | Confidence: 80
A,Qwen/Qwen2-VL-2B-Instruct,fp16,fewshot,glare,3,58,beignets,beignets,0.9,0.8000212907791138,1,exact,3,Answer: beignets | Confidence: 90
A,Qwen/Qwen2-VL-2B-Instruct,fp16,fewshot,glare,3,59,beignets,gnocchi,0.9,0.769161452849706,0,contains,3,Answer: gnocchi | Confidence: 90
A,Qwen/Qwen2-VL-2B-Instruct,fp16,fewshot,glare,3,60,beignets,beignets,0.85,0.7911850214004517,1,exact,3,Answer: beignets | Confidence: 85
A,Qwen/Qwen2-VL-2B-Instruct,fp16,fewshot,glare,3,61,beignets,beignets,0.9,0.9931649367014568,1,exact,3,Answer: beignets | Confidence: 90
A,Qwen/Qwen2-VL-2B-Instruct,fp16,fewshot,glare,3,62,beignets,beignets,0.9,0.974733571211497,1,exact,3,Answer: beignets | Confidence: 90
A,Qwen/Qwen2-VL-2B-Instruct,fp16,fewshot,glare,3,63,beignets,beignets,0.9,0.982330560684204,1,exact,3,Answer: beignets | Confidence: 90
A,Qwen/Qwen2-VL-2B-Instruct,fp16,fewshot,glare,3,64,beignets,beignets,0.9,0.9774694840113322,1,exact,3,Answer: beignets | Confidence: 90
A,Qwen/Qwen2-VL-2B-Instruct,fp16,fewshot,glare,3,65,beignets,beignets,0.9,0.996139387289683,1,exact,3,Answer: beignets | Confidence: 90
A,Qwen/Qwen2-VL-2B-Instruct,fp16,fewshot,glare,3,66,beignets,beignets,0.9,0.9930264949798584,1,exact,3,Answer: beignets | Confidence: 90
A,Qwen/Qwen2-VL-2B-Instruct,fp16,fewshot,glare,3,67,beignets,pizza,0.85,0.3595543205738067,0,nomatch,1,Answer: pizza | Confidence: 85
A,Qwen/Qwen2-VL-2B-Instruct,fp16,fewshot,glare,3,68,beignets,beignets,0.9,0.994195560614268,1,exact,3,Answer: beignets | Confidence: 90
A,Qwen/Qwen2-VL-2B-Instruct,fp16,fewshot,glare,3,69,beignets,beignets,0.85,0.9929518103599548,1,exact,3,Answer: beignets | Confidence: 85
A,Qwen/Qwen2-VL-2B-Instruct,fp16,fewshot,glare,3,70,beignets,beignets,0.9,0.9850892424583436,1,exact,3,Answer: beignets | Confidence: 90
A,Qwen/Qwen2-VL-2B-Instruct,fp16,fewshot,glare,3,71,beignets,beignets,0.9,0.995951275030772,1,exact,3,Answer: beignets | Confidence: 90
A,Qwen/Qwen2-VL-2B-Instruct,fp16,fewshot,glare,3,72,beignets,beignets,0.9,0.9779163002967834,1,exact,3,Answer: beignets | Confidence: 90
A,Qwen/Qwen2-VL-2B-Instruct,fp16,fewshot,glare,3,73,beignets,beignets,0.9,0.9917595982551576,1,exact,3,Answer: beignets | Confidence: 90
A,Qwen/Qwen2-VL-2B-Instruct,fp16,fewshot,glare,3,74,beignets,beignets,0.9,0.7696236173311869,1,exact,3,Answer: beignets | Confidence: 90
A,Qwen/Qwen2-VL-2B-Instruct,fp16,fewshot,glare,3,75,beignets,hot dog,0.9,0.7256371229887009,0,contains,2,Answer: hot dog | Confidence: 90
A,Qwen/Qwen2-VL-2B-Instruct,fp16,fewshot,glare,3,76,beignets,beignets,0.9,0.9874170621236166,1,exact,3,Answer: beignets | Confidence: 90
A,Qwen/Qwen2-VL-2B-Instruct,fp16,fewshot,glare,3,77,beignets,spaghetti carbonara,0.9,0.7840883433818817,0,contains,3,Answer: spaghetti carbonara | Confidence: 90
A,Qwen/Qwen2-VL-2B-Instruct,fp16,fewshot,glare,3,78,beignets,onion rings,0.9,0.6517317444086075,0,contains,2,Answer: onion rings | Confidence: 90
A,Qwen/Qwen2-VL-2B-Instruct,fp16,fewshot,glare,3,79,beignets,lobster roll sandwich,0.9,0.8488327066103617,0,contains,3,Answer: lobster roll sandwich | Confidence: 90
A,Qwen/Qwen2-VL-2B-Instruct,fp16,fewshot,glare,3,80,beignets,beignets,0.9,0.993064264456431,1,exact,3,Answer: beignets | Confidence: 90
A,Qwen/Qwen2-VL-2B-Instruct,fp16,fewshot,glare,3,81,beignets,beignets,0.9,0.9392392039299012,1,exact,3,Answer: beignets | Confidence: 90
A,Qwen/Qwen2-VL-2B-Instruct,fp16,fewshot,glare,3,82,beignets,beignets,0.9,0.9604947566986084,1,exact,3,Answer: beignets | Confidence: 90
A,Qwen/Qwen2-VL-2B-Instruct,fp16,fewshot,glare,3,83,beignets,beignets,0.9,0.9900492827097574,1,exact,3,Answer: beignets | Confidence: 90
A,Qwen/Qwen2-VL-2B-Instruct,fp16,fewshot,glare,3,84,beignets,beignets,0.9,0.9751224120457967,1,exact,3,Answer: beignets | Confidence: 90
A,Qwen/Qwen2-VL-2B-Instruct,fp16,fewshot,glare,3,85,beignets,pizza,0.9,0.5540574193000793,0,contains,1,Answer: pizza | Confidence: 90
A,Qwen/Qwen2-VL-2B-Instruct,fp16,fewshot,glare,3,86,beignets,beignets,0.9,0.9808999101320902,1,exact,3,Answer: beignets | Confidence: 90
A,Qwen/Qwen2-VL-2B-Instruct,fp16,fewshot,glare,3,87,beignets,beignets,0.9,0.9720101157824198,1,exact,3,Answer: beignets | Confidence: 90
A,Qwen/Qwen2-VL-2B-Instruct,fp16,fewshot,glare,3,88,beignets,bread pudding,0.9,0.711144283413887,0,contains,2,Answer: bread pudding | Confidence: 90
A,Qwen/Qwen2-VL-2B-Instruct,fp16,fewshot,glare,3,89,beignets,bread pudding,0.9,0.9616405963897704,0,contains,2,Answer: bread pudding | Confidence: 90
A,Qwen/Qwen2-VL-2B-Instruct,fp16,fewshot,glare,3,90,beignets,beignets,0.9,0.9895046154658,1,exact,3,Answer: beignets | Confidence: 90
A,Qwen/Qwen2-VL-2B-Instruct,fp16,fewshot,glare,3,91,beignets,beignets,0.9,0.9901186029116312,1,exact,3,Answer: beignets | Confidence: 90
A,Qwen/Qwen2-VL-2B-Instruct,fp16,fewshot,glare,3,92,beignets,lobster roll sandwich,0.9,0.988441546758016,0,contains,3,Answer: lobster roll sandwich | Confidence: 90
A,Qwen/Qwen2-VL-2B-Instruct,fp16,fewshot,glare,3,93,beignets,beignets,0.85,0.9844128489494324,1,exact,3,Answer: beignets | Confidence: 85
A,Qwen/Qwen2-VL-2B-Instruct,fp16,fewshot,glare,3,94,beignets,beignets,0.9,0.9919823010762532,1,exact,3,Answer: beignets | Confidence: 90
A,Qwen/Qwen2-VL-2B-Instruct,fp16,fewshot,glare,3,95,beignets,beignets,0.9,0.9912857015927632,1,exact,3,Answer: beignets | Confidence: 90
A,Qwen/Qwen2-VL-2B-Instruct,fp16,fewshot,glare,3,96,beignets,beignets,0.9,0.9919276436169944,1,exact,3,Answer: beignets | Confidence: 90
A,Qwen/Qwen2-VL-2B-Instruct,fp16,fewshot,glare,3,97,beignets,cake,0.9,0.4908795952796936,0,nomatch,1,Answer: cake | Confidence: 90
A,Qwen/Qwen2-VL-2B-Instruct,fp16,fewshot,glare,3,98,beignets,beignets,0.9,0.98630024989446,1,exact,3,Answer: beignets | Confidence: 90
A,Qwen/Qwen2-VL-2B-Instruct,fp16,fewshot,glare,3,99,beignets,ramen,0.9,0.6522225439548492,0,contains,2,Answer: ramen | Confidence: 90
A,Qwen/Qwen2-VL-2B-Instruct,fp16,fewshot,jpeg,1,0,beignets,beignets,0.9,0.991229792435964,1,exact,3,Answer: beignets | Confidence: 90
A,Qwen/Qwen2-VL-2B-Instruct,fp16,fewshot,jpeg,1,1,beignets,beignets,0.9,0.918311615784963,1,exact,3,Answer: beignets | Confidence: 90
A,Qwen/Qwen2-VL-2B-Instruct,fp16,fewshot,jpeg,1,2,beignets,beignets,0.9,0.9907102187474568,1,exact,3,Answer: beignets | Confidence: 90
A,Qwen/Qwen2-VL-2B-Instruct,fp16,fewshot,jpeg,1,3,beignets,beignets,0.9,0.9916774233182272,1,exact,3,Answer: beignets | Confidence: 90
A,Qwen/Qwen2-VL-2B-Instruct,fp16,fewshot,jpeg,1,4,beignets,beignets,0.9,0.9958800077438354,1,exact,3,Answer: beignets | Confidence: 90
A,Qwen/Qwen2-VL-2B-Instruct,fp16,fewshot,jpeg,1,5,beignets,beignets,0.9,0.9930407603581748,1,exact,3,Answer: beignets | Confidence: 90
A,Qwen/Qwen2-VL-2B-Instruct,fp16,fewshot,jpeg,1,6,beignets,beignets,0.9,0.9852118293444316,1,exact,3,Answer: beignets | Confidence: 90
A,Qwen/Qwen2-VL-2B-Instruct,fp16,fewshot,jpeg,1,7,beignets,beignets,0.9,0.991907000541687,1,exact,3,Answer: beignets | Confidence: 90
A,Qwen/Qwen2-VL-2B-Instruct,fp16,fewshot,jpeg,1,8,beignets,fried calamari,0.85,0.9220024545987447,0,contains,3,Answer: fried calamari | Confidence: 85
A,Qwen/Qwen2-VL-2B-Instruct,fp16,fewshot,jpeg,1,9,beignets,beignets,0.9,0.9886598785718282,1,exact,3,Answer: beignets | Confidence: 90
A,Qwen/Qwen2-VL-2B-Instruct,fp16,fewshot,jpeg,1,10,beignets,beignets,0.9,0.9938008983929952,1,exact,3,Answer: beignets | Confidence: 90
A,Qwen/Qwen2-VL-2B-Instruct,fp16,fewshot,jpeg,1,11,beignets,beignets,0.9,0.9909729162851968,1,exact,3,Answer: beignets | Confidence: 90
A,Qwen/Qwen2-VL-2B-Instruct,fp16,fewshot,jpeg,1,12,beignets,beignets,0.9,0.979487160841624,1,exact,3,Answer: beignets | Confidence: 90
A,Qwen/Qwen2-VL-2B-Instruct,fp16,fewshot,jpeg,1,13,beignets,beignets,0.9,0.9937862157821656,1,exact,3,Answer: beignets | Confidence: 90
A,Qwen/Qwen2-VL-2B-Instruct,fp16,fewshot,jpeg,1,14,beignets,beignets,0.9,0.991956671079,1,exact,3,Answer: beignets | Confidence: 90
A,Qwen/Qwen2-VL-2B-Instruct,fp16,fewshot,jpeg,1,15,beignets,beignets,0.9,0.9934359192848206,1,exact,3,Answer: beignets | Confidence: 90
A,Qwen/Qwen2-VL-2B-Instruct,fp16,fewshot,jpeg,1,16,beignets,beignets,0.9,0.990545928478241,1,exact,3,Answer: beignets | Confidence: 90
A,Qwen/Qwen2-VL-2B-Instruct,fp16,fewshot,jpeg,1,17,beignets,beignets,0.9,0.9924357136090596,1,exact,3,Answer: beignets | Confidence: 90
A,Qwen/Qwen2-VL-2B-Instruct,fp16,fewshot,jpeg,1,18,beignets,beignets,0.9,0.9939724802970886,1,exact,3,Answer: beignets | Confidence: 90
A,Qwen/Qwen2-VL-2B-Instruct,fp16,fewshot,jpeg,1,19,beignets,beignets,0.85,0.9513132572174072,1,exact,3,Answer: beignets | Confidence: 85
A,Qwen/Qwen2-VL-2B-Instruct,fp16,fewshot,jpeg,1,20,beignets,beignets,0.9,0.9946903586387634,1,exact,3,Answer: beignets | Confidence: 90
A,Qwen/Qwen2-VL-2B-Instruct,fp16,fewshot,jpeg,1,21,beignets,beignets,0.9,0.929245392481486,1,exact,3,Answer: beignets | Confidence: 90
A,Qwen/Qwen2-VL-2B-Instruct,fp16,fewshot,jpeg,1,22,beignets,beignets,0.9,0.9893659750620524,1,exact,3,Answer: beignets | Confidence: 90
A,Qwen/Qwen2-VL-2B-Instruct,fp16,fewshot,jpeg,1,23,beignets,beignets,0.9,0.987846871217092,1,exact,3,Answer: beignets | Confidence: 90
A,Qwen/Qwen2-VL-2B-Instruct,fp16,fewshot,jpeg,1,24,beignets,beignets,0.9,0.9912270506223044,1,exact,3,Answer: beignets | Confidence: 90
A,Qwen/Qwen2-VL-2B-Instruct,fp16,fewshot,jpeg,1,25,beignets,beignets,0.9,0.988787273565928,1,exact,3,Answer: beignets | Confidence: 90
A,Qwen/Qwen2-VL-2B-Instruct,fp16,fewshot,jpeg,1,26,beignets,beignets,0.9,0.99208535750707,1,exact,3,Answer: beignets | Confidence: 90
A,Qwen/Qwen2-VL-2B-Instruct,fp16,fewshot,jpeg,1,27,beignets,beignets,0.9,0.9925620555877686,1,exact,3,Answer: beignets | Confidence: 90
A,Qwen/Qwen2-VL-2B-Instruct,fp16,fewshot,jpeg,1,28,beignets,beignets,0.9,0.9820713996887208,1,exact,3,Answer: beignets | Confidence: 90
A,Qwen/Qwen2-VL-2B-Instruct,fp16,fewshot,jpeg,1,29,beignets,beignets,0.9,0.9918120503425598,1,exact,3,Answer: beignets | Confidence: 90
A,Qwen/Qwen2-VL-2B-Instruct,fp16,fewshot,jpeg,1,30,beignets,beignets,0.85,0.9910968542099,1,exact,3,Answer: beignets | Confidence: 85
A,Qwen/Qwen2-VL-2B-Instruct,fp16,fewshot,jpeg,1,31,beignets,beignets,0.9,0.9855459133783976,1,exact,3,Answer: beignets | Confidence: 90
A,Qwen/Qwen2-VL-2B-Instruct,fp16,fewshot,jpeg,1,32,beignets,beignets,0.9,0.9921170671780905,1,exact,3,Answer: beignets | Confidence: 90
A,Qwen/Qwen2-VL-2B-Instruct,fp16,fewshot,jpeg,1,33,beignets,beignets,0.9,0.9960444172223408,1,exact,3,Answer: beignets | Confidence: 90
A,Qwen/Qwen2-VL-2B-Instruct,fp16,fewshot,jpeg,1,34,beignets,beignets,0.9,0.9877865314483644,1,exact,3,Answer: beignets | Confidence: 90
A,Qwen/Qwen2-VL-2B-Instruct,fp16,fewshot,jpeg,1,35,beignets,beignets,0.9,0.9795821905136108,1,exact,3,Answer: beignets | Confidence: 90
A,Qwen/Qwen2-VL-2B-Instruct,fp16,fewshot,jpeg,1,36,beignets,beignets,0.9,0.9891934990882874,1,exact,3,Answer: beignets | Confidence: 90
A,Qwen/Qwen2-VL-2B-Instruct,fp16,fewshot,jpeg,1,37,beignets,beignets,0.9,0.9931156635284424,1,exact,3,Answer: beignets | Confidence: 90
A,Qwen/Qwen2-VL-2B-Instruct,fp16,fewshot,jpeg,1,38,beignets,beignets,0.9,0.9896645943323772,1,exact,3,Answer: beignets | Confidence: 90
A,Qwen/Qwen2-VL-2B-Instruct,fp16,fewshot,jpeg,1,39,beignets,beignets,0.9,0.9949092467625936,1,exact,3,Answer: beignets | Confidence: 90
A,Qwen/Qwen2-VL-2B-Instruct,fp16,fewshot,jpeg,1,40,beignets,beignets,0.9,0.9838551878929138,1,exact,3,Answer: beignets | Confidence: 90
A,Qwen/Qwen2-VL-2B-Instruct,fp16,fewshot,jpeg,1,41,beignets,beignets,0.9,0.986234168211619,1,exact,3,Answer: beignets | Confidence: 90
A,Qwen/Qwen2-VL-2B-Instruct,fp16,fewshot,jpeg,1,42,beignets,beignets,0.9,0.9906180302302042,1,exact,3,Answer: beignets | Confidence: 90
A,Qwen/Qwen2-VL-2B-Instruct,fp16,fewshot,jpeg,1,43,beignets,beignets,0.9,0.9850924611091614,1,exact,3,Answer: beignets | Confidence: 90
A,Qwen/Qwen2-VL-2B-Instruct,fp16,fewshot,jpeg,1,44,beignets,beignets,0.9,0.988215704758962,1,exact,3,Answer: beignets | Confidence: 90
A,Qwen/Qwen2-VL-2B-Instruct,fp16,fewshot,jpeg,1,45,beignets,beignets,0.9,0.8573611776034037,1,exact,3,Answer: beignets | Confidence: 90
A,Qwen/Qwen2-VL-2B-Instruct,fp16,fewshot,jpeg,1,46,beignets,beignets,0.9,0.9918027917544048,1,exact,3,Answer: beignets | Confidence: 90
A,Qwen/Qwen2-VL-2B-Instruct,fp16,fewshot,jpeg,1,47,beignets,beignets,0.9,0.9505871335665383,1,exact,3,Answer: beignets | Confidence: 90
A,Qwen/Qwen2-VL-2B-Instruct,fp16,fewshot,jpeg,1,48,beignets,beignets,0.9,0.9924450318018596,1,exact,3,Answer: beignets | Confidence: 90
A,Qwen/Qwen2-VL-2B-Instruct,fp16,fewshot,jpeg,1,49,beignets,beignets,0.9,0.993061582247416,1,exact,3,Answer: beignets | Confidence: 90
A,Qwen/Qwen2-VL-2B-Instruct,fp16,fewshot,jpeg,1,50,beignets,beignets,0.9,0.9963432947794596,1,exact,3,Answer: beignets | Confidence: 90
A,Qwen/Qwen2-VL-2B-Instruct,fp16,fewshot,jpeg,1,51,beignets,beignets,0.9,0.9924840132395426,1,exact,3,Answer: beignets | Confidence: 90
A,Qwen/Qwen2-VL-2B-Instruct,fp16,fewshot,jpeg,1,52,beignets,beignets,0.9,0.990960935751597,1,exact,3,Answer: beignets | Confidence: 90
A,Qwen/Qwen2-VL-2B-Instruct,fp16,fewshot,jpeg,1,53,beignets,beignets,0.9,0.9898636341094972,1,exact,3,Answer: beignets | Confidence: 90
A,Qwen/Qwen2-VL-2B-Instruct,fp16,fewshot,jpeg,1,54,beignets,beignets,0.9,0.9927485187848408,1,exact,3,Answer: beignets | Confidence: 90
A,Qwen/Qwen2-VL-2B-Instruct,fp16,fewshot,jpeg,1,55,beignets,beignets,0.9,0.9935479958852133,1,exact,3,Answer: beignets | Confidence: 90
A,Qwen/Qwen2-VL-2B-Instruct,fp16,fewshot,jpeg,1,56,beignets,beignets,0.9,0.914982259273529,1,exact,3,Answer: beignets | Confidence: 90
A,Qwen/Qwen2-VL-2B-Instruct,fp16,fewshot,jpeg,1,57,beignets,beignets,0.9,0.9480645259221396,1,exact,3,Answer: beignets | Confidence: 90
A,Qwen/Qwen2-VL-2B-Instruct,fp16,fewshot,jpeg,1,58,beignets,beignets,0.9,0.9881885449091592,1,exact,3,Answer: beignets | Confidence: 90
A,Qwen/Qwen2-VL-2B-Instruct,fp16,fewshot,jpeg,1,59,beignets,beignets,0.9,0.9942177931467692,1,exact,3,Answer: beignets | Confidence: 90
A,Qwen/Qwen2-VL-2B-Instruct,fp16,fewshot,jpeg,1,60,beignets,beignets,0.9,0.9871519804000854,1,exact,3,Answer: beignets | Confidence: 90
A,Qwen/Qwen2-VL-2B-Instruct,fp16,fewshot,jpeg,1,61,beignets,beignets,0.9,0.9955050746599832,1,exact,3,Answer: beignets | Confidence: 90
A,Qwen/Qwen2-VL-2B-Instruct,fp16,fewshot,jpeg,1,62,beignets,beignets,0.9,0.9710504412651062,1,exact,3,Answer: beignets | Confidence: 90
A,Qwen/Qwen2-VL-2B-Instruct,fp16,fewshot,jpeg,1,63,beignets,beignets,0.9,0.9835562705993652,1,exact,3,Answer: beignets | Confidence: 90
A,Qwen/Qwen2-VL-2B-Instruct,fp16,fewshot,jpeg,1,64,beignets,beignets,0.9,0.9934153159459432,1,exact,3,Answer: beignets | Confidence: 90
A,Qwen/Qwen2-VL-2B-Instruct,fp16,fewshot,jpeg,1,65,beignets,beignets,0.9,0.9940500855445862,1,exact,3,Answer: beignets | Confidence: 90
A,Qwen/Qwen2-VL-2B-Instruct,fp16,fewshot,jpeg,1,66,beignets,beignets,0.9,0.994506061077118,1,exact,3,Answer: beignets | Confidence: 90
A,Qwen/Qwen2-VL-2B-Instruct,fp16,fewshot,jpeg,1,67,beignets,beignets,0.9,0.9945480426152548,1,exact,3,Answer: beignets | Confidence: 90
A,Qwen/Qwen2-VL-2B-Instruct,fp16,fewshot,jpeg,1,68,beignets,beignets,0.9,0.9833835562070212,1,exact,3,Answer: beignets | Confidence: 90
A,Qwen/Qwen2-VL-2B-Instruct,fp16,fewshot,jpeg,1,69,beignets,beignets,0.9,0.9916401306788126,1,exact,3,Answer: beignets | Confidence: 90
A,Qwen/Qwen2-VL-2B-Instruct,fp16,fewshot,jpeg,1,70,beignets,beignets,0.9,0.981473426024119,1,exact,3,Answer: beignets | Confidence: 90
A,Qwen/Qwen2-VL-2B-Instruct,fp16,fewshot,jpeg,1,71,beignets,beignets,0.9,0.9937510291735332,1,exact,3,Answer: beignets | Confidence: 90
A,Qwen/Qwen2-VL-2B-Instruct,fp16,fewshot,jpeg,1,72,beignets,beignets,0.9,0.9765474597613016,1,exact,3,Answer: beignets | Confidence: 90
A,Qwen/Qwen2-VL-2B-Instruct,fp16,fewshot,jpeg,1,73,beignets,beignets,0.9,0.9891135493914286,1,exact,3,Answer: beignets | Confidence: 90
A,Qwen/Qwen2-VL-2B-Instruct,fp16,fewshot,jpeg,1,74,beignets,beignets,0.9,0.9856762687365214,1,exact,3,Answer: beignets | Confidence: 90
A,Qwen/Qwen2-VL-2B-Instruct,fp16,fewshot,jpeg,1,75,beignets,beignets,0.9,0.9954847296079,1,exact,3,Answer: beignets | Confidence: 90
A,Qwen/Qwen2-VL-2B-Instruct,fp16,fewshot,jpeg,1,76,beignets,beignets,0.9,0.9862796465555826,1,exact,3,Answer: beignets | Confidence: 90
A,Qwen/Qwen2-VL-2B-Instruct,fp16,fewshot,jpeg,1,77,beignets,beignets,0.9,0.9937219619750975,1,exact,3,Answer: beignets | Confidence: 90
A,Qwen/Qwen2-VL-2B-Instruct,fp16,fewshot,jpeg,1,78,beignets,beignets,0.9,0.9907820224761964,1,exact,3,Answer: beignets | Confidence: 90
A,Qwen/Qwen2-VL-2B-Instruct,fp16,fewshot,jpeg,1,79,beignets,beignets,0.9,0.9916442235310872,1,exact,3,Answer: beignets | Confidence: 90
A,Qwen/Qwen2-VL-2B-Instruct,fp16,fewshot,jpeg,1,80,beignets,beignets,0.9,0.9910393158594768,1,exact,3,Answer: beignets | Confidence: 90
A,Qwen/Qwen2-VL-2B-Instruct,fp16,fewshot,jpeg,1,81,beignets,beignets,0.9,0.9584628343582152,1,exact,3,Answer: beignets | Confidence: 90
A,Qwen/Qwen2-VL-2B-Instruct,fp16,fewshot,jpeg,1,82,beignets,beignets,0.9,0.9782998959223428,1,exact,3,Answer: beignets | Confidence: 90
A,Qwen/Qwen2-VL-2B-Instruct,fp16,fewshot,jpeg,1,83,beignets,beignets,0.9,0.9873557090759276,1,exact,3,Answer: beignets | Confidence: 90
A,Qwen/Qwen2-VL-2B-Instruct,fp16,fewshot,jpeg,1,84,beignets,beignets,0.9,0.9866649309794108,1,exact,3,Answer: beignets | Confidence: 90
A,Qwen/Qwen2-VL-2B-Instruct,fp16,fewshot,jpeg,1,85,beignets,beignets,0.9,0.9625952243804932,1,exact,3,Answer: beignets | Confidence: 90
A,Qwen/Qwen2-VL-2B-Instruct,fp16,fewshot,jpeg,1,86,beignets,beignets,0.9,0.9777708252271016,1,exact,3,Answer: beignets | Confidence: 90
A,Qwen/Qwen2-VL-2B-Instruct,fp16,fewshot,jpeg,1,87,beignets,beignets,0.9,0.978979508082072,1,exact,3,Answer: beignets | Confidence: 90
A,Qwen/Qwen2-VL-2B-Instruct,fp16,fewshot,jpeg,1,88,beignets,bread pudding,0.9,0.9358795583248138,0,contains,2,Answer: bread pudding | Confidence: 90
A,Qwen/Qwen2-VL-2B-Instruct,fp16,fewshot,jpeg,1,89,beignets,bread pudding,0.9,0.8157147765159607,0,contains,2,Answer: bread pudding | Confidence: 90
A,Qwen/Qwen2-VL-2B-Instruct,fp16,fewshot,jpeg,1,90,beignets,beignets,0.9,0.9914146860440572,1,exact,3,Answer: beignets | Confidence: 90
A,Qwen/Qwen2-VL-2B-Instruct,fp16,fewshot,jpeg,1,91,beignets,beignets,0.9,0.9885867039362588,1,exact,3,Answer: beignets | Confidence: 90
A,Qwen/Qwen2-VL-2B-Instruct,fp16,fewshot,jpeg,1,92,beignets,beignets,0.9,0.9955907066663108,1,exact,3,Answer: beignets | Confidence: 90
A,Qwen/Qwen2-VL-2B-Instruct,fp16,fewshot,jpeg,1,93,beignets,beignets,0.9,0.9873204429944356,1,exact,3,Answer: beignets | Confidence: 90
A,Qwen/Qwen2-VL-2B-Instruct,fp16,fewshot,jpeg,1,94,beignets,beignets,0.9,0.9887208541234336,1,exact,3,Answer: beignets | Confidence: 90
A,Qwen/Qwen2-VL-2B-Instruct,fp16,fewshot,jpeg,1,95,beignets,beignets,0.9,0.9958123564720154,1,exact,3,Answer: beignets | Confidence: 90
A,Qwen/Qwen2-VL-2B-Instruct,fp16,fewshot,jpeg,1,96,beignets,beignets,0.9,0.9927868843078612,1,exact,3,Answer: beignets | Confidence: 90
A,Qwen/Qwen2-VL-2B-Instruct,fp16,fewshot,jpeg,1,97,beignets,beignets,0.85,0.7243810395399729,1,exact,3,Answer: beignets | Confidence: 85
A,Qwen/Qwen2-VL-2B-Instruct,fp16,fewshot,jpeg,1,98,beignets,beignets,0.9,0.9879601995150248,1,exact,3,Answer: beignets | Confidence: 90
A,Qwen/Qwen2-VL-2B-Instruct,fp16,fewshot,jpeg,1,99,beignets,beignets,0.9,0.9931339025497437,1,exact,3,Answer: beignets | Confidence: 90
A,Qwen/Qwen2-VL-2B-Instruct,fp16,fewshot,jpeg,2,0,beignets,beignets,0.9,0.993330458799998,1,exact,3,Answer: beignets | Confidence: 90
A,Qwen/Qwen2-VL-2B-Instruct,fp16,fewshot,jpeg,2,1,beignets,beignets,0.9,0.8487680951754252,1,exact,3,Answer: beignets | Confidence: 90
A,Qwen/Qwen2-VL-2B-Instruct,fp16,fewshot,jpeg,2,2,beignets,beignets,0.9,0.992408017317454,1,exact,3,Answer: beignets | Confidence: 90
A,Qwen/Qwen2-VL-2B-Instruct,fp16,fewshot,jpeg,2,3,beignets,beignets,0.9,0.966573139031728,1,exact,3,Answer: beignets | Confidence: 90
A,Qwen/Qwen2-VL-2B-Instruct,fp16,fewshot,jpeg,2,4,beignets,beignets,0.9,0.9941652019818624,1,exact,3,Answer: beignets | Confidence: 90
A,Qwen/Qwen2-VL-2B-Instruct,fp16,fewshot,jpeg,2,5,beignets,beignets,0.9,0.9897677501042684,1,exact,3,Answer: beignets | Confidence: 90
A,Qwen/Qwen2-VL-2B-Instruct,fp16,fewshot,jpeg,2,6,beignets,beignets,0.9,0.9839738607406616,1,exact,3,Answer: beignets | Confidence: 90
A,Qwen/Qwen2-VL-2B-Instruct,fp16,fewshot,jpeg,2,7,beignets,beignets,0.9,0.9904829661051432,1,exact,3,Answer: beignets | Confidence: 90
A,Qwen/Qwen2-VL-2B-Instruct,fp16,fewshot,jpeg,2,8,beignets,fried calamari,0.9,0.9713394045829772,0,contains,3,Answer: fried calamari | Confidence: 90
A,Qwen/Qwen2-VL-2B-Instruct,fp16,fewshot,jpeg,2,9,beignets,beignets,0.9,0.9906527400016784,1,exact,3,Answer: beignets | Confidence: 90
A,Qwen/Qwen2-VL-2B-Instruct,fp16,fewshot,jpeg,2,10,beignets,beignets,0.9,0.992325206597646,1,exact,3,Answer: beignets | Confidence: 90
A,Qwen/Qwen2-VL-2B-Instruct,fp16,fewshot,jpeg,2,11,beignets,beignets,0.9,0.9890320499738058,1,exact,3,Answer: beignets | Confidence: 90
A,Qwen/Qwen2-VL-2B-Instruct,fp16,fewshot,jpeg,2,12,beignets,beignets,0.9,0.9164204001426696,1,exact,3,Answer: beignets | Confidence: 90
A,Qwen/Qwen2-VL-2B-Instruct,fp16,fewshot,jpeg,2,13,beignets,beignets,0.9,0.989801287651062,1,exact,3,Answer: beignets | Confidence: 90
A,Qwen/Qwen2-VL-2B-Instruct,fp16,fewshot,jpeg,2,14,beignets,beignets,0.9,0.9938607017199198,1,exact,3,Answer: beignets | Confidence: 90
A,Qwen/Qwen2-VL-2B-Instruct,fp16,fewshot,jpeg,2,15,beignets,beignets,0.9,0.9938760995864868,1,exact,3,Answer: beignets | Confidence: 90
A,Qwen/Qwen2-VL-2B-Instruct,fp16,fewshot,jpeg,2,16,beignets,beignets,0.9,0.993319849173228,1,exact,3,Answer: beignets | Confidence: 90
A,Qwen/Qwen2-VL-2B-Instruct,fp16,fewshot,jpeg,2,17,beignets,beignets,0.9,0.9910899996757508,1,exact,3,Answer: beignets | Confidence: 90
A,Qwen/Qwen2-VL-2B-Instruct,fp16,fewshot,jpeg,2,18,beignets,beignets,0.9,0.991993268330892,1,exact,3,Answer: beignets | Confidence: 90
A,Qwen/Qwen2-VL-2B-Instruct,fp16,fewshot,jpeg,2,19,beignets,beignets,0.85,0.9674775997797648,1,exact,3,Answer: beignets | Confidence: 85
A,Qwen/Qwen2-VL-2B-Instruct,fp16,fewshot,jpeg,2,20,beignets,beignets,0.9,0.9931754271189372,1,exact,3,Answer: beignets | Confidence: 90
A,Qwen/Qwen2-VL-2B-Instruct,fp16,fewshot,jpeg,2,21,beignets,beignets,0.9,0.977096676826477,1,exact,3,Answer: beignets | Confidence: 90
A,Qwen/Qwen2-VL-2B-Instruct,fp16,fewshot,jpeg,2,22,beignets,beignets,0.9,0.992456297079722,1,exact,3,Answer: beignets | Confidence: 90
A,Qwen/Qwen2-VL-2B-Instruct,fp16,fewshot,jpeg,2,23,beignets,beignets,0.9,0.9875671863555908,1,exact,3,Answer: beignets | Confidence: 90
A,Qwen/Qwen2-VL-2B-Instruct,fp16,fewshot,jpeg,2,24,beignets,beignets,0.9,0.991640051205953,1,exact,3,Answer: beignets | Confidence: 90
A,Qwen/Qwen2-VL-2B-Instruct,fp16,fewshot,jpeg,2,25,beignets,beignets,0.9,0.986339787642161,1,exact,3,Answer: beignets | Confidence: 90
A,Qwen/Qwen2-VL-2B-Instruct,fp16,fewshot,jpeg,2,26,beignets,beignets,0.9,0.9844882090886434,1,exact,3,Answer: beignets | Confidence: 90
A,Qwen/Qwen2-VL-2B-Instruct,fp16,fewshot,jpeg,2,27,beignets,beignets,0.9,0.9928269386291504,1,exact,3,Answer: beignets | Confidence: 90
A,Qwen/Qwen2-VL-2B-Instruct,fp16,fewshot,jpeg,2,28,beignets,beignets,0.9,0.9847712715466818,1,exact,3,Answer: beignets | Confidence: 90
A,Qwen/Qwen2-VL-2B-Instruct,fp16,fewshot,jpeg,2,29,beignets,beignets,0.9,0.99101851383845,1,exact,3,Answer: beignets | Confidence: 90
A,Qwen/Qwen2-VL-2B-Instruct,fp16,fewshot,jpeg,2,30,beignets,beignets,0.9,0.9943645397822062,1,exact,3,Answer: beignets | Confidence: 90
A,Qwen/Qwen2-VL-2B-Instruct,fp16,fewshot,jpeg,2,31,beignets,beignets,0.9,0.9894476334253948,1,exact,3,Answer: beignets | Confidence: 90
A,Qwen/Qwen2-VL-2B-Instruct,fp16,fewshot,jpeg,2,32,beignets,beignets,0.9,0.9906169176101683,1,exact,3,Answer: beignets | Confidence: 90
A,Qwen/Qwen2-VL-2B-Instruct,fp16,fewshot,jpeg,2,33,beignets,beignets,0.9,0.9941942493120828,1,exact,3,Answer: beignets | Confidence: 90
A,Qwen/Qwen2-VL-2B-Instruct,fp16,fewshot,jpeg,2,34,beignets,beignets,0.9,0.99049844344457,1,exact,3,Answer: beignets | Confidence: 90
A,Qwen/Qwen2-VL-2B-Instruct,fp16,fewshot,jpeg,2,35,beignets,beignets,0.9,0.9752425154050192,1,exact,3,Answer: beignets | Confidence: 90
A,Qwen/Qwen2-VL-2B-Instruct,fp16,fewshot,jpeg,2,36,beignets,beignets,0.9,0.9889188408851624,1,exact,3,Answer: beignets | Confidence: 90
A,Qwen/Qwen2-VL-2B-Instruct,fp16,fewshot,jpeg,2,37,beignets,beignets,0.9,0.9894312222798666,1,exact,3,Answer: beignets | Confidence: 90
A,Qwen/Qwen2-VL-2B-Instruct,fp16,fewshot,jpeg,2,38,beignets,beignets,0.9,0.9866309563318888,1,exact,3,Answer: beignets | Confidence: 90
A,Qwen/Qwen2-VL-2B-Instruct,fp16,fewshot,jpeg,2,39,beignets,beignets,0.9,0.9950682719548544,1,exact,3,Answer: beignets | Confidence: 90
A,Qwen/Qwen2-VL-2B-Instruct,fp16,fewshot,jpeg,2,40,beignets,beignets,0.9,0.9763575196266174,1,exact,3,Answer: beignets | Confidence: 90
A,Qwen/Qwen2-VL-2B-Instruct,fp16,fewshot,jpeg,2,41,beignets,beignets,0.9,0.9886027971903484,1,exact,3,Answer: beignets | Confidence: 90
A,Qwen/Qwen2-VL-2B-Instruct,fp16,fewshot,jpeg,2,42,beignets,beignets,0.9,0.9840966860453289,1,exact,3,Answer: beignets | Confidence: 90
A,Qwen/Qwen2-VL-2B-Instruct,fp16,fewshot,jpeg,2,43,beignets,beignets,0.9,0.9883573452631632,1,exact,3,Answer: beignets | Confidence: 90
A,Qwen/Qwen2-VL-2B-Instruct,fp16,fewshot,jpeg,2,44,beignets,beignets,0.9,0.9913241465886434,1,exact,3,Answer: beignets | Confidence: 90
A,Qwen/Qwen2-VL-2B-Instruct,fp16,fewshot,jpeg,2,45,beignets,beignets,0.9,0.8389488259951273,1,exact,3,Answer: beignets | Confidence: 90
A,Qwen/Qwen2-VL-2B-Instruct,fp16,fewshot,jpeg,2,46,beignets,beignets,0.9,0.986994206905365,1,exact,3,Answer: beignets | Confidence: 90
A,Qwen/Qwen2-VL-2B-Instruct,fp16,fewshot,jpeg,2,47,beignets,beignets,0.9,0.9204845229784648,1,exact,3,Answer: beignets | Confidence: 90
A,Qwen/Qwen2-VL-2B-Instruct,fp16,fewshot,jpeg,2,48,beignets,beignets,0.9,0.9938342968622844,1,exact,3,Answer: beignets | Confidence: 90
A,Qwen/Qwen2-VL-2B-Instruct,fp16,fewshot,jpeg,2,49,beignets,beignets,0.9,0.9931022922197976,1,exact,3,Answer: beignets | Confidence: 90
A,Qwen/Qwen2-VL-2B-Instruct,fp16,fewshot,jpeg,2,50,beignets,lobster roll sandwich,0.9,0.7874586780865988,0,contains,3,Answer: lobster roll sandwich | Confidence: 90
A,Qwen/Qwen2-VL-2B-Instruct,fp16,fewshot,jpeg,2,51,beignets,beignets,0.9,0.9918705423672994,1,exact,3,Answer: beignets | Confidence: 90
A,Qwen/Qwen2-VL-2B-Instruct,fp16,fewshot,jpeg,2,52,beignets,beignets,0.9,0.9903964598973592,1,exact,3,Answer: beignets | Confidence: 90
A,Qwen/Qwen2-VL-2B-Instruct,fp16,fewshot,jpeg,2,53,beignets,beignets,0.9,0.988181213537852,1,exact,3,Answer: beignets | Confidence: 90
A,Qwen/Qwen2-VL-2B-Instruct,fp16,fewshot,jpeg,2,54,beignets,beignets,0.9,0.9919542471567788,1,exact,3,Answer: beignets | Confidence: 90
A,Qwen/Qwen2-VL-2B-Instruct,fp16,fewshot,jpeg,2,55,beignets,beignets,0.9,0.9941665728886924,1,exact,3,Answer: beignets | Confidence: 90
A,Qwen/Qwen2-VL-2B-Instruct,fp16,fewshot,jpeg,2,56,beignets,pizza,0.9,0.7068625688552856,0,contains,1,Answer: pizza | Confidence: 90
A,Qwen/Qwen2-VL-2B-Instruct,fp16,fewshot,jpeg,2,57,beignets,beignets,0.9,0.9341561198234558,1,exact,3,Answer: beignets | Confidence: 90
A,Qwen/Qwen2-VL-2B-Instruct,fp16,fewshot,jpeg,2,58,beignets,beignets,0.9,0.987272560596466,1,exact,3,Answer: beignets | Confidence: 90
A,Qwen/Qwen2-VL-2B-Instruct,fp16,fewshot,jpeg,2,59,beignets,beignets,0.9,0.9912920196851096,1,exact,3,Answer: beignets | Confidence: 90
A,Qwen/Qwen2-VL-2B-Instruct,fp16,fewshot,jpeg,2,60,beignets,beignets,0.8,0.7514901359875997,1,exact,3,Answer: beignets | Confidence: 80
A,Qwen/Qwen2-VL-2B-Instruct,fp16,fewshot,jpeg,2,61,beignets,beignets,0.9,0.9959924618403116,1,exact,3,Answer: beignets | Confidence: 90
A,Qwen/Qwen2-VL-2B-Instruct,fp16,fewshot,jpeg,2,62,beignets,beignets,0.9,0.9803769985834756,1,exact,3,Answer: beignets | Confidence: 90
A,Qwen/Qwen2-VL-2B-Instruct,fp16,fewshot,jpeg,2,63,beignets,beignets,0.9,0.9754330118497212,1,exact,3,Answer: beignets | Confidence: 90
A,Qwen/Qwen2-VL-2B-Instruct,fp16,fewshot,jpeg,2,64,beignets,beignets,0.9,0.991035302480062,1,exact,3,Answer: beignets | Confidence: 90
A,Qwen/Qwen2-VL-2B-Instruct,fp16,fewshot,jpeg,2,65,beignets,beignets,0.9,0.994742751121521,1,exact,3,Answer: beignets | Confidence: 90
A,Qwen/Qwen2-VL-2B-Instruct,fp16,fewshot,jpeg,2,66,beignets,beignets,0.9,0.9946032762527466,1,exact,3,Answer: beignets | Confidence: 90
A,Qwen/Qwen2-VL-2B-Instruct,fp16,fewshot,jpeg,2,67,beignets,beignets,0.9,0.9928315480550132,1,exact,3,Answer: beignets | Confidence: 90
A,Qwen/Qwen2-VL-2B-Instruct,fp16,fewshot,jpeg,2,68,beignets,beignets,0.9,0.9864766597747804,1,exact,3,Answer: beignets | Confidence: 90
A,Qwen/Qwen2-VL-2B-Instruct,fp16,fewshot,jpeg,2,69,beignets,beignets,0.9,0.990460197130839,1,exact,3,Answer: beignets | Confidence: 90
A,Qwen/Qwen2-VL-2B-Instruct,fp16,fewshot,jpeg,2,70,beignets,beignets,0.9,0.9866419633229574,1,exact,3,Answer: beignets | Confidence: 90
A,Qwen/Qwen2-VL-2B-Instruct,fp16,fewshot,jpeg,2,71,beignets,beignets,0.9,0.992666800816854,1,exact,3,Answer: beignets | Confidence: 90
A,Qwen/Qwen2-VL-2B-Instruct,fp16,fewshot,jpeg,2,72,beignets,beignets,0.9,0.9798408548037212,1,exact,3,Answer: beignets | Confidence: 90
A,Qwen/Qwen2-VL-2B-Instruct,fp16,fewshot,jpeg,2,73,beignets,beignets,0.9,0.9895209670066832,1,exact,3,Answer: beignets | Confidence: 90
A,Qwen/Qwen2-VL-2B-Instruct,fp16,fewshot,jpeg,2,74,beignets,beignets,0.9,0.9839694499969482,1,exact,3,Answer: beignets | Confidence: 90
A,Qwen/Qwen2-VL-2B-Instruct,fp16,fewshot,jpeg,2,75,beignets,beignets,0.9,0.995407203833262,1,exact,3,Answer: beignets | Confidence: 90
A,Qwen/Qwen2-VL-2B-Instruct,fp16,fewshot,jpeg,2,76,beignets,beignets,0.9,0.9897519946098328,1,exact,3,Answer: beignets | Confidence: 90
A,Qwen/Qwen2-VL-2B-Instruct,fp16,fewshot,jpeg,2,77,beignets,beignets,0.9,0.9892866810162864,1,exact,3,Answer: beignets | Confidence: 90
A,Qwen/Qwen2-VL-2B-Instruct,fp16,fewshot,jpeg,2,78,beignets,beignets,0.9,0.991820494333903,1,exact,3,Answer: beignets | Confidence: 90
A,Qwen/Qwen2-VL-2B-Instruct,fp16,fewshot,jpeg,2,79,beignets,beignets,0.9,0.9889409144719442,1,exact,3,Answer: beignets | Confidence: 90
A,Qwen/Qwen2-VL-2B-Instruct,fp16,fewshot,jpeg,2,80,beignets,beignets,0.9,0.9887771209081014,1,exact,3,Answer: beignets | Confidence: 90
A,Qwen/Qwen2-VL-2B-Instruct,fp16,fewshot,jpeg,2,81,beignets,beignets,0.9,0.955973505973816,1,exact,3,Answer: beignets | Confidence: 90
A,Qwen/Qwen2-VL-2B-Instruct,fp16,fewshot,jpeg,2,82,beignets,beignets,0.9,0.97954789797465,1,exact,3,Answer: beignets | Confidence: 90
A,Qwen/Qwen2-VL-2B-Instruct,fp16,fewshot,jpeg,2,83,beignets,beignets,0.9,0.8888992468516032,1,exact,3,Answer: beignets | Confidence: 90
A,Qwen/Qwen2-VL-2B-Instruct,fp16,fewshot,jpeg,2,84,beignets,beignets,0.9,0.9827880263328552,1,exact,3,Answer: beignets | Confidence: 90
A,Qwen/Qwen2-VL-2B-Instruct,fp16,fewshot,jpeg,2,85,beignets,beignets,0.9,0.9689292709032694,1,exact,3,Answer: beignets | Confidence: 90
A,Qwen/Qwen2-VL-2B-Instruct,fp16,fewshot,jpeg,2,86,beignets,beignets,0.9,0.9791595737139384,1,exact,3,Answer: beignets | Confidence: 90
A,Qwen/Qwen2-VL-2B-Instruct,fp16,fewshot,jpeg,2,87,beignets,beignets,0.9,0.9778580466906228,1,exact,3,Answer: beignets | Confidence: 90
A,Qwen/Qwen2-VL-2B-Instruct,fp16,fewshot,jpeg,2,88,beignets,bread pudding,0.9,0.8447540700435638,0,contains,2,Answer: bread pudding | Confidence: 90
A,Qwen/Qwen2-VL-2B-Instruct,fp16,fewshot,jpeg,2,89,beignets,bread pudding,0.9,0.8801874816417694,0,contains,2,Answer: bread pudding | Confidence: 90
A,Qwen/Qwen2-VL-2B-Instruct,fp16,fewshot,jpeg,2,90,beignets,beignets,0.9,0.9906771381696066,1,exact,3,Answer: beignets | Confidence: 90
A,Qwen/Qwen2-VL-2B-Instruct,fp16,fewshot,jpeg,2,91,beignets,beignets,0.9,0.9909353653589884,1,exact,3,Answer: beignets | Confidence: 90
A,Qwen/Qwen2-VL-2B-Instruct,fp16,fewshot,jpeg,2,92,beignets,beignets,0.9,0.9934376875559487,1,exact,3,Answer: beignets | Confidence: 90
A,Qwen/Qwen2-VL-2B-Instruct,fp16,fewshot,jpeg,2,93,beignets,beignets,0.9,0.9775441884994508,1,exact,3,Answer: beignets | Confidence: 90
A,Qwen/Qwen2-VL-2B-Instruct,fp16,fewshot,jpeg,2,94,beignets,beignets,0.9,0.9905215303103128,1,exact,3,Answer: beignets | Confidence: 90
A,Qwen/Qwen2-VL-2B-Instruct,fp16,fewshot,jpeg,2,95,beignets,beignets,0.9,0.995579222838084,1,exact,3,Answer: beignets | Confidence: 90
A,Qwen/Qwen2-VL-2B-Instruct,fp16,fewshot,jpeg,2,96,beignets,beignets,0.9,0.9907681345939636,1,exact,3,Answer: beignets | Confidence: 90
A,Qwen/Qwen2-VL-2B-Instruct,fp16,fewshot,jpeg,2,97,beignets,fish and chips,0.9,0.8730183839797974,0,contains,3,Answer: fish and chips | Confidence: 90
A,Qwen/Qwen2-VL-2B-Instruct,fp16,fewshot,jpeg,2,98,beignets,beignets,0.9,0.984945555528005,1,exact,3,Answer: beignets | Confidence: 90
A,Qwen/Qwen2-VL-2B-Instruct,fp16,fewshot,jpeg,2,99,beignets,beignets,0.9,0.990588108698527,1,exact,3,Answer: beignets | Confidence: 90
A,Qwen/Qwen2-VL-2B-Instruct,fp16,fewshot,jpeg,3,0,beignets,beignets,0.9,0.9910614490509032,1,exact,3,Answer: beignets | Confidence: 90
A,Qwen/Qwen2-VL-2B-Instruct,fp16,fewshot,jpeg,3,1,beignets,foie gras,0.8,0.8203159769376119,0,contains,3,Answer: foie gras | Confidence: 80
A,Qwen/Qwen2-VL-2B-Instruct,fp16,fewshot,jpeg,3,2,beignets,beignets,0.9,0.9911014040311178,1,exact,3,Answer: beignets | Confidence: 90
A,Qwen/Qwen2-VL-2B-Instruct,fp16,fewshot,jpeg,3,3,beignets,oysters,0.9,0.6606941968202591,0,contains,2,Answer: oysters | Confidence: 90
A,Qwen/Qwen2-VL-2B-Instruct,fp16,fewshot,jpeg,3,4,beignets,beignets,0.9,0.9906466801961265,1,exact,3,Answer: beignets | Confidence: 90
A,Qwen/Qwen2-VL-2B-Instruct,fp16,fewshot,jpeg,3,5,beignets,beignets,0.9,0.9866931835810344,1,exact,3,Answer: beignets | Confidence: 90
A,Qwen/Qwen2-VL-2B-Instruct,fp16,fewshot,jpeg,3,6,beignets,beignets,0.9,0.9760618011156718,1,exact,3,Answer: beignets | Confidence: 90
A,Qwen/Qwen2-VL-2B-Instruct,fp16,fewshot,jpeg,3,7,beignets,beignets,0.9,0.984629213809967,1,exact,3,Answer: beignets | Confidence: 90
A,Qwen/Qwen2-VL-2B-Instruct,fp16,fewshot,jpeg,3,8,beignets,fried calamari,0.9,0.9392886956532795,0,contains,3,Answer: fried calamari | Confidence: 90
A,Qwen/Qwen2-VL-2B-Instruct,fp16,fewshot,jpeg,3,9,beignets,beignets,0.9,0.9884161154429116,1,exact,3,Answer: beignets | Confidence: 90
A,Qwen/Qwen2-VL-2B-Instruct,fp16,fewshot,jpeg,3,10,beignets,beignets,0.9,0.9902989268302916,1,exact,3,Answer: beignets | Confidence: 90
A,Qwen/Qwen2-VL-2B-Instruct,fp16,fewshot,jpeg,3,11,beignets,beignets,0.9,0.9932682911554972,1,exact,3,Answer: beignets | Confidence: 90
A,Qwen/Qwen2-VL-2B-Instruct,fp16,fewshot,jpeg,3,12,beignets,creme brulee,0.9,0.8974587559700012,0,contains,5,Answer: creme brulee | Confidence: 90
A,Qwen/Qwen2-VL-2B-Instruct,fp16,fewshot,jpeg,3,13,beignets,beignets,0.9,0.9884265859921774,1,exact,3,Answer: beignets | Confidence: 90
A,Qwen/Qwen2-VL-2B-Instruct,fp16,fewshot,jpeg,3,14,beignets,beignets,0.9,0.9917412002881368,1,exact,3,Answer: beignets | Confidence: 90
A,Qwen/Qwen2-VL-2B-Instruct,fp16,fewshot,jpeg,3,15,beignets,beignets,0.9,0.980490227540334,1,exact,3,Answer: beignets | Confidence: 90
A,Qwen/Qwen2-VL-2B-Instruct,fp16,fewshot,jpeg,3,16,beignets,beignets,0.9,0.9741091728210448,1,exact,3,Answer: beignets | Confidence: 90
A,Qwen/Qwen2-VL-2B-Instruct,fp16,fewshot,jpeg,3,17,beignets,beignets,0.9,0.9859954317410788,1,exact,3,Answer: beignets | Confidence: 90
A,Qwen/Qwen2-VL-2B-Instruct,fp16,fewshot,jpeg,3,18,beignets,beignets,0.9,0.9312288562456766,1,exact,3,Answer: beignets | Confidence: 90
A,Qwen/Qwen2-VL-2B-Instruct,fp16,fewshot,jpeg,3,19,beignets,beignets,0.9,0.7956426839033762,1,exact,3,Answer: beignets | Confidence: 90
A,Qwen/Qwen2-VL-2B-Instruct,fp16,fewshot,jpeg,3,20,beignets,baklava,0.9,0.8887882232666016,0,contains,3,Answer: baklava | Confidence: 90
A,Qwen/Qwen2-VL-2B-Instruct,fp16,fewshot,jpeg,3,21,beignets,fried calamari,0.9,0.8332223693529764,0,contains,3,Answer: fried calamari | Confidence: 90
A,Qwen/Qwen2-VL-2B-Instruct,fp16,fewshot,jpeg,3,22,beignets,beignets,0.9,0.9576903581619264,1,exact,3,Answer: beignets | Confidence: 90
A,Qwen/Qwen2-VL-2B-Instruct,fp16,fewshot,jpeg,3,23,beignets,beignets,0.9,0.9311634500821432,1,exact,3,Answer: beignets | Confidence: 90
A,Qwen/Qwen2-VL-2B-Instruct,fp16,fewshot,jpeg,3,24,beignets,cannoli,0.9,0.7264379262924194,0,contains,2,Answer: cannoli | Confidence: 90
A,Qwen/Qwen2-VL-2B-Instruct,fp16,fewshot,jpeg,3,25,beignets,beignets,0.9,0.9864227374394736,1,exact,3,Answer: beignets | Confidence: 90
A,Qwen/Qwen2-VL-2B-Instruct,fp16,fewshot,jpeg,3,26,beignets,beignets,0.9,0.9883516629536948,1,exact,3,Answer: beignets | Confidence: 90
A,Qwen/Qwen2-VL-2B-Instruct,fp16,fewshot,jpeg,3,27,beignets,beignets,0.9,0.992255926132202,1,exact,3,Answer: beignets | Confidence: 90
A,Qwen/Qwen2-VL-2B-Instruct,fp16,fewshot,jpeg,3,28,beignets,beignets,0.9,0.962751567363739,1,exact,3,Answer: beignets | Confidence: 90
A,Qwen/Qwen2-VL-2B-Instruct,fp16,fewshot,jpeg,3,29,beignets,beignets,0.9,0.987098753452301,1,exact,3,Answer: beignets | Confidence: 90
A,Qwen/Qwen2-VL-2B-Instruct,fp16,fewshot,jpeg,3,30,beignets,beignets,0.9,0.8918819824854533,1,exact,3,Answer: beignets | Confidence: 90
A,Qwen/Qwen2-VL-2B-Instruct,fp16,fewshot,jpeg,3,31,beignets,creme brulee,0.9,0.9356144905090332,0,contains,5,Answer: creme brulee | Confidence: 90
A,Qwen/Qwen2-VL-2B-Instruct,fp16,fewshot,jpeg,3,32,beignets,beignets,0.9,0.9804352521896362,1,exact,3,Answer: beignets | Confidence: 90
A,Qwen/Qwen2-VL-2B-Instruct,fp16,fewshot,jpeg,3,33,beignets,beignets,0.9,0.993483821551005,1,exact,3,Answer: beignets | Confidence: 90
A,Qwen/Qwen2-VL-2B-Instruct,fp16,fewshot,jpeg,3,34,beignets,beignets,0.9,0.984199325243632,1,exact,3,Answer: beignets | Confidence: 90
A,Qwen/Qwen2-VL-2B-Instruct,fp16,fewshot,jpeg,3,35,beignets,chicken wings,0.9,0.7776302397251129,0,contains,2,Answer: chicken wings | Confidence: 90
A,Qwen/Qwen2-VL-2B-Instruct,fp16,fewshot,jpeg,3,36,beignets,fried calamari,0.9,0.9479843576749166,0,contains,3,Answer: fried calamari | Confidence: 90
A,Qwen/Qwen2-VL-2B-Instruct,fp16,fewshot,jpeg,3,37,beignets,beignets,0.9,0.9691416025161744,1,exact,3,Answer: beignets | Confidence: 90
A,Qwen/Qwen2-VL-2B-Instruct,fp16,fewshot,jpeg,3,38,beignets,beignets,0.9,0.9854677518208822,1,exact,3,Answer: beignets | Confidence: 90
A,Qwen/Qwen2-VL-2B-Instruct,fp16,fewshot,jpeg,3,39,beignets,beignets,0.9,0.9905538757642112,1,exact,3,Answer: beignets | Confidence: 90
A,Qwen/Qwen2-VL-2B-Instruct,fp16,fewshot,jpeg,3,40,beignets,fried calamari,0.9,0.8934139808019003,0,contains,3,Answer: fried calamari | Confidence: 90
A,Qwen/Qwen2-VL-2B-Instruct,fp16,fewshot,jpeg,3,41,beignets,beignets,0.9,0.9837956627209982,1,exact,3,Answer: beignets | Confidence: 90
A,Qwen/Qwen2-VL-2B-Instruct,fp16,fewshot,jpeg,3,42,beignets,beignets,0.9,0.9834230740865072,1,exact,3,Answer: beignets | Confidence: 90
A,Qwen/Qwen2-VL-2B-Instruct,fp16,fewshot,jpeg,3,43,beignets,beignets,0.9,0.9795324405034384,1,exact,3,Answer: beignets | Confidence: 90
A,Qwen/Qwen2-VL-2B-Instruct,fp16,fewshot,jpeg,3,44,beignets,beignets,0.9,0.9886162877082824,1,exact,3,Answer: beignets | Confidence: 90
A,Qwen/Qwen2-VL-2B-Instruct,fp16,fewshot,jpeg,3,45,beignets,french toast,0.9,0.7307178974151611,0,contains,2,Answer: french toast | Confidence: 90
A,Qwen/Qwen2-VL-2B-Instruct,fp16,fewshot,jpeg,3,46,beignets,beignets,0.8,0.9451531767845154,1,exact,3,Answer: beignets | Confidence: 80
A,Qwen/Qwen2-VL-2B-Instruct,fp16,fewshot,jpeg,3,47,beignets,scallops,0.9,0.7174922674894333,0,contains,2,Answer: scallops | Confidence: 90
A,Qwen/Qwen2-VL-2B-Instruct,fp16,fewshot,jpeg,3,48,beignets,beignets,0.9,0.9944066603978476,1,exact,3,Answer: beignets | Confidence: 90
A,Qwen/Qwen2-VL-2B-Instruct,fp16,fewshot,jpeg,3,49,beignets,beignets,0.9,0.9811267654101054,1,exact,3,Answer: beignets | Confidence: 90
A,Qwen/Qwen2-VL-2B-Instruct,fp16,fewshot,jpeg,3,50,beignets,beignets,0.9,0.7845645447572073,1,exact,3,Answer: beignets | Confidence: 90
A,Qwen/Qwen2-VL-2B-Instruct,fp16,fewshot,jpeg,3,51,beignets,beignets,0.9,0.7812132736047109,1,exact,3,Answer: beignets | Confidence: 90
A,Qwen/Qwen2-VL-2B-Instruct,fp16,fewshot,jpeg,3,52,beignets,beignets,0.9,0.9848859310150146,1,exact,3,Answer: beignets | Confidence: 90
A,Qwen/Qwen2-VL-2B-Instruct,fp16,fewshot,jpeg,3,53,beignets,beignets,0.9,0.9838495850563048,1,exact,3,Answer: beignets | Confidence: 90
A,Qwen/Qwen2-VL-2B-Instruct,fp16,fewshot,jpeg,3,54,beignets,beignets,0.9,0.9899955789248148,1,exact,3,Answer: beignets | Confidence: 90
A,Qwen/Qwen2-VL-2B-Instruct,fp16,fewshot,jpeg,3,55,beignets,beignets,0.9,0.9930209716161092,1,exact,3,Answer: beignets | Confidence: 90
A,Qwen/Qwen2-VL-2B-Instruct,fp16,fewshot,jpeg,3,56,beignets,pizza,0.9,0.6883604526519775,0,contains,1,Answer: pizza | Confidence: 90
A,Qwen/Qwen2-VL-2B-Instruct,fp16,fewshot,jpeg,3,57,beignets,fried rice,0.9,0.8397848308086395,0,contains,2,Answer: fried rice | Confidence: 90
A,Qwen/Qwen2-VL-2B-Instruct,fp16,fewshot,jpeg,3,58,beignets,beignets,0.9,0.9775723020235696,1,exact,3,Answer: beignets | Confidence: 90
A,Qwen/Qwen2-VL-2B-Instruct,fp16,fewshot,jpeg,3,59,beignets,beignets,0.9,0.9781075119972228,1,exact,3,Answer: beignets | Confidence: 90
A,Qwen/Qwen2-VL-2B-Instruct,fp16,fewshot,jpeg,3,60,beignets,beignets,0.9,0.8305829962094625,1,exact,3,Answer: beignets | Confidence: 90
A,Qwen/Qwen2-VL-2B-Instruct,fp16,fewshot,jpeg,3,61,beignets,beignets,0.9,0.9935116370519004,1,exact,3,Answer: beignets | Confidence: 90
A,Qwen/Qwen2-VL-2B-Instruct,fp16,fewshot,jpeg,3,62,beignets,beignets,0.9,0.9795537193616232,1,exact,3,Answer: beignets | Confidence: 90
A,Qwen/Qwen2-VL-2B-Instruct,fp16,fewshot,jpeg,3,63,beignets,fried rice,0.9,0.727200910449028,0,contains,2,Answer: fried rice | Confidence: 90
A,Qwen/Qwen2-VL-2B-Instruct,fp16,fewshot,jpeg,3,64,beignets,beignets,0.9,0.989251454671224,1,exact,3,Answer: beignets | Confidence: 90
A,Qwen/Qwen2-VL-2B-Instruct,fp16,fewshot,jpeg,3,65,beignets,beignets,0.9,0.9904878338178,1,exact,3,Answer: beignets | Confidence: 90
A,Qwen/Qwen2-VL-2B-Instruct,fp16,fewshot,jpeg,3,66,beignets,beignets,0.9,0.9916943113009136,1,exact,3,Answer: beignets | Confidence: 90
A,Qwen/Qwen2-VL-2B-Instruct,fp16,fewshot,jpeg,3,67,beignets,pizza,0.85,0.6042835712432861,0,nomatch,1,Answer: pizza | Confidence: 85
A,Qwen/Qwen2-VL-2B-Instruct,fp16,fewshot,jpeg,3,68,beignets,beignets,0.9,0.8252237240473429,1,exact,3,Answer: beignets | Confidence: 90
A,Qwen/Qwen2-VL-2B-Instruct,fp16,fewshot,jpeg,3,69,beignets,beignets,0.8,0.9872437715530396,1,exact,3,Answer: beignets | Confidence: 80
A,Qwen/Qwen2-VL-2B-Instruct,fp16,fewshot,jpeg,3,70,beignets,beignets,0.9,0.9871780474980671,1,exact,3,Answer: beignets | Confidence: 90
A,Qwen/Qwen2-VL-2B-Instruct,fp16,fewshot,jpeg,3,71,beignets,crab cakes,0.9,0.7671923339366913,0,contains,2,Answer: crab cakes | Confidence: 90
A,Qwen/Qwen2-VL-2B-Instruct,fp16,fewshot,jpeg,3,72,beignets,beignets,0.9,0.976950983206431,1,exact,3,Answer: beignets | Confidence: 90
A,Qwen/Qwen2-VL-2B-Instruct,fp16,fewshot,jpeg,3,73,beignets,beignets,0.9,0.9885191122690836,1,exact,3,Answer: beignets | Confidence: 90
A,Qwen/Qwen2-VL-2B-Instruct,fp16,fewshot,jpeg,3,74,beignets,beignets,0.9,0.826062003771464,1,exact,3,Answer: beignets | Confidence: 90
A,Qwen/Qwen2-VL-2B-Instruct,fp16,fewshot,jpeg,3,75,beignets,beignets,0.9,0.8589029908180237,1,exact,3,Answer: beignets | Confidence: 90
A,Qwen/Qwen2-VL-2B-Instruct,fp16,fewshot,jpeg,3,76,beignets,beignets,0.9,0.9898850123087564,1,exact,3,Answer: beignets | Confidence: 90
A,Qwen/Qwen2-VL-2B-Instruct,fp16,fewshot,jpeg,3,77,beignets,spaghetti carbonara,0.9,0.7938533226648966,0,contains,3,Answer: spaghetti carbonara | Confidence: 90
A,Qwen/Qwen2-VL-2B-Instruct,fp16,fewshot,jpeg,3,78,beignets,beignets,0.9,0.7784059941768646,1,exact,3,Answer: beignets | Confidence: 90
A,Qwen/Qwen2-VL-2B-Instruct,fp16,fewshot,jpeg,3,79,beignets,lobster roll sandwich,0.9,0.9052175482114156,0,contains,3,Answer: lobster roll sandwich | Confidence: 90
A,Qwen/Qwen2-VL-2B-Instruct,fp16,fewshot,jpeg,3,80,beignets,beignets,0.9,0.98702867825826,1,exact,3,Answer: beignets | Confidence: 90
A,Qwen/Qwen2-VL-2B-Instruct,fp16,fewshot,jpeg,3,81,beignets,beignets,0.9,0.926762859026591,1,exact,3,Answer: beignets | Confidence: 90
A,Qwen/Qwen2-VL-2B-Instruct,fp16,fewshot,jpeg,3,82,beignets,beignets,0.9,0.9698678453763326,1,exact,3,Answer: beignets | Confidence: 90
A,Qwen/Qwen2-VL-2B-Instruct,fp16,fewshot,jpeg,3,83,beignets,tiramisu,0.9,0.877092977364858,0,contains,3,Answer: tiramisu | Confidence: 90
A,Qwen/Qwen2-VL-2B-Instruct,fp16,fewshot,jpeg,3,84,beignets,fish and chips,0.9,0.8285723328590393,0,contains,3,Answer: fish and chips | Confidence: 90
A,Qwen/Qwen2-VL-2B-Instruct,fp16,fewshot,jpeg,3,85,beignets,beignets,0.9,0.9285931984583536,1,exact,3,Answer: beignets | Confidence: 90
A,Qwen/Qwen2-VL-2B-Instruct,fp16,fewshot,jpeg,3,86,beignets,beignets,0.9,0.7434168606996536,1,exact,3,Answer: beignets | Confidence: 90
A,Qwen/Qwen2-VL-2B-Instruct,fp16,fewshot,jpeg,3,87,beignets,beignets,0.9,0.9790465434392294,1,exact,3,Answer: beignets | Confidence: 90
A,Qwen/Qwen2-VL-2B-Instruct,fp16,fewshot,jpeg,3,88,beignets,bread pudding,0.9,0.9169912040233612,0,contains,2,Answer: bread pudding | Confidence: 90
A,Qwen/Qwen2-VL-2B-Instruct,fp16,fewshot,jpeg,3,89,beignets,bread pudding,0.9,0.8970722556114197,0,contains,2,Answer: bread pudding | Confidence: 90
A,Qwen/Qwen2-VL-2B-Instruct,fp16,fewshot,jpeg,3,90,beignets,beignets,0.9,0.9885388811429342,1,exact,3,Answer: beignets | Confidence: 90
A,Qwen/Qwen2-VL-2B-Instruct,fp16,fewshot,jpeg,3,91,beignets,beignets,0.9,0.9591128826141356,1,exact,3,Answer: beignets | Confidence: 90
A,Qwen/Qwen2-VL-2B-Instruct,fp16,fewshot,jpeg,3,92,beignets,lobster roll sandwich,0.9,0.913956105709076,0,contains,3,Answer: lobster roll sandwich | Confidence: 90
A,Qwen/Qwen2-VL-2B-Instruct,fp16,fewshot,jpeg,3,93,beignets,beignets,0.9,0.9820165435473124,1,exact,3,Answer: beignets | Confidence: 90
A,Qwen/Qwen2-VL-2B-Instruct,fp16,fewshot,jpeg,3,94,beignets,beignets,0.9,0.9869669278462728,1,exact,3,Answer: beignets | Confidence: 90
A,Qwen/Qwen2-VL-2B-Instruct,fp16,fewshot,jpeg,3,95,beignets,beignets,0.9,0.9894051750500996,1,exact,3,Answer: beignets | Confidence: 90
A,Qwen/Qwen2-VL-2B-Instruct,fp16,fewshot,jpeg,3,96,beignets,beignets,0.9,0.9733450412750244,1,exact,3,Answer: beignets | Confidence: 90
A,Qwen/Qwen2-VL-2B-Instruct,fp16,fewshot,jpeg,3,97,beignets,beignets,0.8,0.8083076079686483,1,exact,3,Answer: beignets | Confidence: 80
A,Qwen/Qwen2-VL-2B-Instruct,fp16,fewshot,jpeg,3,98,beignets,beignets,0.9,0.9840857982635498,1,exact,3,Answer: beignets | Confidence: 90
A,Qwen/Qwen2-VL-2B-Instruct,fp16,fewshot,jpeg,3,99,beignets,pizza,0.85,0.349182665348053,0,nomatch,1,Answer: pizza | Confidence: 85
A,Qwen/Qwen2-VL-2B-Instruct,fp16,fewshot,low_light,1,0,beignets,beignets,0.85,0.983251452445984,1,exact,3,Answer: beignets | Confidence: 85
A,Qwen/Qwen2-VL-2B-Instruct,fp16,fewshot,low_light,1,1,beignets,beignets,0.85,0.9494830171267192,1,exact,3,Answer: beignets | Confidence: 85
A,Qwen/Qwen2-VL-2B-Instruct,fp16,fewshot,low_light,1,2,beignets,beignets,0.9,0.9842535058657328,1,exact,3,Answer: beignets | Confidence: 90
A,Qwen/Qwen2-VL-2B-Instruct,fp16,fewshot,low_light,1,3,beignets,beignets,0.9,0.9871753454208374,1,exact,3,Answer: beignets | Confidence: 90
A,Qwen/Qwen2-VL-2B-Instruct,fp16,fewshot,low_light,1,4,beignets,beignets,0.85,0.9920622706413268,1,exact,3,Answer: beignets | Confidence: 85
A,Qwen/Qwen2-VL-2B-Instruct,fp16,fewshot,low_light,1,5,beignets,beignets,0.85,0.980161448319753,1,exact,3,Answer: beignets | Confidence: 85
A,Qwen/Qwen2-VL-2B-Instruct,fp16,fewshot,low_light,1,6,beignets,beignets,0.9,0.9677841663360596,1,exact,3,Answer: beignets | Confidence: 90
A,Qwen/Qwen2-VL-2B-Instruct,fp16,fewshot,low_light,1,7,beignets,beignets,0.9,0.993579626083374,1,exact,3,Answer: beignets | Confidence: 90
A,Qwen/Qwen2-VL-2B-Instruct,fp16,fewshot,low_light,1,8,beignets,fried calamari,0.85,0.9454023043314616,0,contains,3,Answer: fried calamari | Confidence: 85
A,Qwen/Qwen2-VL-2B-Instruct,fp16,fewshot,low_light,1,9,beignets,beignets,0.9,0.9912004868189492,1,exact,3,Answer: beignets | Confidence: 90
A,Qwen/Qwen2-VL-2B-Instruct,fp16,fewshot,low_light,1,10,beignets,beignets,0.85,0.9917875528335572,1,exact,3,Answer: beignets | Confidence: 85
A,Qwen/Qwen2-VL-2B-Instruct,fp16,fewshot,low_light,1,11,beignets,beignets,0.9,0.9871009588241576,1,exact,3,Answer: beignets | Confidence: 90
A,Qwen/Qwen2-VL-2B-Instruct,fp16,fewshot,low_light,1,12,beignets,chicken nuggets,0.9,0.6995395322640737,0,nomatch,3,Answer: chicken nuggets | Confidence: 90
A,Qwen/Qwen2-VL-2B-Instruct,fp16,fewshot,low_light,1,13,beignets,beignets,0.9,0.987034797668457,1,exact,3,Answer: beignets | Confidence: 90
A,Qwen/Qwen2-VL-2B-Instruct,fp16,fewshot,low_light,1,14,beignets,beignets,0.85,0.9889624118804932,1,exact,3,Answer: beignets | Confidence: 85
A,Qwen/Qwen2-VL-2B-Instruct,fp16,fewshot,low_light,1,15,beignets,beignets,0.85,0.9900678793589274,1,exact,3,Answer: beignets | Confidence: 85
A,Qwen/Qwen2-VL-2B-Instruct,fp16,fewshot,low_light,1,16,beignets,beignets,0.9,0.9941548506418864,1,exact,3,Answer: beignets | Confidence: 90
A,Qwen/Qwen2-VL-2B-Instruct,fp16,fewshot,low_light,1,17,beignets,beignets,0.85,0.9770194490750632,1,exact,3,Answer: beignets | Confidence: 85
A,Qwen/Qwen2-VL-2B-Instruct,fp16,fewshot,low_light,1,18,beignets,beignets,0.9,0.9871407151222228,1,exact,3,Answer: beignets | Confidence: 90
A,Qwen/Qwen2-VL-2B-Instruct,fp16,fewshot,low_light,1,19,beignets,beignets,0.85,0.8863814274470011,1,exact,3,Answer: beignets | Confidence: 85
A,Qwen/Qwen2-VL-2B-Instruct,fp16,fewshot,low_light,1,20,beignets,beignets,0.85,0.965636690457662,1,exact,3,Answer: beignets | Confidence: 85
A,Qwen/Qwen2-VL-2B-Instruct,fp16,fewshot,low_light,1,21,beignets,beignets,0.9,0.9172304272651672,1,exact,3,Answer: beignets | Confidence: 90
A,Qwen/Qwen2-VL-2B-Instruct,fp16,fewshot,low_light,1,22,beignets,beignets,0.9,0.9892752766609192,1,exact,3,Answer: beignets | Confidence: 90
A,Qwen/Qwen2-VL-2B-Instruct,fp16,fewshot,low_light,1,23,beignets,beignets,0.85,0.9822687307993572,1,exact,3,Answer: beignets | Confidence: 85
A,Qwen/Qwen2-VL-2B-Instruct,fp16,fewshot,low_light,1,24,beignets,beignets,0.9,0.9834028879801432,1,exact,3,Answer: beignets | Confidence: 90
A,Qwen/Qwen2-VL-2B-Instruct,fp16,fewshot,low_light,1,25,beignets,beignets,0.9,0.9891031781832376,1,exact,3,Answer: beignets | Confidence: 90
A,Qwen/Qwen2-VL-2B-Instruct,fp16,fewshot,low_light,1,26,beignets,beignets,0.9,0.9780833919843038,1,exact,3,Answer: beignets | Confidence: 90
A,Qwen/Qwen2-VL-2B-Instruct,fp16,fewshot,low_light,1,27,beignets,beignets,0.9,0.9902595480283102,1,exact,3,Answer: beignets | Confidence: 90
A,Qwen/Qwen2-VL-2B-Instruct,fp16,fewshot,low_light,1,28,beignets,beignets,0.85,0.9637810587882996,1,exact,3,Answer: beignets | Confidence: 85
A,Qwen/Qwen2-VL-2B-Instruct,fp16,fewshot,low_light,1,29,beignets,beignets,0.9,0.975582798322042,1,exact,3,Answer: beignets | Confidence: 90
A,Qwen/Qwen2-VL-2B-Instruct,fp16,fewshot,low_light,1,30,beignets,beignets,0.85,0.9862647652626038,1,exact,3,Answer: beignets | Confidence: 85
A,Qwen/Qwen2-VL-2B-Instruct,fp16,fewshot,low_light,1,31,beignets,beignets,0.9,0.9902078906695048,1,exact,3,Answer: beignets | Confidence: 90
A,Qwen/Qwen2-VL-2B-Instruct,fp16,fewshot,low_light,1,32,beignets,beignets,0.9,0.987585445245107,1,exact,3,Answer: beignets | Confidence: 90
A,Qwen/Qwen2-VL-2B-Instruct,fp16,fewshot,low_light,1,33,beignets,beignets,0.9,0.9926848212877908,1,exact,3,Answer: beignets | Confidence: 90
A,Qwen/Qwen2-VL-2B-Instruct,fp16,fewshot,low_light,1,34,beignets,beignets,0.9,0.9885735710461936,1,exact,3,Answer: beignets | Confidence: 90
A,Qwen/Qwen2-VL-2B-Instruct,fp16,fewshot,low_light,1,35,beignets,beignets,0.9,0.9652929703394572,1,exact,3,Answer: beignets | Confidence: 90
A,Qwen/Qwen2-VL-2B-Instruct,fp16,fewshot,low_light,1,36,beignets,beignets,0.9,0.9799692630767822,1,exact,3,Answer: beignets | Confidence: 90
A,Qwen/Qwen2-VL-2B-Instruct,fp16,fewshot,low_light,1,37,beignets,beignets,0.85,0.988171378771464,1,exact,3,Answer: beignets | Confidence: 85
A,Qwen/Qwen2-VL-2B-Instruct,fp16,fewshot,low_light,1,38,beignets,beignets,0.85,0.982103983561198,1,exact,3,Answer: beignets | Confidence: 85
A,Qwen/Qwen2-VL-2B-Instruct,fp16,fewshot,low_light,1,39,beignets,beignets,0.85,0.9891056815783182,1,exact,3,Answer: beignets | Confidence: 85
A,Qwen/Qwen2-VL-2B-Instruct,fp16,fewshot,low_light,1,40,beignets,beignets,0.9,0.9749933083852133,1,exact,3,Answer: beignets | Confidence: 90
A,Qwen/Qwen2-VL-2B-Instruct,fp16,fewshot,low_light,1,41,beignets,beignets,0.85,0.989254673322042,1,exact,3,Answer: beignets | Confidence: 85
A,Qwen/Qwen2-VL-2B-Instruct,fp16,fewshot,low_light,1,42,beignets,beignets,0.9,0.9823771516482036,1,exact,3,Answer: beignets | Confidence: 90
A,Qwen/Qwen2-VL-2B-Instruct,fp16,fewshot,low_light,1,43,beignets,beignets,0.9,0.9807912508646648,1,exact,3,Answer: beignets | Confidence: 90
A,Qwen/Qwen2-VL-2B-Instruct,fp16,fewshot,low_light,1,44,beignets,beignets,0.9,0.9823387066523234,1,exact,3,Answer: beignets | Confidence: 90
A,Qwen/Qwen2-VL-2B-Instruct,fp16,fewshot,low_light,1,45,beignets,french toast,0.9,0.6879313439130783,0,contains,2,Answer: french toast | Confidence: 90
A,Qwen/Qwen2-VL-2B-Instruct,fp16,fewshot,low_light,1,46,beignets,beignets,0.85,0.9828232924143472,1,exact,3,Answer: beignets | Confidence: 85
A,Qwen/Qwen2-VL-2B-Instruct,fp16,fewshot,low_light,1,47,beignets,beignets,0.9,0.9174809654553732,1,exact,3,Answer: beignets | Confidence: 90
A,Qwen/Qwen2-VL-2B-Instruct,fp16,fewshot,low_light,1,48,beignets,beignets,0.9,0.9872976938883464,1,exact,3,Answer: beignets | Confidence: 90
A,Qwen/Qwen2-VL-2B-Instruct,fp16,fewshot,low_light,1,49,beignets,beignets,0.85,0.981118897596995,1,exact,3,Answer: beignets | Confidence: 85
A,Qwen/Qwen2-VL-2B-Instruct,fp16,fewshot,low_light,1,50,beignets,beignets,0.85,0.9832510352134703,1,exact,3,Answer: beignets | Confidence: 85
A,Qwen/Qwen2-VL-2B-Instruct,fp16,fewshot,low_light,1,51,beignets,beignets,0.9,0.9859314759572348,1,exact,3,Answer: beignets | Confidence: 90
A,Qwen/Qwen2-VL-2B-Instruct,fp16,fewshot,low_light,1,52,beignets,beignets,0.9,0.966276983420054,1,exact,3,Answer: beignets | Confidence: 90
A,Qwen/Qwen2-VL-2B-Instruct,fp16,fewshot,low_light,1,53,beignets,beignets,0.85,0.9816364645957948,1,exact,3,Answer: beignets | Confidence: 85
A,Qwen/Qwen2-VL-2B-Instruct,fp16,fewshot,low_light,1,54,beignets,beignets,0.85,0.9830860694249473,1,exact,3,Answer: beignets | Confidence: 85
A,Qwen/Qwen2-VL-2B-Instruct,fp16,fewshot,low_light,1,55,beignets,beignets,0.9,0.992559254169464,1,exact,3,Answer: beignets | Confidence: 90
A,Qwen/Qwen2-VL-2B-Instruct,fp16,fewshot,low_light,1,56,beignets,pizza,0.85,0.6553703546524048,0,contains,1,Answer: pizza | Confidence: 85
A,Qwen/Qwen2-VL-2B-Instruct,fp16,fewshot,low_light,1,57,beignets,beignets,0.9,0.913287897904714,1,exact,3,Answer: beignets | Confidence: 90
A,Qwen/Qwen2-VL-2B-Instruct,fp16,fewshot,low_light,1,58,beignets,beignets,0.85,0.985531528790792,1,exact,3,Answer: beignets | Confidence: 85
A,Qwen/Qwen2-VL-2B-Instruct,fp16,fewshot,low_light,1,59,beignets,beignets,0.85,0.9881426095962524,1,exact,3,Answer: beignets | Confidence: 85
A,Qwen/Qwen2-VL-2B-Instruct,fp16,fewshot,low_light,1,60,beignets,donuts,0.85,0.6945004463195801,0,contains,2,Answer: donuts | Confidence: 85
A,Qwen/Qwen2-VL-2B-Instruct,fp16,fewshot,low_light,1,61,beignets,beignets,0.85,0.9899199406305949,1,exact,3,Answer: beignets | Confidence: 85
A,Qwen/Qwen2-VL-2B-Instruct,fp16,fewshot,low_light,1,62,beignets,beignets,0.9,0.9793561895688376,1,exact,3,Answer: beignets | Confidence: 90
A,Qwen/Qwen2-VL-2B-Instruct,fp16,fewshot,low_light,1,63,beignets,beignets,0.9,0.9771738251050314,1,exact,3,Answer: beignets | Confidence: 90
A,Qwen/Qwen2-VL-2B-Instruct,fp16,fewshot,low_light,1,64,beignets,beignets,0.85,0.9841582973798116,1,exact,3,Answer: beignets | Confidence: 85
A,Qwen/Qwen2-VL-2B-Instruct,fp16,fewshot,low_light,1,65,beignets,beignets,0.85,0.9884205063184104,1,exact,3,Answer: beignets | Confidence: 85
A,Qwen/Qwen2-VL-2B-Instruct,fp16,fewshot,low_light,1,66,beignets,beignets,0.85,0.9889939030011496,1,exact,3,Answer: beignets | Confidence: 85
A,Qwen/Qwen2-VL-2B-Instruct,fp16,fewshot,low_light,1,67,beignets,pizza,0.85,0.5552082061767578,0,nomatch,1,Answer: pizza | Confidence: 85
A,Qwen/Qwen2-VL-2B-Instruct,fp16,fewshot,low_light,1,68,beignets,beignets,0.9,0.9887970487276712,1,exact,3,Answer: beignets | Confidence: 90
A,Qwen/Qwen2-VL-2B-Instruct,fp16,fewshot,low_light,1,69,beignets,beignets,0.85,0.9836919109026592,1,exact,3,Answer: beignets | Confidence: 85
A,Qwen/Qwen2-VL-2B-Instruct,fp16,fewshot,low_light,1,70,beignets,beignets,0.9,0.9714369575182596,1,exact,3,Answer: beignets | Confidence: 90
A,Qwen/Qwen2-VL-2B-Instruct,fp16,fewshot,low_light,1,71,beignets,beignets,0.9,0.9907305836677552,1,exact,3,Answer: beignets | Confidence: 90
A,Qwen/Qwen2-VL-2B-Instruct,fp16,fewshot,low_light,1,72,beignets,beignets,0.9,0.9683695236841836,1,exact,3,Answer: beignets | Confidence: 90
A,Qwen/Qwen2-VL-2B-Instruct,fp16,fewshot,low_light,1,73,beignets,beignets,0.9,0.993226726849874,1,exact,3,Answer: beignets | Confidence: 90
A,Qwen/Qwen2-VL-2B-Instruct,fp16,fewshot,low_light,1,74,beignets,beignets,0.9,0.9848915537198384,1,exact,3,Answer: beignets | Confidence: 90
A,Qwen/Qwen2-VL-2B-Instruct,fp16,fewshot,low_light,1,75,beignets,beignets,0.9,0.989159345626831,1,exact,3,Answer: beignets | Confidence: 90
A,Qwen/Qwen2-VL-2B-Instruct,fp16,fewshot,low_light,1,76,beignets,beignets,0.85,0.9725371797879536,1,exact,3,Answer: beignets | Confidence: 85
A,Qwen/Qwen2-VL-2B-Instruct,fp16,fewshot,low_light,1,77,beignets,beignets,0.9,0.9913717110951742,1,exact,3,Answer: beignets | Confidence: 90
A,Qwen/Qwen2-VL-2B-Instruct,fp16,fewshot,low_light,1,78,beignets,beignets,0.9,0.9843976298967996,1,exact,3,Answer: beignets | Confidence: 90
A,Qwen/Qwen2-VL-2B-Instruct,fp16,fewshot,low_light,1,79,beignets,beignets,0.9,0.9870683153470358,1,exact,3,Answer: beignets | Confidence: 90
A,Qwen/Qwen2-VL-2B-Instruct,fp16,fewshot,low_light,1,80,beignets,beignets,0.9,0.9818957249323528,1,exact,3,Answer: beignets | Confidence: 90
A,Qwen/Qwen2-VL-2B-Instruct,fp16,fewshot,low_light,1,81,beignets,beignets,0.85,0.9448878566424052,1,exact,3,Answer: beignets | Confidence: 85
A,Qwen/Qwen2-VL-2B-Instruct,fp16,fewshot,low_light,1,82,beignets,beignets,0.9,0.9645508726437888,1,exact,3,Answer: beignets | Confidence: 90
A,Qwen/Qwen2-VL-2B-Instruct,fp16,fewshot,low_light,1,83,beignets,beignets,0.9,0.9803820053736368,1,exact,3,Answer: beignets | Confidence: 90
A,Qwen/Qwen2-VL-2B-Instruct,fp16,fewshot,low_light,1,84,beignets,beignets,0.9,0.9827473560969034,1,exact,3,Answer: beignets | Confidence: 90
A,Qwen/Qwen2-VL-2B-Instruct,fp16,fewshot,low_light,1,85,beignets,beignets,0.9,0.9584602117538452,1,exact,3,Answer: beignets | Confidence: 90
A,Qwen/Qwen2-VL-2B-Instruct,fp16,fewshot,low_light,1,86,beignets,beignets,0.85,0.9693154891331992,1,exact,3,Answer: beignets | Confidence: 85
A,Qwen/Qwen2-VL-2B-Instruct,fp16,fewshot,low_light,1,87,beignets,beignets,0.85,0.9578413367271424,1,exact,3,Answer: beignets | Confidence: 85
A,Qwen/Qwen2-VL-2B-Instruct,fp16,fewshot,low_light,1,88,beignets,bread pudding,0.9,0.8230051398277283,0,contains,2,Answer: bread pudding | Confidence: 90
A,Qwen/Qwen2-VL-2B-Instruct,fp16,fewshot,low_light,1,89,beignets,bread pudding,0.9,0.8458881676197052,0,contains,2,Answer: bread pudding | Confidence: 90
A,Qwen/Qwen2-VL-2B-Instruct,fp16,fewshot,low_light,1,90,beignets,beignets,0.9,0.9876506725947062,1,exact,3,Answer: beignets | Confidence: 90
A,Qwen/Qwen2-VL-2B-Instruct,fp16,fewshot,low_light,1,91,beignets,beignets,0.85,0.9830658435821532,1,exact,3,Answer: beignets | Confidence: 85
A,Qwen/Qwen2-VL-2B-Instruct,fp16,fewshot,low_light,1,92,beignets,beignets,0.9,0.992533286412557,1,exact,3,Answer: beignets | Confidence: 90
A,Qwen/Qwen2-VL-2B-Instruct,fp16,fewshot,low_light,1,93,beignets,beignets,0.85,0.9813833435376486,1,exact,3,Answer: beignets | Confidence: 85
A,Qwen/Qwen2-VL-2B-Instruct,fp16,fewshot,low_light,1,94,beignets,beignets,0.85,0.977474848429362,1,exact,3,Answer: beignets | Confidence: 85
A,Qwen/Qwen2-VL-2B-Instruct,fp16,fewshot,low_light,1,95,beignets,beignets,0.85,0.9904230435689292,1,exact,3,Answer: beignets | Confidence: 85
A,Qwen/Qwen2-VL-2B-Instruct,fp16,fewshot,low_light,1,96,beignets,beignets,0.85,0.9794994791348776,1,exact,3,Answer: beignets | Confidence: 85
A,Qwen/Qwen2-VL-2B-Instruct,fp16,fewshot,low_light,1,97,beignets,beignets,0.85,0.8564488291740417,1,exact,3,Answer: beignets | Confidence: 85
A,Qwen/Qwen2-VL-2B-Instruct,fp16,fewshot,low_light,1,98,beignets,beignets,0.85,0.9842967987060548,1,exact,3,Answer: beignets | Confidence: 85
A,Qwen/Qwen2-VL-2B-Instruct,fp16,fewshot,low_light,1,99,beignets,beignets,0.9,0.9826409220695496,1,exact,3,Answer: beignets | Confidence: 90
A,Qwen/Qwen2-VL-2B-Instruct,fp16,fewshot,low_light,2,0,beignets,beignets,0.85,0.985307196776072,1,exact,3,Answer: beignets | Confidence: 85
A,Qwen/Qwen2-VL-2B-Instruct,fp16,fewshot,low_light,2,1,beignets,beignets,0.85,0.85759570201238,1,exact,3,Answer: beignets | Confidence: 85
A,Qwen/Qwen2-VL-2B-Instruct,fp16,fewshot,low_light,2,2,beignets,beignets,0.9,0.9835964242617288,1,exact,3,Answer: beignets | Confidence: 90
A,Qwen/Qwen2-VL-2B-Instruct,fp16,fewshot,low_light,2,3,beignets,oysters,0.9,0.6333329677581787,0,contains,2,Answer: oysters | Confidence: 90
A,Qwen/Qwen2-VL-2B-Instruct,fp16,fewshot,low_light,2,4,beignets,beignets,0.9,0.9934174617131551,1,exact,3,Answer: beignets | Confidence: 90
A,Qwen/Qwen2-VL-2B-Instruct,fp16,fewshot,low_light,2,5,beignets,beignets,0.85,0.9845794041951498,1,exact,3,Answer: beignets | Confidence: 85
A,Qwen/Qwen2-VL-2B-Instruct,fp16,fewshot,low_light,2,6,beignets,beignets,0.9,0.9689793388048809,1,exact,3,Answer: beignets | Confidence: 90
A,Qwen/Qwen2-VL-2B-Instruct,fp16,fewshot,low_light,2,7,beignets,beignets,0.9,0.9931190411249796,1,exact,3,Answer: beignets | Confidence: 90
A,Qwen/Qwen2-VL-2B-Instruct,fp16,fewshot,low_light,2,8,beignets,fried calamari,0.85,0.936316192150116,0,contains,3,Answer: fried calamari | Confidence: 85
A,Qwen/Qwen2-VL-2B-Instruct,fp16,fewshot,low_light,2,9,beignets,beignets,0.9,0.9921823740005492,1,exact,3,Answer: beignets | Confidence: 90
A,Qwen/Qwen2-VL-2B-Instruct,fp16,fewshot,low_light,2,10,beignets,beignets,0.9,0.9947983225186666,1,exact,3,Answer: beignets | Confidence: 90
A,Qwen/Qwen2-VL-2B-Instruct,fp16,fewshot,low_light,2,11,beignets,beignets,0.85,0.9870471755663554,1,exact,3,Answer: beignets | Confidence: 85
A,Qwen/Qwen2-VL-2B-Instruct,fp16,fewshot,low_light,2,12,beignets,chicken nuggets,0.9,0.5260420739650726,0,nomatch,3,Answer: chicken nuggets | Confidence: 90
A,Qwen/Qwen2-VL-2B-Instruct,fp16,fewshot,low_light,2,13,beignets,beignets,0.9,0.9676323930422464,1,exact,3,Answer: beignets | Confidence: 90
A,Qwen/Qwen2-VL-2B-Instruct,fp16,fewshot,low_light,2,14,beignets,beignets,0.85,0.9902043541272482,1,exact,3,Answer: beignets | Confidence: 85
A,Qwen/Qwen2-VL-2B-Instruct,fp16,fewshot,low_light,2,15,beignets,beignets,0.85,0.9926364024480184,1,exact,3,Answer: beignets | Confidence: 85
A,Qwen/Qwen2-VL-2B-Instruct,fp16,fewshot,low_light,2,16,beignets,beignets,0.9,0.9935856262842814,1,exact,3,Answer: beignets | Confidence: 90
A,Qwen/Qwen2-VL-2B-Instruct,fp16,fewshot,low_light,2,17,beignets,beignets,0.9,0.9800229867299398,1,exact,3,Answer: beignets | Confidence: 90
A,Qwen/Qwen2-VL-2B-Instruct,fp16,fewshot,low_light,2,18,beignets,beignets,0.9,0.9908726414044698,1,exact,3,Answer: beignets | Confidence: 90
A,Qwen/Qwen2-VL-2B-Instruct,fp16,fewshot,low_light,2,19,beignets,bread,,0.7127031683921814,0,nomatch,1,Answer: bread
A,Qwen/Qwen2-VL-2B-Instruct,fp16,fewshot,low_light,2,20,beignets,baklava,0.9,0.8032985130945841,0,contains,3,Answer: baklava | Confidence: 90
A,Qwen/Qwen2-VL-2B-Instruct,fp16,fewshot,low_light,2,21,beignets,beignets,0.9,0.8770842750867208,1,exact,3,Answer: beignets | Confidence: 90
A,Qwen/Qwen2-VL-2B-Instruct,fp16,fewshot,low_light,2,22,beignets,beignets,0.85,0.989733358224233,1,exact,3,Answer: beignets | Confidence: 85
A,Qwen/Qwen2-VL-2B-Instruct,fp16,fewshot,low_light,2,23,beignets,beignets,0.85,0.9830262064933776,1,exact,3,Answer: beignets | Confidence: 85
A,Qwen/Qwen2-VL-2B-Instruct,fp16,fewshot,low_light,2,24,beignets,beignets,0.8,0.9772770404815674,1,exact,3,Answer: beignets | Confidence: 80
A,Qwen/Qwen2-VL-2B-Instruct,fp16,fewshot,low_light,2,25,beignets,beignets,0.9,0.9897591272989908,1,exact,3,Answer: beignets | Confidence: 90
A,Qwen/Qwen2-VL-2B-Instruct,fp16,fewshot,low_light,2,26,beignets,beignets,0.85,0.9907865524291992,1,exact,3,Answer: beignets | Confidence: 85
A,Qwen/Qwen2-VL-2B-Instruct,fp16,fewshot,low_light,2,27,beignets,beignets,0.9,0.98361341158549,1,exact,3,Answer: beignets | Confidence: 90
A,Qwen/Qwen2-VL-2B-Instruct,fp16,fewshot,low_light,2,28,beignets,beignets,0.85,0.9766378601392112,1,exact,3,Answer: beignets | Confidence: 85
A,Qwen/Qwen2-VL-2B-Instruct,fp16,fewshot,low_light,2,29,beignets,beignets,0.9,0.984020451704661,1,exact,3,Answer: beignets | Confidence: 90
A,Qwen/Qwen2-VL-2B-Instruct,fp16,fewshot,low_light,2,30,beignets,beignets,0.85,0.986754834651947,1,exact,3,Answer: beignets | Confidence: 85
A,Qwen/Qwen2-VL-2B-Instruct,fp16,fewshot,low_light,2,31,beignets,beignets,0.9,0.9866633415222168,1,exact,3,Answer: beignets | Confidence: 90
A,Qwen/Qwen2-VL-2B-Instruct,fp16,fewshot,low_light,2,32,beignets,beignets,0.9,0.984967271486918,1,exact,3,Answer: beignets | Confidence: 90
A,Qwen/Qwen2-VL-2B-Instruct,fp16,fewshot,low_light,2,33,beignets,beignets,0.9,0.9945916930834452,1,exact,3,Answer: beignets | Confidence: 90
A,Qwen/Qwen2-VL-2B-Instruct,fp16,fewshot,low_light,2,34,beignets,beignets,0.9,0.98907075325648,1,exact,3,Answer: beignets | Confidence: 90
A,Qwen/Qwen2-VL-2B-Instruct,fp16,fewshot,low_light,2,35,beignets,beignets,0.85,0.9782559275627136,1,exact,3,Answer: beignets | Confidence: 85
A,Qwen/Qwen2-VL-2B-Instruct,fp16,fewshot,low_light,2,36,beignets,beignets,0.9,0.9748408993085226,1,exact,3,Answer: beignets | Confidence: 90
A,Qwen/Qwen2-VL-2B-Instruct,fp16,fewshot,low_light,2,37,beignets,beignets,0.9,0.9918526808420816,1,exact,3,Answer: beignets | Confidence: 90
A,Qwen/Qwen2-VL-2B-Instruct,fp16,fewshot,low_light,2,38,beignets,beignets,0.85,0.9848214387893676,1,exact,3,Answer: beignets | Confidence: 85
A,Qwen/Qwen2-VL-2B-Instruct,fp16,fewshot,low_light,2,39,beignets,beignets,0.9,0.9914873441060384,1,exact,3,Answer: beignets | Confidence: 90
A,Qwen/Qwen2-VL-2B-Instruct,fp16,fewshot,low_light,2,40,beignets,beignets,0.9,0.945469081401825,1,exact,3,Answer: beignets | Confidence: 90
A,Qwen/Qwen2-VL-2B-Instruct,fp16,fewshot,low_light,2,41,beignets,beignets,0.85,0.9885219931602478,1,exact,3,Answer: beignets | Confidence: 85
A,Qwen/Qwen2-VL-2B-Instruct,fp16,fewshot,low_light,2,42,beignets,beignets,0.9,0.9838311274846396,1,exact,3,Answer: beignets | Confidence: 90
A,Qwen/Qwen2-VL-2B-Instruct,fp16,fewshot,low_light,2,43,beignets,beignets,0.9,0.9807936946551004,1,exact,3,Answer: beignets | Confidence: 90
A,Qwen/Qwen2-VL-2B-Instruct,fp16,fewshot,low_light,2,44,beignets,beignets,0.9,0.9885339736938475,1,exact,3,Answer: beignets | Confidence: 90
A,Qwen/Qwen2-VL-2B-Instruct,fp16,fewshot,low_light,2,45,beignets,french toast,0.9,0.8287292718887329,0,contains,2,Answer: french toast | Confidence: 90
A,Qwen/Qwen2-VL-2B-Instruct,fp16,fewshot,low_light,2,46,beignets,beignets,0.85,0.9794775644938152,1,exact,3,Answer: beignets | Confidence: 85
A,Qwen/Qwen2-VL-2B-Instruct,fp16,fewshot,low_light,2,47,beignets,scallops,0.9,0.8393059372901917,0,contains,2,Answer: scallops | Confidence: 90
A,Qwen/Qwen2-VL-2B-Instruct,fp16,fewshot,low_light,2,48,beignets,beignets,0.9,0.9907594323158264,1,exact,3,Answer: beignets | Confidence: 90
A,Qwen/Qwen2-VL-2B-Instruct,fp16,fewshot,low_light,2,49,beignets,beignets,0.85,0.98747456073761,1,exact,3,Answer: beignets | Confidence: 85
A,Qwen/Qwen2-VL-2B-Instruct,fp16,fewshot,low_light,2,50,beignets,lobster roll sandwich,0.9,0.9499390125274658,0,contains,3,Answer: lobster roll sandwich | Confidence: 90
A,Qwen/Qwen2-VL-2B-Instruct,fp16,fewshot,low_light,2,51,beignets,beignets,0.9,0.9874831835428872,1,exact,3,Answer: beignets | Confidence: 90
A,Qwen/Qwen2-VL-2B-Instruct,fp16,fewshot,low_light,2,52,beignets,beignets,0.9,0.9802542527516684,1,exact,3,Answer: beignets | Confidence: 90
A,Qwen/Qwen2-VL-2B-Instruct,fp16,fewshot,low_light,2,53,beignets,beignets,0.9,0.9869461059570312,1,exact,3,Answer: beignets | Confidence: 90
A,Qwen/Qwen2-VL-2B-Instruct,fp16,fewshot,low_light,2,54,beignets,beignets,0.85,0.9874822696050009,1,exact,3,Answer: beignets | Confidence: 85
A,Qwen/Qwen2-VL-2B-Instruct,fp16,fewshot,low_light,2,55,beignets,beignets,0.9,0.9909224510192872,1,exact,3,Answer: beignets | Confidence: 90
A,Qwen/Qwen2-VL-2B-Instruct,fp16,fewshot,low_light,2,56,beignets,pizza,0.85,0.7522113919258118,0,contains,1,Answer: pizza | Confidence: 85
A,Qwen/Qwen2-VL-2B-Instruct,fp16,fewshot,low_light,2,57,beignets,beignets,0.85,0.8826663891474406,1,exact,3,Answer: beignets | Confidence: 85
A,Qwen/Qwen2-VL-2B-Instruct,fp16,fewshot,low_light,2,58,beignets,beignets,0.85,0.9855284293492635,1,exact,3,Answer: beignets | Confidence: 85
A,Qwen/Qwen2-VL-2B-Instruct,fp16,fewshot,low_light,2,59,beignets,beignets,0.85,0.9911771814028422,1,exact,3,Answer: beignets | Confidence: 85
A,Qwen/Qwen2-VL-2B-Instruct,fp16,fewshot,low_light,2,60,beignets,donuts,0.85,0.7100856304168701,0,contains,2,Answer: donuts | Confidence: 85
A,Qwen/Qwen2-VL-2B-Instruct,fp16,fewshot,low_light,2,61,beignets,beignets,0.9,0.9921404719352722,1,exact,3,Answer: beignets | Confidence: 90
A,Qwen/Qwen2-VL-2B-Instruct,fp16,fewshot,low_light,2,62,beignets,beignets,0.9,0.9732539653778076,1,exact,3,Answer: beignets | Confidence: 90
A,Qwen/Qwen2-VL-2B-Instruct,fp16,fewshot,low_light,2,63,beignets,beignets,0.85,0.9677400986353556,1,exact,3,Answer: beignets | Confidence: 85
A,Qwen/Qwen2-VL-2B-Instruct,fp16,fewshot,low_light,2,64,beignets,beignets,0.9,0.9902884562810262,1,exact,3,Answer: beignets | Confidence: 90
A,Qwen/Qwen2-VL-2B-Instruct,fp16,fewshot,low_light,2,65,beignets,beignets,0.85,0.9904332359631856,1,exact,3,Answer: beignets | Confidence: 85
A,Qwen/Qwen2-VL-2B-Instruct,fp16,fewshot,low_light,2,66,beignets,beignets,0.85,0.990584909915924,1,exact,3,Answer: beignets | Confidence: 85
A,Qwen/Qwen2-VL-2B-Instruct,fp16,fewshot,low_light,2,67,beignets,pizza,0.85,0.873731791973114,0,nomatch,1,Answer: pizza | Confidence: 85
A,Qwen/Qwen2-VL-2B-Instruct,fp16,fewshot,low_light,2,68,beignets,beignets,0.9,0.9870009024937948,1,exact,3,Answer: beignets | Confidence: 90
A,Qwen/Qwen2-VL-2B-Instruct,fp16,fewshot,low_light,2,69,beignets,beignets,0.85,0.9874494870503744,1,exact,3,Answer: beignets | Confidence: 85
A,Qwen/Qwen2-VL-2B-Instruct,fp16,fewshot,low_light,2,70,beignets,beignets,0.9,0.9806222716967264,1,exact,3,Answer: beignets | Confidence: 90
A,Qwen/Qwen2-VL-2B-Instruct,fp16,fewshot,low_light,2,71,beignets,beignets,0.85,0.7593580087025961,1,exact,3,Answer: beignets | Confidence: 85
A,Qwen/Qwen2-VL-2B-Instruct,fp16,fewshot,low_light,2,72,beignets,beignets,0.9,0.9693297743797302,1,exact,3,Answer: beignets | Confidence: 90
A,Qwen/Qwen2-VL-2B-Instruct,fp16,fewshot,low_light,2,73,beignets,beignets,0.9,0.9922589858373008,1,exact,3,Answer: beignets | Confidence: 90
A,Qwen/Qwen2-VL-2B-Instruct,fp16,fewshot,low_light,2,74,beignets,beignets,0.9,0.9842900037765504,1,exact,3,Answer: beignets | Confidence: 90
A,Qwen/Qwen2-VL-2B-Instruct,fp16,fewshot,low_light,2,75,beignets,beignets,0.9,0.9885334571202596,1,exact,3,Answer: beignets | Confidence: 90
A,Qwen/Qwen2-VL-2B-Instruct,fp16,fewshot,low_light,2,76,beignets,beignets,0.9,0.9815521637598672,1,exact,3,Answer: beignets | Confidence: 90
A,Qwen/Qwen2-VL-2B-Instruct,fp16,fewshot,low_light,2,77,beignets,spaghetti carbonara,0.9,0.7586809198061625,0,contains,3,Answer: spaghetti carbonara | Confidence: 90
A,Qwen/Qwen2-VL-2B-Instruct,fp16,fewshot,low_light,2,78,beignets,beignets,0.9,0.79642120997111,1,exact,3,Answer: beignets | Confidence: 90
A,Qwen/Qwen2-VL-2B-Instruct,fp16,fewshot,low_light,2,79,beignets,beignets,0.9,0.9857839941978456,1,exact,3,Answer: beignets | Confidence: 90
A,Qwen/Qwen2-VL-2B-Instruct,fp16,fewshot,low_light,2,80,beignets,beignets,0.9,0.9808302919069926,1,exact,3,Answer: beignets | Confidence: 90
A,Qwen/Qwen2-VL-2B-Instruct,fp16,fewshot,low_light,2,81,beignets,beignets,0.85,0.9557003378868104,1,exact,3,Answer: beignets | Confidence: 85
A,Qwen/Qwen2-VL-2B-Instruct,fp16,fewshot,low_light,2,82,beignets,beignets,0.9,0.9550454219182332,1,exact,3,Answer: beignets | Confidence: 90
A,Qwen/Qwen2-VL-2B-Instruct,fp16,fewshot,low_light,2,83,beignets,omelette,0.9,0.764243612686793,0,contains,3,Answer: omelette | Confidence: 90
A,Qwen/Qwen2-VL-2B-Instruct,fp16,fewshot,low_light,2,84,beignets,fish and chips,0.85,0.8668940862019857,0,contains,3,Answer: fish and chips | Confidence: 85
A,Qwen/Qwen2-VL-2B-Instruct,fp16,fewshot,low_light,2,85,beignets,beignets,0.9,0.9796119530995688,1,exact,3,Answer: beignets | Confidence: 90
A,Qwen/Qwen2-VL-2B-Instruct,fp16,fewshot,low_light,2,86,beignets,beignets,0.9,0.9708250363667806,1,exact,3,Answer: beignets | Confidence: 90
A,Qwen/Qwen2-VL-2B-Instruct,fp16,fewshot,low_light,2,87,beignets,beignets,0.85,0.9563868045806884,1,exact,3,Answer: beignets | Confidence: 85
A,Qwen/Qwen2-VL-2B-Instruct,fp16,fewshot,low_light,2,88,beignets,bread pudding,0.9,0.9193723499774932,0,contains,2,Answer: bread pudding | Confidence: 90
A,Qwen/Qwen2-VL-2B-Instruct,fp16,fewshot,low_light,2,89,beignets,bread pudding,0.9,0.8283422887325287,0,contains,2,Answer: bread pudding | Confidence: 90
A,Qwen/Qwen2-VL-2B-Instruct,fp16,fewshot,low_light,2,90,beignets,beignets,0.9,0.9903456171353658,1,exact,3,Answer: beignets | Confidence: 90
A,Qwen/Qwen2-VL-2B-Instruct,fp16,fewshot,low_light,2,91,beignets,beignets,0.85,0.985418995221456,1,exact,3,Answer: beignets | Confidence: 85
A,Qwen/Qwen2-VL-2B-Instruct,fp16,fewshot,low_light,2,92,beignets,beignets,0.85,0.9940555294354756,1,exact,3,Answer: beignets | Confidence: 85
A,Qwen/Qwen2-VL-2B-Instruct,fp16,fewshot,low_light,2,93,beignets,beignets,0.85,0.9807363152503968,1,exact,3,Answer: beignets | Confidence: 85
A,Qwen/Qwen2-VL-2B-Instruct,fp16,fewshot,low_light,2,94,beignets,beignets,0.85,0.9809290766716005,1,exact,3,Answer: beignets | Confidence: 85
A,Qwen/Qwen2-VL-2B-Instruct,fp16,fewshot,low_light,2,95,beignets,beignets,0.85,0.9918686151504515,1,exact,3,Answer: beignets | Confidence: 85
A,Qwen/Qwen2-VL-2B-Instruct,fp16,fewshot,low_light,2,96,beignets,beignets,0.85,0.9796744585037231,1,exact,3,Answer: beignets | Confidence: 85
A,Qwen/Qwen2-VL-2B-Instruct,fp16,fewshot,low_light,2,97,beignets,cake,0.85,0.4302746951580047,0,nomatch,1,Answer: cake | Confidence: 85
A,Qwen/Qwen2-VL-2B-Instruct,fp16,fewshot,low_light,2,98,beignets,beignets,0.85,0.9909846584002177,1,exact,3,Answer: beignets | Confidence: 85
A,Qwen/Qwen2-VL-2B-Instruct,fp16,fewshot,low_light,2,99,beignets,beignets,0.8,0.7997679511706034,1,exact,3,Answer: beignets | Confidence: 80
A,Qwen/Qwen2-VL-2B-Instruct,fp16,fewshot,low_light,3,0,beignets,tiramisu,0.85,0.8760660489400228,0,contains,3,Answer: tiramisu | Confidence: 85
A,Qwen/Qwen2-VL-2B-Instruct,fp16,fewshot,low_light,3,1,beignets,gyoza,0.85,0.7650166054566702,0,contains,3,Answer: gyoza | Confidence: 85
A,Qwen/Qwen2-VL-2B-Instruct,fp16,fewshot,low_light,3,2,beignets,beignets,0.9,0.9838815331459044,1,exact,3,Answer: beignets | Confidence: 90
A,Qwen/Qwen2-VL-2B-Instruct,fp16,fewshot,low_light,3,3,beignets,oysters,0.9,0.6553809642791748,0,contains,2,Answer: oysters | Confidence: 90
A,Qwen/Qwen2-VL-2B-Instruct,fp16,fewshot,low_light,3,4,beignets,beignets,0.9,0.9939565261205038,1,exact,3,Answer: beignets | Confidence: 90
A,Qwen/Qwen2-VL-2B-Instruct,fp16,fewshot,low_light,3,5,beignets,beignets,0.85,0.9810710748036704,1,exact,3,Answer: beignets | Confidence: 85
A,Qwen/Qwen2-VL-2B-Instruct,fp16,fewshot,low_light,3,6,beignets,beignets,0.9,0.9739482402801514,1,exact,3,Answer: beignets | Confidence: 90
A,Qwen/Qwen2-VL-2B-Instruct,fp16,fewshot,low_light,3,7,beignets,beignets,0.9,0.9933794736862184,1,exact,3,Answer: beignets | Confidence: 90
A,Qwen/Qwen2-VL-2B-Instruct,fp16,fewshot,low_light,3,8,beignets,fried calamari,0.85,0.9405364394187928,0,contains,3,Answer: fried calamari | Confidence: 85
A,Qwen/Qwen2-VL-2B-Instruct,fp16,fewshot,low_light,3,9,beignets,beignets,0.8,0.9886986215909322,1,exact,3,Answer: beignets | Confidence: 80
A,Qwen/Qwen2-VL-2B-Instruct,fp16,fewshot,low_light,3,10,beignets,beignets,0.9,0.9766058723131816,1,exact,3,Answer: beignets | Confidence: 90
A,Qwen/Qwen2-VL-2B-Instruct,fp16,fewshot,low_light,3,11,beignets,beignets,0.85,0.9916561841964722,1,exact,3,Answer: beignets | Confidence: 85
A,Qwen/Qwen2-VL-2B-Instruct,fp16,fewshot,low_light,3,12,beignets,chicken nuggets,0.9,0.7093139886856079,0,nomatch,3,Answer: chicken nuggets | Confidence: 90
A,Qwen/Qwen2-VL-2B-Instruct,fp16,fewshot,low_light,3,13,beignets,beignets,0.9,0.7917843560377756,1,exact,3,Answer: beignets | Confidence: 90
A,Qwen/Qwen2-VL-2B-Instruct,fp16,fewshot,low_light,3,14,beignets,beignets,0.85,0.9930815696716307,1,exact,3,Answer: beignets | Confidence: 85
A,Qwen/Qwen2-VL-2B-Instruct,fp16,fewshot,low_light,3,15,beignets,scallops,0.85,0.7429206669330597,0,contains,2,Answer: scallops | Confidence: 85
A,Qwen/Qwen2-VL-2B-Instruct,fp16,fewshot,low_light,3,16,beignets,beignets,0.9,0.7983138759930929,1,exact,3,Answer: beignets | Confidence: 90
A,Qwen/Qwen2-VL-2B-Instruct,fp16,fewshot,low_light,3,17,beignets,beignets,0.9,0.9411134918530782,1,exact,3,Answer: beignets | Confidence: 90
A,Qwen/Qwen2-VL-2B-Instruct,fp16,fewshot,low_light,3,18,beignets,samosa,0.9,0.745663195848465,0,contains,2,Answer: samosa | Confidence: 90
A,Qwen/Qwen2-VL-2B-Instruct,fp16,fewshot,low_light,3,19,beignets,beignets,0.85,0.8585629264513651,1,exact,3,Answer: beignets | Confidence: 85
A,Qwen/Qwen2-VL-2B-Instruct,fp16,fewshot,low_light,3,20,beignets,beignets,0.85,0.7459802230199178,1,exact,3,Answer: beignets | Confidence: 85
A,Qwen/Qwen2-VL-2B-Instruct,fp16,fewshot,low_light,3,21,beignets,fried calamari,0.9,0.7690176566441854,0,contains,3,Answer: fried calamari | Confidence: 90
A,Qwen/Qwen2-VL-2B-Instruct,fp16,fewshot,low_light,3,22,beignets,pizza,0.85,0.7193558812141418,0,nomatch,1,Answer: pizza | Confidence: 85
A,Qwen/Qwen2-VL-2B-Instruct,fp16,fewshot,low_light,3,23,beignets,beignets,0.85,0.8019407590230306,1,exact,3,Answer: beignets | Confidence: 85
A,Qwen/Qwen2-VL-2B-Instruct,fp16,fewshot,low_light,3,24,beignets,beignets,0.8,0.9273220896720886,1,exact,3,Answer: beignets | Confidence: 80
A,Qwen/Qwen2-VL-2B-Instruct,fp16,fewshot,low_light,3,25,beignets,club sandwich,0.9,0.7761027812957764,0,contains,2,Answer: club sandwich | Confidence: 90
A,Qwen/Qwen2-VL-2B-Instruct,fp16,fewshot,low_light,3,26,beignets,bread pudding,0.85,0.8372706472873688,0,contains,2,Answer: bread pudding | Confidence: 85
A,Qwen/Qwen2-VL-2B-Instruct,fp16,fewshot,low_light,3,27,beignets,beignets,0.9,0.9917819102605184,1,exact,3,Answer: beignets | Confidence: 90
A,Qwen/Qwen2-VL-2B-Instruct,fp16,fewshot,low_light,3,28,beignets,beignets,0.85,0.9815759658813475,1,exact,3,Answer: beignets | Confidence: 85
A,Qwen/Qwen2-VL-2B-Instruct,fp16,fewshot,low_light,3,29,beignets,beignets,0.8,0.7791461845239004,1,exact,3,Answer: beignets | Confidence: 80
A,Qwen/Qwen2-VL-2B-Instruct,fp16,fewshot,low_light,3,30,beignets,garlic bread,0.8,0.850351482629776,0,contains,2,Answer: garlic bread | Confidence: 80
A,Qwen/Qwen2-VL-2B-Instruct,fp16,fewshot,low_light,3,31,beignets,pizza,0.9,0.370415598154068,0,nomatch,1,Answer: pizza | Confidence: 90
A,Qwen/Qwen2-VL-2B-Instruct,fp16,fewshot,low_light,3,32,beignets,fried rice,0.8,0.6626181453466415,0,contains,2,Answer: fried rice | Confidence: 80
A,Qwen/Qwen2-VL-2B-Instruct,fp16,fewshot,low_light,3,33,beignets,beignets,0.9,0.9926819403966268,1,exact,3,Answer: beignets | Confidence: 90
A,Qwen/Qwen2-VL-2B-Instruct,fp16,fewshot,low_light,3,34,beignets,panna cotta,0.8,0.858605146408081,0,contains,4,Answer: panna cotta | Confidence: 80
A,Qwen/Qwen2-VL-2B-Instruct,fp16,fewshot,low_light,3,35,beignets,shrimp and grits,0.85,0.8527315631508827,0,contains,4,Answer: shrimp and grits | Confidence: 85
A,Qwen/Qwen2-VL-2B-Instruct,fp16,fewshot,low_light,3,36,beignets,fried calamari,0.9,0.8520333170890808,0,contains,3,Answer: fried calamari | Confidence: 90
A,Qwen/Qwen2-VL-2B-Instruct,fp16,fewshot,low_light,3,37,beignets,beignets,0.85,0.8657026688257853,1,exact,3,Answer: beignets | Confidence: 85
A,Qwen/Qwen2-VL-2B-Instruct,fp16,fewshot,low_light,3,38,beignets,beignets,0.85,0.985420068105062,1,exact,3,Answer: beignets | Confidence: 85
A,Qwen/Qwen2-VL-2B-Instruct,fp16,fewshot,low_light,3,39,beignets,beignets,0.9,0.9890480438868204,1,exact,3,Answer: beignets | Confidence: 90
A,Qwen/Qwen2-VL-2B-Instruct,fp16,fewshot,low_light,3,40,beignets,fried calamari,0.85,0.7980485558509827,0,contains,3,Answer: fried calamari | Confidence: 85
A,Qwen/Qwen2-VL-2B-Instruct,fp16,fewshot,low_light,3,41,beignets,beignets,0.85,0.9899901747703552,1,exact,3,Answer: beignets | Confidence: 85
A,Qwen/Qwen2-VL-2B-Instruct,fp16,fewshot,low_light,3,42,beignets,beignets,0.9,0.9668343663215636,1,exact,3,Answer: beignets | Confidence: 90
A,Qwen/Qwen2-VL-2B-Instruct,fp16,fewshot,low_light,3,43,beignets,beignets,0.85,0.982322076956431,1,exact,3,Answer: beignets | Confidence: 85
A,Qwen/Qwen2-VL-2B-Instruct,fp16,fewshot,low_light,3,44,beignets,pizza,0.85,0.4288092851638794,0,nomatch,1,Answer: pizza | Confidence: 85
A,Qwen/Qwen2-VL-2B-Instruct,fp16,fewshot,low_light,3,45,beignets,french toast,0.9,0.952218383550644,0,contains,2,Answer: french toast | Confidence: 90
A,Qwen/Qwen2-VL-2B-Instruct,fp16,fewshot,low_light,3,46,beignets,ravioli,0.9,0.8175118366877238,0,contains,3,Answer: ravioli | Confidence: 90
A,Qwen/Qwen2-VL-2B-Instruct,fp16,fewshot,low_light,3,47,beignets,pizza,0.85,0.5208430886268616,0,nomatch,1,Answer: pizza | Confidence: 85
A,Qwen/Qwen2-VL-2B-Instruct,fp16,fewshot,low_light,3,48,beignets,beignets,0.85,0.9876644611358644,1,exact,3,Answer: beignets | Confidence: 85
A,Qwen/Qwen2-VL-2B-Instruct,fp16,fewshot,low_light,3,49,beignets,beignets,0.85,0.9881184895833334,1,exact,3,Answer: beignets | Confidence: 85
A,Qwen/Qwen2-VL-2B-Instruct,fp16,fewshot,low_light,3,50,beignets,lobster roll sandwich,0.9,0.7956996560096741,0,contains,3,Answer: lobster roll sandwich | Confidence: 90
A,Qwen/Qwen2-VL-2B-Instruct,fp16,fewshot,low_light,3,51,beignets,beignets,0.9,0.8471602400143942,1,exact,3,Answer: beignets | Confidence: 90
A,Qwen/Qwen2-VL-2B-Instruct,fp16,fewshot,low_light,3,52,beignets,beignets,0.9,0.9835962255795796,1,exact,3,Answer: beignets | Confidence: 90
A,Qwen/Qwen2-VL-2B-Instruct,fp16,fewshot,low_light,3,53,beignets,beignets,0.85,0.9891588687896729,1,exact,3,Answer: beignets | Confidence: 85
A,Qwen/Qwen2-VL-2B-Instruct,fp16,fewshot,low_light,3,54,beignets,beignets,0.85,0.9910609722137452,1,exact,3,Answer: beignets | Confidence: 85
A,Qwen/Qwen2-VL-2B-Instruct,fp16,fewshot,low_light,3,55,beignets,beignets,0.9,0.990552544593811,1,exact,3,Answer: beignets | Confidence: 90
A,Qwen/Qwen2-VL-2B-Instruct,fp16,fewshot,low_light,3,56,beignets,pizza,0.9,0.7715280652046204,0,contains,1,Answer: pizza | Confidence: 90
A,Qwen/Qwen2-VL-2B-Instruct,fp16,fewshot,low_light,3,57,beignets,fried rice,0.9,0.4641191437840462,0,contains,2,Answer: fried rice | Confidence: 90
A,Qwen/Qwen2-VL-2B-Instruct,fp16,fewshot,low_light,3,58,beignets,beignets,0.9,0.9844899773597716,1,exact,3,Answer: beignets | Confidence: 90
A,Qwen/Qwen2-VL-2B-Instruct,fp16,fewshot,low_light,3,59,beignets,pizza,0.85,0.3381075263023376,0,nomatch,1,Answer: pizza | Confidence: 85
A,Qwen/Qwen2-VL-2B-Instruct,fp16,fewshot,low_light,3,60,beignets,donuts,0.85,0.6801647394895554,0,contains,2,Answer: donuts | Confidence: 85
A,Qwen/Qwen2-VL-2B-Instruct,fp16,fewshot,low_light,3,61,beignets,beignets,0.9,0.9265031814575196,1,exact,3,Answer: beignets | Confidence: 90
A,Qwen/Qwen2-VL-2B-Instruct,fp16,fewshot,low_light,3,62,beignets,beignets,0.9,0.985451360543569,1,exact,3,Answer: beignets | Confidence: 90
A,Qwen/Qwen2-VL-2B-Instruct,fp16,fewshot,low_light,3,63,beignets,fried rice,0.9,0.7449527680873871,0,contains,2,Answer: fried rice | Confidence: 90
A,Qwen/Qwen2-VL-2B-Instruct,fp16,fewshot,low_light,3,64,beignets,beignets,0.85,0.986222525437673,1,exact,3,Answer: beignets | Confidence: 85
A,Qwen/Qwen2-VL-2B-Instruct,fp16,fewshot,low_light,3,65,beignets,beignets,0.85,0.9903343915939332,1,exact,3,Answer: beignets | Confidence: 85
A,Qwen/Qwen2-VL-2B-Instruct,fp16,fewshot,low_light,3,66,beignets,beignets,0.85,0.9909802277882894,1,exact,3,Answer: beignets | Confidence: 85
A,Qwen/Qwen2-VL-2B-Instruct,fp16,fewshot,low_light,3,67,beignets,pizza,0.85,0.8674821853637695,0,nomatch,1,Answer: pizza | Confidence: 85
A,Qwen/Qwen2-VL-2B-Instruct,fp16,fewshot,low_light,3,68,beignets,beignets,0.9,0.9262706438700358,1,exact,3,Answer: beignets | Confidence: 90
A,Qwen/Qwen2-VL-2B-Instruct,fp16,fewshot,low_light,3,69,beignets,beignets,0.85,0.977705200513204,1,exact,3,Answer: beignets | Confidence: 85
A,Qwen/Qwen2-VL-2B-Instruct,fp16,fewshot,low_light,3,70,beignets,beignets,0.9,0.9852266311645508,1,exact,3,Answer: beignets | Confidence: 90
A,Qwen/Qwen2-VL-2B-Instruct,fp16,fewshot,low_light,3,71,beignets,crab cakes,0.9,0.6968338191509247,0,contains,2,Answer: crab cakes | Confidence: 90
A,Qwen/Qwen2-VL-2B-Instruct,fp16,fewshot,low_light,3,72,beignets,beignets,0.9,0.9799303213755288,1,exact,3,Answer: beignets | Confidence: 90
A,Qwen/Qwen2-VL-2B-Instruct,fp16,fewshot,low_light,3,73,beignets,beignets,0.9,0.9923283259073892,1,exact,3,Answer: beignets | Confidence: 90
A,Qwen/Qwen2-VL-2B-Instruct,fp16,fewshot,low_light,3,74,beignets,beignets,0.9,0.9697006940841676,1,exact,3,Answer: beignets | Confidence: 90
A,Qwen/Qwen2-VL-2B-Instruct,fp16,fewshot,low_light,3,75,beignets,beignets,0.9,0.8069844742616018,1,exact,3,Answer: beignets | Confidence: 90
A,Qwen/Qwen2-VL-2B-Instruct,fp16,fewshot,low_light,3,76,beignets,beignets,0.9,0.9898327787717184,1,exact,3,Answer: beignets | Confidence: 90
A,Qwen/Qwen2-VL-2B-Instruct,fp16,fewshot,low_light,3,77,beignets,pizza,0.85,0.6831239461898804,0,nomatch,1,Answer: pizza | Confidence: 85
A,Qwen/Qwen2-VL-2B-Instruct,fp16,fewshot,low_light,3,78,beignets,beignets,0.9,0.8673567970593771,1,exact,3,Answer: beignets | Confidence: 90
A,Qwen/Qwen2-VL-2B-Instruct,fp16,fewshot,low_light,3,79,beignets,pizza,0.85,0.753699779510498,0,nomatch,1,Answer: pizza | Confidence: 85
A,Qwen/Qwen2-VL-2B-Instruct,fp16,fewshot,low_light,3,80,beignets,beignets,0.9,0.9886068900426228,1,exact,3,Answer: beignets | Confidence: 90
A,Qwen/Qwen2-VL-2B-Instruct,fp16,fewshot,low_light,3,81,beignets,beignets,0.9,0.9527413050333658,1,exact,3,Answer: beignets | Confidence: 90
A,Qwen/Qwen2-VL-2B-Instruct,fp16,fewshot,low_light,3,82,beignets,beignets,0.85,0.977050264676412,1,exact,3,Answer: beignets | Confidence: 85
A,Qwen/Qwen2-VL-2B-Instruct,fp16,fewshot,low_light,3,83,beignets,tiramisu,0.9,0.8125511705875397,0,contains,3,Answer: tiramisu | Confidence: 90
A,Qwen/Qwen2-VL-2B-Instruct,fp16,fewshot,low_light,3,84,beignets,beignets,0.9,0.9607032338778178,1,exact,3,Answer: beignets | Confidence: 90
A,Qwen/Qwen2-VL-2B-Instruct,fp16,fewshot,low_light,3,85,beignets,pizza,0.9,0.4502582252025604,0,contains,1,Answer: pizza | Confidence: 90
A,Qwen/Qwen2-VL-2B-Instruct,fp16,fewshot,low_light,3,86,beignets,pizza,0.85,0.406618982553482,0,nomatch,1,Answer: pizza | Confidence: 85
A,Qwen/Qwen2-VL-2B-Instruct,fp16,fewshot,low_light,3,87,beignets,beignets,0.85,0.9754421512285868,1,exact,3,Answer: beignets | Confidence: 85
A,Qwen/Qwen2-VL-2B-Instruct,fp16,fewshot,low_light,3,88,beignets,chocolate cake,0.9,0.7683477997779846,0,contains,2,Answer: chocolate cake | Confidence: 90
A,Qwen/Qwen2-VL-2B-Instruct,fp16,fewshot,low_light,3,89,beignets,bread pudding,0.9,0.8674110174179077,0,contains,2,Answer: bread pudding | Confidence: 90
A,Qwen/Qwen2-VL-2B-Instruct,fp16,fewshot,low_light,3,90,beignets,beignets,0.9,0.9888415535291036,1,exact,3,Answer: beignets | Confidence: 90
A,Qwen/Qwen2-VL-2B-Instruct,fp16,fewshot,low_light,3,91,beignets,beignets,0.85,0.9222908417383828,1,exact,3,Answer: beignets | Confidence: 85
A,Qwen/Qwen2-VL-2B-Instruct,fp16,fewshot,low_light,3,92,beignets,lobster roll sandwich,0.9,0.8523767987887064,0,contains,3,Answer: lobster roll sandwich | Confidence: 90
A,Qwen/Qwen2-VL-2B-Instruct,fp16,fewshot,low_light,3,93,beignets,beignets,0.85,0.98407914241155,1,exact,3,Answer: beignets | Confidence: 85
A,Qwen/Qwen2-VL-2B-Instruct,fp16,fewshot,low_light,3,94,beignets,beignets,0.8,0.9670347372690836,1,exact,3,Answer: beignets | Confidence: 80
A,Qwen/Qwen2-VL-2B-Instruct,fp16,fewshot,low_light,3,95,beignets,beignets,0.85,0.992500364780426,1,exact,3,Answer: beignets | Confidence: 85
A,Qwen/Qwen2-VL-2B-Instruct,fp16,fewshot,low_light,3,96,beignets,beignets,0.85,0.9473233421643577,1,exact,3,Answer: beignets | Confidence: 85
A,Qwen/Qwen2-VL-2B-Instruct,fp16,fewshot,low_light,3,97,beignets,fish and chips,0.85,0.7202491015195847,0,contains,3,Answer: fish and chips | Confidence: 85
A,Qwen/Qwen2-VL-2B-Instruct,fp16,fewshot,low_light,3,98,beignets,beignets,0.85,0.9907373388608296,1,exact,3,Answer: beignets | Confidence: 85
A,Qwen/Qwen2-VL-2B-Instruct,fp16,fewshot,low_light,3,99,beignets,pizza,0.85,0.4460817873477936,0,nomatch,1,Answer: pizza | Confidence: 85
A,Qwen/Qwen2-VL-2B-Instruct,fp16,fewshot,motion_blur,1,0,beignets,beignets,0.9,0.9929720362027488,1,exact,3,Answer: beignets | Confidence: 90
A,Qwen/Qwen2-VL-2B-Instruct,fp16,fewshot,motion_blur,1,1,beignets,beignets,0.9,0.8874773581822714,1,exact,3,Answer: beignets | Confidence: 90
A,Qwen/Qwen2-VL-2B-Instruct,fp16,fewshot,motion_blur,1,2,beignets,beignets,0.9,0.9874995152155558,1,exact,3,Answer: beignets | Confidence: 90
A,Qwen/Qwen2-VL-2B-Instruct,fp16,fewshot,motion_blur,1,3,beignets,beignets,0.9,0.9885137478510538,1,exact,3,Answer: beignets | Confidence: 90
A,Qwen/Qwen2-VL-2B-Instruct,fp16,fewshot,motion_blur,1,4,beignets,beignets,0.9,0.9912880857785544,1,exact,3,Answer: beignets | Confidence: 90
A,Qwen/Qwen2-VL-2B-Instruct,fp16,fewshot,motion_blur,1,5,beignets,beignets,0.9,0.9870994488398234,1,exact,3,Answer: beignets | Confidence: 90
A,Qwen/Qwen2-VL-2B-Instruct,fp16,fewshot,motion_blur,1,6,beignets,beignets,0.9,0.9740639527638754,1,exact,3,Answer: beignets | Confidence: 90
A,Qwen/Qwen2-VL-2B-Instruct,fp16,fewshot,motion_blur,1,7,beignets,beignets,0.9,0.993965744972229,1,exact,3,Answer: beignets | Confidence: 90
A,Qwen/Qwen2-VL-2B-Instruct,fp16,fewshot,motion_blur,1,8,beignets,fried calamari,0.9,0.9803958535194396,0,contains,3,Answer: fried calamari | Confidence: 90
A,Qwen/Qwen2-VL-2B-Instruct,fp16,fewshot,motion_blur,1,9,beignets,beignets,0.9,0.990648865699768,1,exact,3,Answer: beignets | Confidence: 90
A,Qwen/Qwen2-VL-2B-Instruct,fp16,fewshot,motion_blur,1,10,beignets,beignets,0.9,0.989787499109904,1,exact,3,Answer: beignets | Confidence: 90
A,Qwen/Qwen2-VL-2B-Instruct,fp16,fewshot,motion_blur,1,11,beignets,beignets,0.9,0.9883795181910195,1,exact,3,Answer: beignets | Confidence: 90
A,Qwen/Qwen2-VL-2B-Instruct,fp16,fewshot,motion_blur,1,12,beignets,beignets,0.9,0.9838623603185018,1,exact,3,Answer: beignets | Confidence: 90
A,Qwen/Qwen2-VL-2B-Instruct,fp16,fewshot,motion_blur,1,13,beignets,beignets,0.9,0.9864838322003684,1,exact,3,Answer: beignets | Confidence: 90
A,Qwen/Qwen2-VL-2B-Instruct,fp16,fewshot,motion_blur,1,14,beignets,beignets,0.9,0.9930287400881448,1,exact,3,Answer: beignets | Confidence: 90
A,Qwen/Qwen2-VL-2B-Instruct,fp16,fewshot,motion_blur,1,15,beignets,beignets,0.9,0.9928571581840516,1,exact,3,Answer: beignets | Confidence: 90
A,Qwen/Qwen2-VL-2B-Instruct,fp16,fewshot,motion_blur,1,16,beignets,beignets,0.9,0.9915485978126526,1,exact,3,Answer: beignets | Confidence: 90
A,Qwen/Qwen2-VL-2B-Instruct,fp16,fewshot,motion_blur,1,17,beignets,beignets,,0.9870251417160034,1,exact,3,Answer: beignets
A,Qwen/Qwen2-VL-2B-Instruct,fp16,fewshot,motion_blur,1,18,beignets,beignets,0.9,0.9879740476608276,1,exact,3,Answer: beignets | Confidence: 90
A,Qwen/Qwen2-VL-2B-Instruct,fp16,fewshot,motion_blur,1,19,beignets,beignets,0.9,0.9874523480733236,1,exact,3,Answer: beignets | Confidence: 90
A,Qwen/Qwen2-VL-2B-Instruct,fp16,fewshot,motion_blur,1,20,beignets,beignets,,0.9933087627092996,1,exact,3,Answer: beignets
A,Qwen/Qwen2-VL-2B-Instruct,fp16,fewshot,motion_blur,1,21,beignets,beignets,0.9,0.9666699171066284,1,exact,3,Answer: beignets | Confidence: 90
A,Qwen/Qwen2-VL-2B-Instruct,fp16,fewshot,motion_blur,1,22,beignets,beignets,0.9,0.990314801534017,1,exact,3,Answer: beignets | Confidence: 90
A,Qwen/Qwen2-VL-2B-Instruct,fp16,fewshot,motion_blur,1,23,beignets,beignets,0.9,0.988927443822225,1,exact,3,Answer: beignets | Confidence: 90
A,Qwen/Qwen2-VL-2B-Instruct,fp16,fewshot,motion_blur,1,24,beignets,beignets,,0.979422926902771,1,exact,3,Answer: beignets
A,Qwen/Qwen2-VL-2B-Instruct,fp16,fewshot,motion_blur,1,25,beignets,beignets,0.9,0.9898258248964944,1,exact,3,Answer: beignets | Confidence: 90
A,Qwen/Qwen2-VL-2B-Instruct,fp16,fewshot,motion_blur,1,26,beignets,beignets,,0.9678356846173604,1,exact,3,Answer: beignets
A,Qwen/Qwen2-VL-2B-Instruct,fp16,fewshot,motion_blur,1,27,beignets,beignets,0.9,0.9915355642636616,1,exact,3,Answer: beignets | Confidence: 90
A,Qwen/Qwen2-VL-2B-Instruct,fp16,fewshot,motion_blur,1,28,beignets,beignets,,0.9732044339179992,1,exact,3,Answer: beignets
A,Qwen/Qwen2-VL-2B-Instruct,fp16,fewshot,motion_blur,1,29,beignets,beignets,,0.988237718741099,1,exact,3,Answer: beignets
A,Qwen/Qwen2-VL-2B-Instruct,fp16,fewshot,motion_blur,1,30,beignets,beignets,,0.9873085618019104,1,exact,3,Answer: beignets
A,Qwen/Qwen2-VL-2B-Instruct,fp16,fewshot,motion_blur,1,31,beignets,beignets,0.9,0.9854953487714132,1,exact,3,Answer: beignets | Confidence: 90
A,Qwen/Qwen2-VL-2B-Instruct,fp16,fewshot,motion_blur,1,32,beignets,beignets,0.9,0.9833195805549622,1,exact,3,Answer: beignets | Confidence: 90
A,Qwen/Qwen2-VL-2B-Instruct,fp16,fewshot,motion_blur,1,33,beignets,beignets,0.9,0.9943376183509828,1,exact,3,Answer: beignets | Confidence: 90
A,Qwen/Qwen2-VL-2B-Instruct,fp16,fewshot,motion_blur,1,34,beignets,beignets,0.9,0.9819467862447104,1,exact,3,Answer: beignets | Confidence: 90
A,Qwen/Qwen2-VL-2B-Instruct,fp16,fewshot,motion_blur,1,35,beignets,beignets,0.9,0.968778153260549,1,exact,3,Answer: beignets | Confidence: 90
A,Qwen/Qwen2-VL-2B-Instruct,fp16,fewshot,motion_blur,1,36,beignets,beignets,0.9,0.9897348483403524,1,exact,3,Answer: beignets | Confidence: 90
A,Qwen/Qwen2-VL-2B-Instruct,fp16,fewshot,motion_blur,1,37,beignets,beignets,0.9,0.9933894276618958,1,exact,3,Answer: beignets | Confidence: 90
A,Qwen/Qwen2-VL-2B-Instruct,fp16,fewshot,motion_blur,1,38,beignets,beignets,,0.9708331028620402,1,exact,3,Answer: beignets
A,Qwen/Qwen2-VL-2B-Instruct,fp16,fewshot,motion_blur,1,39,beignets,beignets,0.9,0.9929535388946532,1,exact,3,Answer: beignets | Confidence: 90
A,Qwen/Qwen2-VL-2B-Instruct,fp16,fewshot,motion_blur,1,40,beignets,beignets,0.9,0.9851892391840616,1,exact,3,Answer: beignets | Confidence: 90
A,Qwen/Qwen2-VL-2B-Instruct,fp16,fewshot,motion_blur,1,41,beignets,beignets,0.9,0.9881250063578289,1,exact,3,Answer: beignets | Confidence: 90
A,Qwen/Qwen2-VL-2B-Instruct,fp16,fewshot,motion_blur,1,42,beignets,beignets,0.9,0.98780886332194,1,exact,3,Answer: beignets | Confidence: 90
A,Qwen/Qwen2-VL-2B-Instruct,fp16,fewshot,motion_blur,1,43,beignets,beignets,0.9,0.9795141021410624,1,exact,3,Answer: beignets | Confidence: 90
A,Qwen/Qwen2-VL-2B-Instruct,fp16,fewshot,motion_blur,1,44,beignets,beignets,0.9,0.9791074593861898,1,exact,3,Answer: beignets | Confidence: 90
A,Qwen/Qwen2-VL-2B-Instruct,fp16,fewshot,motion_blur,1,45,beignets,beignets,,0.8898645639419556,1,exact,3,Answer: beignets
A,Qwen/Qwen2-VL-2B-Instruct,fp16,fewshot,motion_blur,1,46,beignets,beignets,0.9,0.991819699605306,1,exact,3,Answer: beignets | Confidence: 90
A,Qwen/Qwen2-VL-2B-Instruct,fp16,fewshot,motion_blur,1,47,beignets,beignets,0.9,0.9358877936999004,1,exact,3,Answer: beignets | Confidence: 90
A,Qwen/Qwen2-VL-2B-Instruct,fp16,fewshot,motion_blur,1,48,beignets,beignets,0.9,0.9885151982307434,1,exact,3,Answer: beignets | Confidence: 90
A,Qwen/Qwen2-VL-2B-Instruct,fp16,fewshot,motion_blur,1,49,beignets,beignets,0.9,0.988891859849294,1,exact,3,Answer: beignets | Confidence: 90
A,Qwen/Qwen2-VL-2B-Instruct,fp16,fewshot,motion_blur,1,50,beignets,beignets,,0.9900269110997518,1,exact,3,Answer: beignets
A,Qwen/Qwen2-VL-2B-Instruct,fp16,fewshot,motion_blur,1,51,beignets,beignets,0.9,0.991661767164866,1,exact,3,Answer: beignets | Confidence: 90
A,Qwen/Qwen2-VL-2B-Instruct,fp16,fewshot,motion_blur,1,52,beignets,beignets,0.9,0.982878585656484,1,exact,3,Answer: beignets | Confidence: 90
A,Qwen/Qwen2-VL-2B-Instruct,fp16,fewshot,motion_blur,1,53,beignets,beignets,0.9,0.992060383160909,1,exact,3,Answer: beignets | Confidence: 90
A,Qwen/Qwen2-VL-2B-Instruct,fp16,fewshot,motion_blur,1,54,beignets,beignets,0.9,0.9799536069234211,1,exact,3,Answer: beignets | Confidence: 90
A,Qwen/Qwen2-VL-2B-Instruct,fp16,fewshot,motion_blur,1,55,beignets,beignets,0.9,0.9947682817776998,1,exact,3,Answer: beignets | Confidence: 90
A,Qwen/Qwen2-VL-2B-Instruct,fp16,fewshot,motion_blur,1,56,beignets,beignets,0.9,0.9885195096333822,1,exact,3,Answer: beignets | Confidence: 90
A,Qwen/Qwen2-VL-2B-Instruct,fp16,fewshot,motion_blur,1,57,beignets,beignets,0.9,0.9505270719528198,1,exact,3,Answer: beignets | Confidence: 90
A,Qwen/Qwen2-VL-2B-Instruct,fp16,fewshot,motion_blur,1,58,beignets,beignets,0.9,0.9902271231015524,1,exact,3,Answer: beignets | Confidence: 90
A,Qwen/Qwen2-VL-2B-Instruct,fp16,fewshot,motion_blur,1,59,beignets,beignets,0.9,0.9917324781417848,1,exact,3,Answer: beignets | Confidence: 90
A,Qwen/Qwen2-VL-2B-Instruct,fp16,fewshot,motion_blur,1,60,beignets,beignets,0.9,0.9768287936846416,1,exact,3,Answer: beignets | Confidence: 90
A,Qwen/Qwen2-VL-2B-Instruct,fp16,fewshot,motion_blur,1,61,beignets,beignets,0.9,0.9923922220865884,1,exact,3,Answer: beignets | Confidence: 90
A,Qwen/Qwen2-VL-2B-Instruct,fp16,fewshot,motion_blur,1,62,beignets,beignets,0.9,0.983437200387319,1,exact,3,Answer: beignets | Confidence: 90
A,Qwen/Qwen2-VL-2B-Instruct,fp16,fewshot,motion_blur,1,63,beignets,beignets,0.9,0.9840092062950134,1,exact,3,Answer: beignets | Confidence: 90
A,Qwen/Qwen2-VL-2B-Instruct,fp16,fewshot,motion_blur,1,64,beignets,beignets,0.9,0.9868020415306092,1,exact,3,Answer: beignets | Confidence: 90
A,Qwen/Qwen2-VL-2B-Instruct,fp16,fewshot,motion_blur,1,65,beignets,beignets,0.9,0.990749716758728,1,exact,3,Answer: beignets | Confidence: 90
A,Qwen/Qwen2-VL-2B-Instruct,fp16,fewshot,motion_blur,1,66,beignets,beignets,0.9,0.9912470976511636,1,exact,3,Answer: beignets | Confidence: 90
A,Qwen/Qwen2-VL-2B-Instruct,fp16,fewshot,motion_blur,1,67,beignets,beignets,0.9,0.99251655737559,1,exact,3,Answer: beignets | Confidence: 90
A,Qwen/Qwen2-VL-2B-Instruct,fp16,fewshot,motion_blur,1,68,beignets,beignets,0.9,0.9862971305847168,1,exact,3,Answer: beignets | Confidence: 90
A,Qwen/Qwen2-VL-2B-Instruct,fp16,fewshot,motion_blur,1,69,beignets,beignets,,0.9876092871030172,1,exact,3,Answer: beignets
A,Qwen/Qwen2-VL-2B-Instruct,fp16,fewshot,motion_blur,1,70,beignets,beignets,0.9,0.9769945542017618,1,exact,3,Answer: beignets | Confidence: 90
A,Qwen/Qwen2-VL-2B-Instruct,fp16,fewshot,motion_blur,1,71,beignets,beignets,0.9,0.9924031496047974,1,exact,3,Answer: beignets | Confidence: 90
A,Qwen/Qwen2-VL-2B-Instruct,fp16,fewshot,motion_blur,1,72,beignets,beignets,0.9,0.977243423461914,1,exact,3,Answer: beignets | Confidence: 90
A,Qwen/Qwen2-VL-2B-Instruct,fp16,fewshot,motion_blur,1,73,beignets,beignets,0.9,0.9851909279823304,1,exact,3,Answer: beignets | Confidence: 90
A,Qwen/Qwen2-VL-2B-Instruct,fp16,fewshot,motion_blur,1,74,beignets,beignets,,0.9823033809661864,1,exact,3,Answer: beignets
A,Qwen/Qwen2-VL-2B-Instruct,fp16,fewshot,motion_blur,1,75,beignets,beignets,0.9,0.9946741461753844,1,exact,3,Answer: beignets | Confidence: 90
A,Qwen/Qwen2-VL-2B-Instruct,fp16,fewshot,motion_blur,1,76,beignets,beignets,0.9,0.9796005090077718,1,exact,3,Answer: beignets | Confidence: 90
A,Qwen/Qwen2-VL-2B-Instruct,fp16,fewshot,motion_blur,1,77,beignets,beignets,0.9,0.9895676573117574,1,exact,3,Answer: beignets | Confidence: 90
A,Qwen/Qwen2-VL-2B-Instruct,fp16,fewshot,motion_blur,1,78,beignets,beignets,0.9,0.9856414198875428,1,exact,3,Answer: beignets | Confidence: 90
A,Qwen/Qwen2-VL-2B-Instruct,fp16,fewshot,motion_blur,1,79,beignets,beignets,0.9,0.9946780602137248,1,exact,3,Answer: beignets | Confidence: 90
A,Qwen/Qwen2-VL-2B-Instruct,fp16,fewshot,motion_blur,1,80,beignets,beignets,,0.9707861344019572,1,exact,3,Answer: beignets
A,Qwen/Qwen2-VL-2B-Instruct,fp16,fewshot,motion_blur,1,81,beignets,beignets,,0.9481841921806335,1,exact,3,Answer: beignets
A,Qwen/Qwen2-VL-2B-Instruct,fp16,fewshot,motion_blur,1,82,beignets,beignets,0.9,0.9465197722117106,1,exact,3,Answer: beignets | Confidence: 90
A,Qwen/Qwen2-VL-2B-Instruct,fp16,fewshot,motion_blur,1,83,beignets,beignets,0.9,0.9889617959658304,1,exact,3,Answer: beignets | Confidence: 90
A,Qwen/Qwen2-VL-2B-Instruct,fp16,fewshot,motion_blur,1,84,beignets,beignets,0.9,0.9915152589480082,1,exact,3,Answer: beignets | Confidence: 90
A,Qwen/Qwen2-VL-2B-Instruct,fp16,fewshot,motion_blur,1,85,beignets,beignets,0.9,0.9614753325780232,1,exact,3,Answer: beignets | Confidence: 90
A,Qwen/Qwen2-VL-2B-Instruct,fp16,fewshot,motion_blur,1,86,beignets,beignets,0.9,0.9615864356358846,1,exact,3,Answer: beignets | Confidence: 90
A,Qwen/Qwen2-VL-2B-Instruct,fp16,fewshot,motion_blur,1,87,beignets,beignets,0.9,0.985563019911448,1,exact,3,Answer: beignets | Confidence: 90
A,Qwen/Qwen2-VL-2B-Instruct,fp16,fewshot,motion_blur,1,88,beignets,beignets,0.9,0.979716181755066,1,exact,3,Answer: beignets | Confidence: 90
A,Qwen/Qwen2-VL-2B-Instruct,fp16,fewshot,motion_blur,1,89,beignets,bread pudding,0.9,0.6992753595113754,0,contains,2,Answer: bread pudding | Confidence: 90
A,Qwen/Qwen2-VL-2B-Instruct,fp16,fewshot,motion_blur,1,90,beignets,beignets,0.9,0.9909140666325889,1,exact,3,Answer: beignets | Confidence: 90
A,Qwen/Qwen2-VL-2B-Instruct,fp16,fewshot,motion_blur,1,91,beignets,beignets,0.9,0.9767496983210244,1,exact,3,Answer: beignets | Confidence: 90
A,Qwen/Qwen2-VL-2B-Instruct,fp16,fewshot,motion_blur,1,92,beignets,beignets,0.9,0.9909984270731608,1,exact,3,Answer: beignets | Confidence: 90
A,Qwen/Qwen2-VL-2B-Instruct,fp16,fewshot,motion_blur,1,93,beignets,beignets,0.9,0.9747061332066854,1,exact,3,Answer: beignets | Confidence: 90
A,Qwen/Qwen2-VL-2B-Instruct,fp16,fewshot,motion_blur,1,94,beignets,beignets,0.9,0.9838493665059408,1,exact,3,Answer: beignets | Confidence: 90
A,Qwen/Qwen2-VL-2B-Instruct,fp16,fewshot,motion_blur,1,95,beignets,beignets,0.9,0.9891042113304138,1,exact,3,Answer: beignets | Confidence: 90
A,Qwen/Qwen2-VL-2B-Instruct,fp16,fewshot,motion_blur,1,96,beignets,beignets,0.9,0.9920882185300192,1,exact,3,Answer: beignets | Confidence: 90
A,Qwen/Qwen2-VL-2B-Instruct,fp16,fewshot,motion_blur,1,97,beignets,cake,0.85,0.2952783107757568,0,nomatch,1,Answer: cake | Confidence: 85
A,Qwen/Qwen2-VL-2B-Instruct,fp16,fewshot,motion_blur,1,98,beignets,beignets,0.9,0.9747519294420878,1,exact,3,Answer: beignets | Confidence: 90
A,Qwen/Qwen2-VL-2B-Instruct,fp16,fewshot,motion_blur,1,99,beignets,beignets,0.9,0.9912761251131692,1,exact,3,Answer: beignets | Confidence: 90
A,Qwen/Qwen2-VL-2B-Instruct,fp16,fewshot,motion_blur,2,0,beignets,beignets,0.9,0.9931023120880128,1,exact,3,Answer: beignets | Confidence: 90
A,Qwen/Qwen2-VL-2B-Instruct,fp16,fewshot,motion_blur,2,1,beignets,beignets,0.9,0.8867296377817789,1,exact,3,Answer: beignets | Confidence: 90
A,Qwen/Qwen2-VL-2B-Instruct,fp16,fewshot,motion_blur,2,2,beignets,beignets,0.9,0.9911135037740072,1,exact,3,Answer: beignets | Confidence: 90
A,Qwen/Qwen2-VL-2B-Instruct,fp16,fewshot,motion_blur,2,3,beignets,beignets,0.9,0.9921308358510336,1,exact,3,Answer: beignets | Confidence: 90
A,Qwen/Qwen2-VL-2B-Instruct,fp16,fewshot,motion_blur,2,4,beignets,beignets,0.9,0.9929149548212688,1,exact,3,Answer: beignets | Confidence: 90
A,Qwen/Qwen2-VL-2B-Instruct,fp16,fewshot,motion_blur,2,5,beignets,beignets,0.9,0.9896092414855956,1,exact,3,Answer: beignets | Confidence: 90
A,Qwen/Qwen2-VL-2B-Instruct,fp16,fewshot,motion_blur,2,6,beignets,beignets,0.9,0.9767072995503744,1,exact,3,Answer: beignets | Confidence: 90
A,Qwen/Qwen2-VL-2B-Instruct,fp16,fewshot,motion_blur,2,7,beignets,beignets,0.9,0.9941946268081664,1,exact,3,Answer: beignets | Confidence: 90
A,Qwen/Qwen2-VL-2B-Instruct,fp16,fewshot,motion_blur,2,8,beignets,fried calamari,0.9,0.9592102766036988,0,contains,3,Answer: fried calamari | Confidence: 90
A,Qwen/Qwen2-VL-2B-Instruct,fp16,fewshot,motion_blur,2,9,beignets,beignets,0.9,0.9873871405919392,1,exact,3,Answer: beignets | Confidence: 90
A,Qwen/Qwen2-VL-2B-Instruct,fp16,fewshot,motion_blur,2,10,beignets,beignets,0.9,0.9932282964388528,1,exact,3,Answer: beignets | Confidence: 90
A,Qwen/Qwen2-VL-2B-Instruct,fp16,fewshot,motion_blur,2,11,beignets,beignets,0.9,0.9913639426231384,1,exact,3,Answer: beignets | Confidence: 90
A,Qwen/Qwen2-VL-2B-Instruct,fp16,fewshot,motion_blur,2,12,beignets,beignets,0.9,0.98215381304423,1,exact,3,Answer: beignets | Confidence: 90
A,Qwen/Qwen2-VL-2B-Instruct,fp16,fewshot,motion_blur,2,13,beignets,beignets,0.9,0.9875003894170126,1,exact,3,Answer: beignets | Confidence: 90
A,Qwen/Qwen2-VL-2B-Instruct,fp16,fewshot,motion_blur,2,14,beignets,beignets,0.9,0.9917571942011516,1,exact,3,Answer: beignets | Confidence: 90
A,Qwen/Qwen2-VL-2B-Instruct,fp16,fewshot,motion_blur,2,15,beignets,beignets,0.9,0.9922359585762024,1,exact,3,Answer: beignets | Confidence: 90
A,Qwen/Qwen2-VL-2B-Instruct,fp16,fewshot,motion_blur,2,16,beignets,beignets,0.9,0.9955269893010458,1,exact,3,Answer: beignets | Confidence: 90
A,Qwen/Qwen2-VL-2B-Instruct,fp16,fewshot,motion_blur,2,17,beignets,beignets,0.9,0.9896014134089152,1,exact,3,Answer: beignets | Confidence: 90
A,Qwen/Qwen2-VL-2B-Instruct,fp16,fewshot,motion_blur,2,18,beignets,beignets,0.9,0.9912792841593424,1,exact,3,Answer: beignets | Confidence: 90
A,Qwen/Qwen2-VL-2B-Instruct,fp16,fewshot,motion_blur,2,19,beignets,beignets,0.8,0.8151572048664093,1,exact,3,Answer: beignets | Confidence: 80
A,Qwen/Qwen2-VL-2B-Instruct,fp16,fewshot,motion_blur,2,20,beignets,beignets,0.9,0.9942340652147929,1,exact,3,Answer: beignets | Confidence: 90
A,Qwen/Qwen2-VL-2B-Instruct,fp16,fewshot,motion_blur,2,21,beignets,beignets,0.9,0.9802053769429524,1,exact,3,Answer: beignets | Confidence: 90
A,Qwen/Qwen2-VL-2B-Instruct,fp16,fewshot,motion_blur,2,22,beignets,beignets,0.9,0.9911176959673564,1,exact,3,Answer: beignets | Confidence: 90
A,Qwen/Qwen2-VL-2B-Instruct,fp16,fewshot,motion_blur,2,23,beignets,beignets,0.9,0.985680083433787,1,exact,3,Answer: beignets | Confidence: 90
A,Qwen/Qwen2-VL-2B-Instruct,fp16,fewshot,motion_blur,2,24,beignets,beignets,0.9,0.9859156608581544,1,exact,3,Answer: beignets | Confidence: 90
A,Qwen/Qwen2-VL-2B-Instruct,fp16,fewshot,motion_blur,2,25,beignets,beignets,0.9,0.9879118005434672,1,exact,3,Answer: beignets | Confidence: 90
A,Qwen/Qwen2-VL-2B-Instruct,fp16,fewshot,motion_blur,2,26,beignets,beignets,0.9,0.9745076100031534,1,exact,3,Answer: beignets | Confidence: 90
A,Qwen/Qwen2-VL-2B-Instruct,fp16,fewshot,motion_blur,2,27,beignets,beignets,0.9,0.9880375067392984,1,exact,3,Answer: beignets | Confidence: 90
A,Qwen/Qwen2-VL-2B-Instruct,fp16,fewshot,motion_blur,2,28,beignets,beignets,0.9,0.9756892522176108,1,exact,3,Answer: beignets | Confidence: 90
A,Qwen/Qwen2-VL-2B-Instruct,fp16,fewshot,motion_blur,2,29,beignets,beignets,0.9,0.986745814482371,1,exact,3,Answer: beignets | Confidence: 90
A,Qwen/Qwen2-VL-2B-Instruct,fp16,fewshot,motion_blur,2,30,beignets,,,0.8461932614445686,0,empty,4,Beignets
A,Qwen/Qwen2-VL-2B-Instruct,fp16,fewshot,motion_blur,2,31,beignets,beignets,0.9,0.988009512424469,1,exact,3,Answer: beignets | Confidence: 90
A,Qwen/Qwen2-VL-2B-Instruct,fp16,fewshot,motion_blur,2,32,beignets,beignets,0.9,0.9822213053703308,1,exact,3,Answer: beignets | Confidence: 90
A,Qwen/Qwen2-VL-2B-Instruct,fp16,fewshot,motion_blur,2,33,beignets,beignets,0.9,0.993977944056193,1,exact,3,Answer: beignets | Confidence: 90
A,Qwen/Qwen2-VL-2B-Instruct,fp16,fewshot,motion_blur,2,34,beignets,beignets,0.9,0.987211525440216,1,exact,3,Answer: beignets | Confidence: 90
A,Qwen/Qwen2-VL-2B-Instruct,fp16,fewshot,motion_blur,2,35,beignets,beignets,0.9,0.9746820529301962,1,exact,3,Answer: beignets | Confidence: 90
A,Qwen/Qwen2-VL-2B-Instruct,fp16,fewshot,motion_blur,2,36,beignets,beignets,0.9,0.9889337619145712,1,exact,3,Answer: beignets | Confidence: 90
A,Qwen/Qwen2-VL-2B-Instruct,fp16,fewshot,motion_blur,2,37,beignets,beignets,0.9,0.9956977367401124,1,exact,3,Answer: beignets | Confidence: 90
A,Qwen/Qwen2-VL-2B-Instruct,fp16,fewshot,motion_blur,2,38,beignets,beignets,0.9,0.9800784389177958,1,exact,3,Answer: beignets | Confidence: 90
A,Qwen/Qwen2-VL-2B-Instruct,fp16,fewshot,motion_blur,2,39,beignets,beignets,0.9,0.9943620562553406,1,exact,3,Answer: beignets | Confidence: 90
A,Qwen/Qwen2-VL-2B-Instruct,fp16,fewshot,motion_blur,2,40,beignets,beignets,0.9,0.9824362993240356,1,exact,3,Answer: beignets | Confidence: 90
A,Qwen/Qwen2-VL-2B-Instruct,fp16,fewshot,motion_blur,2,41,beignets,beignets,0.9,0.9927908182144164,1,exact,3,Answer: beignets | Confidence: 90
A,Qwen/Qwen2-VL-2B-Instruct,fp16,fewshot,motion_blur,2,42,beignets,beignets,0.9,0.9869354168574016,1,exact,3,Answer: beignets | Confidence: 90
A,Qwen/Qwen2-VL-2B-Instruct,fp16,fewshot,motion_blur,2,43,beignets,beignets,0.9,0.9801245927810668,1,exact,3,Answer: beignets | Confidence: 90
A,Qwen/Qwen2-VL-2B-Instruct,fp16,fewshot,motion_blur,2,44,beignets,beignets,0.9,0.9844793876012168,1,exact,3,Answer: beignets | Confidence: 90
A,Qwen/Qwen2-VL-2B-Instruct,fp16,fewshot,motion_blur,2,45,beignets,beignets,,0.8779279390970866,1,exact,3,Answer: beignets
A,Qwen/Qwen2-VL-2B-Instruct,fp16,fewshot,motion_blur,2,46,beignets,beignets,0.9,0.993542770544688,1,exact,3,Answer: beignets | Confidence: 90
A,Qwen/Qwen2-VL-2B-Instruct,fp16,fewshot,motion_blur,2,47,beignets,beignets,0.9,0.9527404308319092,1,exact,3,Answer: beignets | Confidence: 90
A,Qwen/Qwen2-VL-2B-Instruct,fp16,fewshot,motion_blur,2,48,beignets,beignets,0.9,0.9911985794703164,1,exact,3,Answer: beignets | Confidence: 90
A,Qwen/Qwen2-VL-2B-Instruct,fp16,fewshot,motion_blur,2,49,beignets,beignets,0.9,0.990568737188975,1,exact,3,Answer: beignets | Confidence: 90
A,Qwen/Qwen2-VL-2B-Instruct,fp16,fewshot,motion_blur,2,50,beignets,beignets,0.9,0.9951664606730144,1,exact,3,Answer: beignets | Confidence: 90
A,Qwen/Qwen2-VL-2B-Instruct,fp16,fewshot,motion_blur,2,51,beignets,beignets,0.9,0.9916983048121134,1,exact,3,Answer: beignets | Confidence: 90
A,Qwen/Qwen2-VL-2B-Instruct,fp16,fewshot,motion_blur,2,52,beignets,beignets,0.9,0.9835020502408346,1,exact,3,Answer: beignets | Confidence: 90
A,Qwen/Qwen2-VL-2B-Instruct,fp16,fewshot,motion_blur,2,53,beignets,beignets,0.9,0.9915196696917216,1,exact,3,Answer: beignets | Confidence: 90
A,Qwen/Qwen2-VL-2B-Instruct,fp16,fewshot,motion_blur,2,54,beignets,beignets,0.9,0.9883312185605369,1,exact,3,Answer: beignets | Confidence: 90
A,Qwen/Qwen2-VL-2B-Instruct,fp16,fewshot,motion_blur,2,55,beignets,beignets,0.9,0.9945342938105264,1,exact,3,Answer: beignets | Confidence: 90
A,Qwen/Qwen2-VL-2B-Instruct,fp16,fewshot,motion_blur,2,56,beignets,beignets,0.9,0.983032484849294,1,exact,3,Answer: beignets | Confidence: 90
A,Qwen/Qwen2-VL-2B-Instruct,fp16,fewshot,motion_blur,2,57,beignets,beignets,0.9,0.9472626646359762,1,exact,3,Answer: beignets | Confidence: 90
A,Qwen/Qwen2-VL-2B-Instruct,fp16,fewshot,motion_blur,2,58,beignets,beignets,0.9,0.9882471561431884,1,exact,3,Answer: beignets | Confidence: 90
A,Qwen/Qwen2-VL-2B-Instruct,fp16,fewshot,motion_blur,2,59,beignets,beignets,0.9,0.9899169007937112,1,exact,3,Answer: beignets | Confidence: 90
A,Qwen/Qwen2-VL-2B-Instruct,fp16,fewshot,motion_blur,2,60,beignets,beignets,0.8,0.925158182779948,1,exact,3,Answer: beignets | Confidence: 80
A,Qwen/Qwen2-VL-2B-Instruct,fp16,fewshot,motion_blur,2,61,beignets,beignets,0.9,0.9954593777656556,1,exact,3,Answer: beignets | Confidence: 90
A,Qwen/Qwen2-VL-2B-Instruct,fp16,fewshot,motion_blur,2,62,beignets,beignets,0.9,0.9790950020154318,1,exact,3,Answer: beignets | Confidence: 90
A,Qwen/Qwen2-VL-2B-Instruct,fp16,fewshot,motion_blur,2,63,beignets,beignets,0.9,0.9810101787249248,1,exact,3,Answer: beignets | Confidence: 90
A,Qwen/Qwen2-VL-2B-Instruct,fp16,fewshot,motion_blur,2,64,beignets,beignets,0.9,0.9891080260276794,1,exact,3,Answer: beignets | Confidence: 90
A,Qwen/Qwen2-VL-2B-Instruct,fp16,fewshot,motion_blur,2,65,beignets,beignets,0.9,0.9913027087847393,1,exact,3,Answer: beignets | Confidence: 90
A,Qwen/Qwen2-VL-2B-Instruct,fp16,fewshot,motion_blur,2,66,beignets,beignets,0.9,0.994994064172109,1,exact,3,Answer: beignets | Confidence: 90
A,Qwen/Qwen2-VL-2B-Instruct,fp16,fewshot,motion_blur,2,67,beignets,beignets,0.9,0.994629204273224,1,exact,3,Answer: beignets | Confidence: 90
A,Qwen/Qwen2-VL-2B-Instruct,fp16,fewshot,motion_blur,2,68,beignets,beignets,0.9,0.9895574847857156,1,exact,3,Answer: beignets | Confidence: 90
A,Qwen/Qwen2-VL-2B-Instruct,fp16,fewshot,motion_blur,2,69,beignets,beignets,0.8,0.9914799729983012,1,exact,3,Answer: beignets | Confidence: 80
A,Qwen/Qwen2-VL-2B-Instruct,fp16,fewshot,motion_blur,2,70,beignets,beignets,0.9,0.9772635897000632,1,exact,3,Answer: beignets | Confidence: 90
A,Qwen/Qwen2-VL-2B-Instruct,fp16,fewshot,motion_blur,2,71,beignets,beignets,0.9,0.9936144351959229,1,exact,3,Answer: beignets | Confidence: 90
A,Qwen/Qwen2-VL-2B-Instruct,fp16,fewshot,motion_blur,2,72,beignets,beignets,0.9,0.9756890137990316,1,exact,3,Answer: beignets | Confidence: 90
A,Qwen/Qwen2-VL-2B-Instruct,fp16,fewshot,motion_blur,2,73,beignets,beignets,0.9,0.9866978327433268,1,exact,3,Answer: beignets | Confidence: 90
A,Qwen/Qwen2-VL-2B-Instruct,fp16,fewshot,motion_blur,2,74,beignets,beignets,0.9,0.9914777874946594,1,exact,3,Answer: beignets | Confidence: 90
A,Qwen/Qwen2-VL-2B-Instruct,fp16,fewshot,motion_blur,2,75,beignets,beignets,0.9,0.9954111774762472,1,exact,3,Answer: beignets | Confidence: 90
A,Qwen/Qwen2-VL-2B-Instruct,fp16,fewshot,motion_blur,2,76,beignets,beignets,0.9,0.9769598245620728,1,exact,3,Answer: beignets | Confidence: 90
A,Qwen/Qwen2-VL-2B-Instruct,fp16,fewshot,motion_blur,2,77,beignets,beignets,0.9,0.992183764775594,1,exact,3,Answer: beignets | Confidence: 90
A,Qwen/Qwen2-VL-2B-Instruct,fp16,fewshot,motion_blur,2,78,beignets,beignets,0.9,0.9889944195747375,1,exact,3,Answer: beignets | Confidence: 90
A,Qwen/Qwen2-VL-2B-Instruct,fp16,fewshot,motion_blur,2,79,beignets,beignets,0.9,0.9916360974311828,1,exact,3,Answer: beignets | Confidence: 90
A,Qwen/Qwen2-VL-2B-Instruct,fp16,fewshot,motion_blur,2,80,beignets,,,0.8603210896253586,0,empty,4,Beignets
A,Qwen/Qwen2-VL-2B-Instruct,fp16,fewshot,motion_blur,2,81,beignets,beignets,0.9,0.946574846903483,1,exact,3,Answer: beignets | Confidence: 90
A,Qwen/Qwen2-VL-2B-Instruct,fp16,fewshot,motion_blur,2,82,beignets,beignets,0.9,0.9565412203470866,1,exact,3,Answer: beignets | Confidence: 90
A,Qwen/Qwen2-VL-2B-Instruct,fp16,fewshot,motion_blur,2,83,beignets,beignets,0.9,0.9909664591153464,1,exact,3,Answer: beignets | Confidence: 90
A,Qwen/Qwen2-VL-2B-Instruct,fp16,fewshot,motion_blur,2,84,beignets,beignets,0.9,0.9927202065785726,1,exact,3,Answer: beignets | Confidence: 90
A,Qwen/Qwen2-VL-2B-Instruct,fp16,fewshot,motion_blur,2,85,beignets,beignets,0.9,0.9627294739087424,1,exact,3,Answer: beignets | Confidence: 90
A,Qwen/Qwen2-VL-2B-Instruct,fp16,fewshot,motion_blur,2,86,beignets,beignets,0.9,0.962808092435201,1,exact,3,Answer: beignets | Confidence: 90
A,Qwen/Qwen2-VL-2B-Instruct,fp16,fewshot,motion_blur,2,87,beignets,beignets,0.9,0.9879441658655802,1,exact,3,Answer: beignets | Confidence: 90
A,Qwen/Qwen2-VL-2B-Instruct,fp16,fewshot,motion_blur,2,88,beignets,beignets,0.9,0.9856918454170228,1,exact,3,Answer: beignets | Confidence: 90
A,Qwen/Qwen2-VL-2B-Instruct,fp16,fewshot,motion_blur,2,89,beignets,bread pudding,0.9,0.8238610327243805,0,contains,2,Answer: bread pudding | Confidence: 90
A,Qwen/Qwen2-VL-2B-Instruct,fp16,fewshot,motion_blur,2,90,beignets,beignets,0.9,0.9889123638470968,1,exact,3,Answer: beignets | Confidence: 90
A,Qwen/Qwen2-VL-2B-Instruct,fp16,fewshot,motion_blur,2,91,beignets,beignets,0.9,0.9827940066655476,1,exact,3,Answer: beignets | Confidence: 90
A,Qwen/Qwen2-VL-2B-Instruct,fp16,fewshot,motion_blur,2,92,beignets,beignets,0.9,0.9932786822319032,1,exact,3,Answer: beignets | Confidence: 90
A,Qwen/Qwen2-VL-2B-Instruct,fp16,fewshot,motion_blur,2,93,beignets,beignets,0.9,0.966237465540568,1,exact,3,Answer: beignets | Confidence: 90
A,Qwen/Qwen2-VL-2B-Instruct,fp16,fewshot,motion_blur,2,94,beignets,beignets,0.9,0.987204909324646,1,exact,3,Answer: beignets | Confidence: 90
A,Qwen/Qwen2-VL-2B-Instruct,fp16,fewshot,motion_blur,2,95,beignets,beignets,0.9,0.9936201771100364,1,exact,3,Answer: beignets | Confidence: 90
A,Qwen/Qwen2-VL-2B-Instruct,fp16,fewshot,motion_blur,2,96,beignets,beignets,0.9,0.9905179937680564,1,exact,3,Answer: beignets | Confidence: 90
A,Qwen/Qwen2-VL-2B-Instruct,fp16,fewshot,motion_blur,2,97,beignets,beignets,0.8,0.7360274692376455,1,exact,3,Answer: beignets | Confidence: 80
A,Qwen/Qwen2-VL-2B-Instruct,fp16,fewshot,motion_blur,2,98,beignets,beignets,0.9,0.9811402360598246,1,exact,3,Answer: beignets | Confidence: 90
A,Qwen/Qwen2-VL-2B-Instruct,fp16,fewshot,motion_blur,2,99,beignets,beignets,0.9,0.990895966688792,1,exact,3,Answer: beignets | Confidence: 90
A,Qwen/Qwen2-VL-2B-Instruct,fp16,fewshot,motion_blur,3,0,beignets,beignets,0.9,0.9932639996210734,1,exact,3,Answer: beignets | Confidence: 90
A,Qwen/Qwen2-VL-2B-Instruct,fp16,fewshot,motion_blur,3,1,beignets,foie gras,0.85,0.7879254817962646,0,contains,3,Answer: foie gras | Confidence: 85
A,Qwen/Qwen2-VL-2B-Instruct,fp16,fewshot,motion_blur,3,2,beignets,beignets,0.9,0.992082417011261,1,exact,3,Answer: beignets | Confidence: 90
A,Qwen/Qwen2-VL-2B-Instruct,fp16,fewshot,motion_blur,3,3,beignets,beignets,0.9,0.9897908767064412,1,exact,3,Answer: beignets | Confidence: 90
A,Qwen/Qwen2-VL-2B-Instruct,fp16,fewshot,motion_blur,3,4,beignets,beignets,0.9,0.995615522066752,1,exact,3,Answer: beignets | Confidence: 90
A,Qwen/Qwen2-VL-2B-Instruct,fp16,fewshot,motion_blur,3,5,beignets,beignets,0.9,0.9922715624173484,1,exact,3,Answer: beignets | Confidence: 90
A,Qwen/Qwen2-VL-2B-Instruct,fp16,fewshot,motion_blur,3,6,beignets,beignets,0.9,0.9726799527804056,1,exact,3,Answer: beignets | Confidence: 90
A,Qwen/Qwen2-VL-2B-Instruct,fp16,fewshot,motion_blur,3,7,beignets,beignets,0.9,0.9935279289881388,1,exact,3,Answer: beignets | Confidence: 90
A,Qwen/Qwen2-VL-2B-Instruct,fp16,fewshot,motion_blur,3,8,beignets,fried calamari,0.9,0.9426561991373698,0,contains,3,Answer: fried calamari | Confidence: 90
A,Qwen/Qwen2-VL-2B-Instruct,fp16,fewshot,motion_blur,3,9,beignets,beignets,0.9,0.9603557785352071,1,exact,3,Answer: beignets | Confidence: 90
A,Qwen/Qwen2-VL-2B-Instruct,fp16,fewshot,motion_blur,3,10,beignets,beignets,0.9,0.9940484762191772,1,exact,3,Answer: beignets | Confidence: 90
A,Qwen/Qwen2-VL-2B-Instruct,fp16,fewshot,motion_blur,3,11,beignets,beignets,0.9,0.9912996093432108,1,exact,3,Answer: beignets | Confidence: 90
A,Qwen/Qwen2-VL-2B-Instruct,fp16,fewshot,motion_blur,3,12,beignets,beignets,0.9,0.9868151942888896,1,exact,3,Answer: beignets | Confidence: 90
A,Qwen/Qwen2-VL-2B-Instruct,fp16,fewshot,motion_blur,3,13,beignets,beignets,0.9,0.9889806310335796,1,exact,3,Answer: beignets | Confidence: 90
A,Qwen/Qwen2-VL-2B-Instruct,fp16,fewshot,motion_blur,3,14,beignets,beignets,0.9,0.992398718992869,1,exact,3,Answer: beignets | Confidence: 90
A,Qwen/Qwen2-VL-2B-Instruct,fp16,fewshot,motion_blur,3,15,beignets,beignets,0.9,0.9936500589052836,1,exact,3,Answer: beignets | Confidence: 90
A,Qwen/Qwen2-VL-2B-Instruct,fp16,fewshot,motion_blur,3,16,beignets,beignets,0.9,0.9926689664522806,1,exact,3,Answer: beignets | Confidence: 90
A,Qwen/Qwen2-VL-2B-Instruct,fp16,fewshot,motion_blur,3,17,beignets,beignets,0.9,0.9912170569101968,1,exact,3,Answer: beignets | Confidence: 90
A,Qwen/Qwen2-VL-2B-Instruct,fp16,fewshot,motion_blur,3,18,beignets,beignets,0.9,0.9929546117782592,1,exact,3,Answer: beignets | Confidence: 90
A,Qwen/Qwen2-VL-2B-Instruct,fp16,fewshot,motion_blur,3,19,beignets,beignets,0.9,0.932800809542338,1,exact,3,Answer: beignets | Confidence: 90
A,Qwen/Qwen2-VL-2B-Instruct,fp16,fewshot,motion_blur,3,20,beignets,beignets,0.9,0.9951635201772054,1,exact,3,Answer: beignets | Confidence: 90
A,Qwen/Qwen2-VL-2B-Instruct,fp16,fewshot,motion_blur,3,21,beignets,beignets,0.9,0.940029283364614,1,exact,3,Answer: beignets | Confidence: 90
A,Qwen/Qwen2-VL-2B-Instruct,fp16,fewshot,motion_blur,3,22,beignets,beignets,0.9,0.9738712310791016,1,exact,3,Answer: beignets | Confidence: 90
A,Qwen/Qwen2-VL-2B-Instruct,fp16,fewshot,motion_blur,3,23,beignets,beignets,0.9,0.9913586576779684,1,exact,3,Answer: beignets | Confidence: 90
A,Qwen/Qwen2-VL-2B-Instruct,fp16,fewshot,motion_blur,3,24,beignets,beignets,0.9,0.990893542766571,1,exact,3,Answer: beignets | Confidence: 90
A,Qwen/Qwen2-VL-2B-Instruct,fp16,fewshot,motion_blur,3,25,beignets,beignets,0.9,0.9911009073257446,1,exact,3,Answer: beignets | Confidence: 90
A,Qwen/Qwen2-VL-2B-Instruct,fp16,fewshot,motion_blur,3,26,beignets,beignets,0.9,0.9930584828058878,1,exact,3,Answer: beignets | Confidence: 90
A,Qwen/Qwen2-VL-2B-Instruct,fp16,fewshot,motion_blur,3,27,beignets,beignets,0.9,0.9874393741289774,1,exact,3,Answer: beignets | Confidence: 90
A,Qwen/Qwen2-VL-2B-Instruct,fp16,fewshot,motion_blur,3,28,beignets,beignets,0.9,0.9798409541447958,1,exact,3,Answer: beignets | Confidence: 90
A,Qwen/Qwen2-VL-2B-Instruct,fp16,fewshot,motion_blur,3,29,beignets,beignets,0.9,0.9898683230082194,1,exact,3,Answer: beignets | Confidence: 90
A,Qwen/Qwen2-VL-2B-Instruct,fp16,fewshot,motion_blur,3,30,beignets,beignets,0.9,0.9927166104316713,1,exact,3,Answer: beignets | Confidence: 90
A,Qwen/Qwen2-VL-2B-Instruct,fp16,fewshot,motion_blur,3,31,beignets,beignets,0.9,0.992830236752828,1,exact,3,Answer: beignets | Confidence: 90
A,Qwen/Qwen2-VL-2B-Instruct,fp16,fewshot,motion_blur,3,32,beignets,beignets,0.9,0.986469348271688,1,exact,3,Answer: beignets | Confidence: 90
A,Qwen/Qwen2-VL-2B-Instruct,fp16,fewshot,motion_blur,3,33,beignets,beignets,0.9,0.9959994157155356,1,exact,3,Answer: beignets | Confidence: 90
A,Qwen/Qwen2-VL-2B-Instruct,fp16,fewshot,motion_blur,3,34,beignets,beignets,0.9,0.9915318290392556,1,exact,3,Answer: beignets | Confidence: 90
A,Qwen/Qwen2-VL-2B-Instruct,fp16,fewshot,motion_blur,3,35,beignets,beignets,0.9,0.97422061363856,1,exact,3,Answer: beignets | Confidence: 90
A,Qwen/Qwen2-VL-2B-Instruct,fp16,fewshot,motion_blur,3,36,beignets,beignets,0.9,0.98485134045283,1,exact,3,Answer: beignets | Confidence: 90
A,Qwen/Qwen2-VL-2B-Instruct,fp16,fewshot,motion_blur,3,37,beignets,beignets,0.9,0.9966574708620708,1,exact,3,Answer: beignets | Confidence: 90
A,Qwen/Qwen2-VL-2B-Instruct,fp16,fewshot,motion_blur,3,38,beignets,beignets,0.9,0.9906902511914571,1,exact,3,Answer: beignets | Confidence: 90
A,Qwen/Qwen2-VL-2B-Instruct,fp16,fewshot,motion_blur,3,39,beignets,beignets,0.9,0.994827667872111,1,exact,3,Answer: beignets | Confidence: 90
A,Qwen/Qwen2-VL-2B-Instruct,fp16,fewshot,motion_blur,3,40,beignets,beignets,0.9,0.9807987014452616,1,exact,3,Answer: beignets | Confidence: 90
A,Qwen/Qwen2-VL-2B-Instruct,fp16,fewshot,motion_blur,3,41,beignets,beignets,0.9,0.9932953516642252,1,exact,3,Answer: beignets | Confidence: 90
A,Qwen/Qwen2-VL-2B-Instruct,fp16,fewshot,motion_blur,3,42,beignets,beignets,0.9,0.9875149528185526,1,exact,3,Answer: beignets | Confidence: 90
A,Qwen/Qwen2-VL-2B-Instruct,fp16,fewshot,motion_blur,3,43,beignets,beignets,0.9,0.9813448786735536,1,exact,3,Answer: beignets | Confidence: 90
A,Qwen/Qwen2-VL-2B-Instruct,fp16,fewshot,motion_blur,3,44,beignets,beignets,0.9,0.9859231114387512,1,exact,3,Answer: beignets | Confidence: 90
A,Qwen/Qwen2-VL-2B-Instruct,fp16,fewshot,motion_blur,3,45,beignets,french toast,0.9,0.692287340760231,0,contains,2,Answer: french toast | Confidence: 90
A,Qwen/Qwen2-VL-2B-Instruct,fp16,fewshot,motion_blur,3,46,beignets,beignets,0.9,0.9915985465049744,1,exact,3,Answer: beignets | Confidence: 90
A,Qwen/Qwen2-VL-2B-Instruct,fp16,fewshot,motion_blur,3,47,beignets,scallops,0.9,0.7747085094451904,0,contains,2,Answer: scallops | Confidence: 90
A,Qwen/Qwen2-VL-2B-Instruct,fp16,fewshot,motion_blur,3,48,beignets,beignets,0.9,0.994279404481252,1,exact,3,Answer: beignets | Confidence: 90
A,Qwen/Qwen2-VL-2B-Instruct,fp16,fewshot,motion_blur,3,49,beignets,beignets,0.9,0.9931942423184712,1,exact,3,Answer: beignets | Confidence: 90
A,Qwen/Qwen2-VL-2B-Instruct,fp16,fewshot,motion_blur,3,50,beignets,beignets,0.9,0.9960174361864724,1,exact,3,Answer: beignets | Confidence: 90
A,Qwen/Qwen2-VL-2B-Instruct,fp16,fewshot,motion_blur,3,51,beignets,beignets,0.9,0.990491251150767,1,exact,3,Answer: beignets | Confidence: 90
A,Qwen/Qwen2-VL-2B-Instruct,fp16,fewshot,motion_blur,3,52,beignets,beignets,0.9,0.994092305501302,1,exact,3,Answer: beignets | Confidence: 90
A,Qwen/Qwen2-VL-2B-Instruct,fp16,fewshot,motion_blur,3,53,beignets,beignets,0.9,0.9906959931055704,1,exact,3,Answer: beignets | Confidence: 90
A,Qwen/Qwen2-VL-2B-Instruct,fp16,fewshot,motion_blur,3,54,beignets,beignets,0.9,0.9879838625590006,1,exact,3,Answer: beignets | Confidence: 90
A,Qwen/Qwen2-VL-2B-Instruct,fp16,fewshot,motion_blur,3,55,beignets,beignets,0.9,0.9943515459696451,1,exact,3,Answer: beignets | Confidence: 90
A,Qwen/Qwen2-VL-2B-Instruct,fp16,fewshot,motion_blur,3,56,beignets,beignets,0.9,0.9836470087369285,1,exact,3,Answer: beignets | Confidence: 90
A,Qwen/Qwen2-VL-2B-Instruct,fp16,fewshot,motion_blur,3,57,beignets,beignets,0.9,0.927474319934845,1,exact,3,Answer: beignets | Confidence: 90
A,Qwen/Qwen2-VL-2B-Instruct,fp16,fewshot,motion_blur,3,58,beignets,beignets,0.9,0.98792032400767,1,exact,3,Answer: beignets | Confidence: 90
A,Qwen/Qwen2-VL-2B-Instruct,fp16,fewshot,motion_blur,3,59,beignets,beignets,0.9,0.9934227466583252,1,exact,3,Answer: beignets | Confidence: 90
A,Qwen/Qwen2-VL-2B-Instruct,fp16,fewshot,motion_blur,3,60,beignets,donuts,0.8,0.6177352592349052,0,contains,2,Answer: donuts | Confidence: 80
A,Qwen/Qwen2-VL-2B-Instruct,fp16,fewshot,motion_blur,3,61,beignets,beignets,0.9,0.994714081287384,1,exact,3,Answer: beignets | Confidence: 90
A,Qwen/Qwen2-VL-2B-Instruct,fp16,fewshot,motion_blur,3,62,beignets,beignets,0.9,0.9870611627896628,1,exact,3,Answer: beignets | Confidence: 90
A,Qwen/Qwen2-VL-2B-Instruct,fp16,fewshot,motion_blur,3,63,beignets,beignets,0.9,0.9716413418451944,1,exact,3,Answer: beignets | Confidence: 90
A,Qwen/Qwen2-VL-2B-Instruct,fp16,fewshot,motion_blur,3,64,beignets,beignets,0.9,0.9903863072395324,1,exact,3,Answer: beignets | Confidence: 90
A,Qwen/Qwen2-VL-2B-Instruct,fp16,fewshot,motion_blur,3,65,beignets,beignets,0.9,0.992610196272532,1,exact,3,Answer: beignets | Confidence: 90
A,Qwen/Qwen2-VL-2B-Instruct,fp16,fewshot,motion_blur,3,66,beignets,beignets,0.9,0.994738221168518,1,exact,3,Answer: beignets | Confidence: 90
A,Qwen/Qwen2-VL-2B-Instruct,fp16,fewshot,motion_blur,3,67,beignets,beignets,0.9,0.9929797252019248,1,exact,3,Answer: beignets | Confidence: 90
A,Qwen/Qwen2-VL-2B-Instruct,fp16,fewshot,motion_blur,3,68,beignets,beignets,0.9,0.9909702142079672,1,exact,3,Answer: beignets | Confidence: 90
A,Qwen/Qwen2-VL-2B-Instruct,fp16,fewshot,motion_blur,3,69,beignets,beignets,0.8,0.9939364790916444,1,exact,3,Answer: beignets | Confidence: 80
A,Qwen/Qwen2-VL-2B-Instruct,fp16,fewshot,motion_blur,3,70,beignets,beignets,0.9,0.9846367637316386,1,exact,3,Answer: beignets | Confidence: 90
A,Qwen/Qwen2-VL-2B-Instruct,fp16,fewshot,motion_blur,3,71,beignets,beignets,0.9,0.9944314161936442,1,exact,3,Answer: beignets | Confidence: 90
A,Qwen/Qwen2-VL-2B-Instruct,fp16,fewshot,motion_blur,3,72,beignets,beignets,0.9,0.9797966678937275,1,exact,3,Answer: beignets | Confidence: 90
A,Qwen/Qwen2-VL-2B-Instruct,fp16,fewshot,motion_blur,3,73,beignets,beignets,0.9,0.9897219737370808,1,exact,3,Answer: beignets | Confidence: 90
A,Qwen/Qwen2-VL-2B-Instruct,fp16,fewshot,motion_blur,3,74,beignets,beignets,0.9,0.9921895662943522,1,exact,3,Answer: beignets | Confidence: 90
A,Qwen/Qwen2-VL-2B-Instruct,fp16,fewshot,motion_blur,3,75,beignets,beignets,0.9,0.995594322681427,1,exact,3,Answer: beignets | Confidence: 90
A,Qwen/Qwen2-VL-2B-Instruct,fp16,fewshot,motion_blur,3,76,beignets,beignets,0.9,0.9808408419291178,1,exact,3,Answer: beignets | Confidence: 90
A,Qwen/Qwen2-VL-2B-Instruct,fp16,fewshot,motion_blur,3,77,beignets,beignets,0.9,0.991710086663564,1,exact,3,Answer: beignets | Confidence: 90
A,Qwen/Qwen2-VL-2B-Instruct,fp16,fewshot,motion_blur,3,78,beignets,beignets,0.9,0.9862240155537924,1,exact,3,Answer: beignets | Confidence: 90
A,Qwen/Qwen2-VL-2B-Instruct,fp16,fewshot,motion_blur,3,79,beignets,beignets,0.9,0.9924536148707072,1,exact,3,Answer: beignets | Confidence: 90
A,Qwen/Qwen2-VL-2B-Instruct,fp16,fewshot,motion_blur,3,80,beignets,beignets,0.9,0.9825005928675332,1,exact,3,Answer: beignets | Confidence: 90
A,Qwen/Qwen2-VL-2B-Instruct,fp16,fewshot,motion_blur,3,81,beignets,beignets,0.9,0.953690548737844,1,exact,3,Answer: beignets | Confidence: 90
A,Qwen/Qwen2-VL-2B-Instruct,fp16,fewshot,motion_blur,3,82,beignets,beignets,0.9,0.964287261168162,1,exact,3,Answer: beignets | Confidence: 90
A,Qwen/Qwen2-VL-2B-Instruct,fp16,fewshot,motion_blur,3,83,beignets,beignets,0.9,0.9852361480395,1,exact,3,Answer: beignets | Confidence: 90
A,Qwen/Qwen2-VL-2B-Instruct,fp16,fewshot,motion_blur,3,84,beignets,beignets,0.9,0.988706350326538,1,exact,3,Answer: beignets | Confidence: 90
A,Qwen/Qwen2-VL-2B-Instruct,fp16,fewshot,motion_blur,3,85,beignets,beignets,0.9,0.9691505829493204,1,exact,3,Answer: beignets | Confidence: 90
A,Qwen/Qwen2-VL-2B-Instruct,fp16,fewshot,motion_blur,3,86,beignets,beignets,0.9,0.967359185218811,1,exact,3,Answer: beignets | Confidence: 90
A,Qwen/Qwen2-VL-2B-Instruct,fp16,fewshot,motion_blur,3,87,beignets,beignets,0.9,0.991474668184916,1,exact,3,Answer: beignets | Confidence: 90
A,Qwen/Qwen2-VL-2B-Instruct,fp16,fewshot,motion_blur,3,88,beignets,beignets,0.9,0.9801783164342244,1,exact,3,Answer: beignets | Confidence: 90
A,Qwen/Qwen2-VL-2B-Instruct,fp16,fewshot,motion_blur,3,89,beignets,bread pudding,0.9,0.767996221780777,0,contains,2,Answer: bread pudding | Confidence: 90
A,Qwen/Qwen2-VL-2B-Instruct,fp16,fewshot,motion_blur,3,90,beignets,beignets,0.9,0.989148457845052,1,exact,3,Answer: beignets | Confidence: 90
A,Qwen/Qwen2-VL-2B-Instruct,fp16,fewshot,motion_blur,3,91,beignets,beignets,0.9,0.9891483783721924,1,exact,3,Answer: beignets | Confidence: 90
A,Qwen/Qwen2-VL-2B-Instruct,fp16,fewshot,motion_blur,3,92,beignets,beignets,0.9,0.9934514363606772,1,exact,3,Answer: beignets | Confidence: 90
A,Qwen/Qwen2-VL-2B-Instruct,fp16,fewshot,motion_blur,3,93,beignets,beignets,0.9,0.9763296643892924,1,exact,3,Answer: beignets | Confidence: 90
A,Qwen/Qwen2-VL-2B-Instruct,fp16,fewshot,motion_blur,3,94,beignets,beignets,0.9,0.990766942501068,1,exact,3,Answer: beignets | Confidence: 90
A,Qwen/Qwen2-VL-2B-Instruct,fp16,fewshot,motion_blur,3,95,beignets,beignets,0.9,0.9942707220713296,1,exact,3,Answer: beignets | Confidence: 90
A,Qwen/Qwen2-VL-2B-Instruct,fp16,fewshot,motion_blur,3,96,beignets,beignets,0.9,0.9934397538503013,1,exact,3,Answer: beignets | Confidence: 90
A,Qwen/Qwen2-VL-2B-Instruct,fp16,fewshot,motion_blur,3,97,beignets,beignets,0.8,0.7432428399721781,1,exact,3,Answer: beignets | Confidence: 80
A,Qwen/Qwen2-VL-2B-Instruct,fp16,fewshot,motion_blur,3,98,beignets,beignets,0.9,0.9864599506060282,1,exact,3,Answer: beignets | Confidence: 90
A,Qwen/Qwen2-VL-2B-Instruct,fp16,fewshot,motion_blur,3,99,beignets,beignets,0.9,0.9736983180046082,1,exact,3,Answer: beignets | Confidence: 90
A,Qwen/Qwen2-VL-2B-Instruct,fp16,fewshot,resample,1,0,beignets,beignets,0.9,0.994025985399882,1,exact,3,Answer: beignets | Confidence: 90
A,Qwen/Qwen2-VL-2B-Instruct,fp16,fewshot,resample,1,1,beignets,beignets,0.9,0.9582837224006652,1,exact,3,Answer: beignets | Confidence: 90
A,Qwen/Qwen2-VL-2B-Instruct,fp16,fewshot,resample,1,2,beignets,beignets,0.9,0.9903988639513652,1,exact,3,Answer: beignets | Confidence: 90
A,Qwen/Qwen2-VL-2B-Instruct,fp16,fewshot,resample,1,3,beignets,beignets,0.9,0.9923709829648336,1,exact,3,Answer: beignets | Confidence: 90
A,Qwen/Qwen2-VL-2B-Instruct,fp16,fewshot,resample,1,4,beignets,beignets,0.9,0.9930689334869384,1,exact,3,Answer: beignets | Confidence: 90
A,Qwen/Qwen2-VL-2B-Instruct,fp16,fewshot,resample,1,5,beignets,beignets,0.9,0.9907326698303224,1,exact,3,Answer: beignets | Confidence: 90
A,Qwen/Qwen2-VL-2B-Instruct,fp16,fewshot,resample,1,6,beignets,beignets,0.9,0.9718192418416342,1,exact,3,Answer: beignets | Confidence: 90
A,Qwen/Qwen2-VL-2B-Instruct,fp16,fewshot,resample,1,7,beignets,beignets,0.9,0.9937556187311808,1,exact,3,Answer: beignets | Confidence: 90
A,Qwen/Qwen2-VL-2B-Instruct,fp16,fewshot,resample,1,8,beignets,fried calamari,0.9,0.970576028029124,0,contains,3,Answer: fried calamari | Confidence: 90
A,Qwen/Qwen2-VL-2B-Instruct,fp16,fewshot,resample,1,9,beignets,beignets,0.9,0.9892431696256002,1,exact,3,Answer: beignets | Confidence: 90
A,Qwen/Qwen2-VL-2B-Instruct,fp16,fewshot,resample,1,10,beignets,beignets,0.9,0.9950958689053854,1,exact,3,Answer: beignets | Confidence: 90
A,Qwen/Qwen2-VL-2B-Instruct,fp16,fewshot,resample,1,11,beignets,beignets,0.9,0.9923235376675924,1,exact,3,Answer: beignets | Confidence: 90
A,Qwen/Qwen2-VL-2B-Instruct,fp16,fewshot,resample,1,12,beignets,beignets,0.9,0.9821126659711202,1,exact,3,Answer: beignets | Confidence: 90
A,Qwen/Qwen2-VL-2B-Instruct,fp16,fewshot,resample,1,13,beignets,beignets,0.9,0.9907617767651876,1,exact,3,Answer: beignets | Confidence: 90
A,Qwen/Qwen2-VL-2B-Instruct,fp16,fewshot,resample,1,14,beignets,beignets,0.9,0.9941646456718444,1,exact,3,Answer: beignets | Confidence: 90
A,Qwen/Qwen2-VL-2B-Instruct,fp16,fewshot,resample,1,15,beignets,beignets,0.9,0.994093418121338,1,exact,3,Answer: beignets | Confidence: 90
A,Qwen/Qwen2-VL-2B-Instruct,fp16,fewshot,resample,1,16,beignets,beignets,0.9,0.9951788385709128,1,exact,3,Answer: beignets | Confidence: 90
A,Qwen/Qwen2-VL-2B-Instruct,fp16,fewshot,resample,1,17,beignets,beignets,0.9,0.992855985959371,1,exact,3,Answer: beignets | Confidence: 90
A,Qwen/Qwen2-VL-2B-Instruct,fp16,fewshot,resample,1,18,beignets,beignets,0.9,0.9847157994906108,1,exact,3,Answer: beignets | Confidence: 90
A,Qwen/Qwen2-VL-2B-Instruct,fp16,fewshot,resample,1,19,beignets,beignets,0.8,0.9720672567685446,1,exact,3,Answer: beignets | Confidence: 80
A,Qwen/Qwen2-VL-2B-Instruct,fp16,fewshot,resample,1,20,beignets,beignets,0.9,0.99592787027359,1,exact,3,Answer: beignets | Confidence: 90
A,Qwen/Qwen2-VL-2B-Instruct,fp16,fewshot,resample,1,21,beignets,beignets,0.9,0.9554020762443542,1,exact,3,Answer: beignets | Confidence: 90
A,Qwen/Qwen2-VL-2B-Instruct,fp16,fewshot,resample,1,22,beignets,beignets,0.9,0.9908482829729716,1,exact,3,Answer: beignets | Confidence: 90
A,Qwen/Qwen2-VL-2B-Instruct,fp16,fewshot,resample,1,23,beignets,beignets,0.9,0.990737477938334,1,exact,3,Answer: beignets | Confidence: 90
A,Qwen/Qwen2-VL-2B-Instruct,fp16,fewshot,resample,1,24,beignets,beignets,0.9,0.9867841601371764,1,exact,3,Answer: beignets | Confidence: 90
A,Qwen/Qwen2-VL-2B-Instruct,fp16,fewshot,resample,1,25,beignets,beignets,0.9,0.9923450350761414,1,exact,3,Answer: beignets | Confidence: 90
A,Qwen/Qwen2-VL-2B-Instruct,fp16,fewshot,resample,1,26,beignets,beignets,0.9,0.978313942750295,1,exact,3,Answer: beignets | Confidence: 90
A,Qwen/Qwen2-VL-2B-Instruct,fp16,fewshot,resample,1,27,beignets,beignets,0.9,0.9893218874931335,1,exact,3,Answer: beignets | Confidence: 90
A,Qwen/Qwen2-VL-2B-Instruct,fp16,fewshot,resample,1,28,beignets,beignets,0.9,0.9789867599805196,1,exact,3,Answer: beignets | Confidence: 90
A,Qwen/Qwen2-VL-2B-Instruct,fp16,fewshot,resample,1,29,beignets,beignets,0.9,0.9874278903007508,1,exact,3,Answer: beignets | Confidence: 90
A,Qwen/Qwen2-VL-2B-Instruct,fp16,fewshot,resample,1,30,beignets,beignets,0.9,0.9882044394810996,1,exact,3,Answer: beignets | Confidence: 90
A,Qwen/Qwen2-VL-2B-Instruct,fp16,fewshot,resample,1,31,beignets,beignets,0.9,0.988693118095398,1,exact,3,Answer: beignets | Confidence: 90
A,Qwen/Qwen2-VL-2B-Instruct,fp16,fewshot,resample,1,32,beignets,beignets,0.9,0.9892515142758688,1,exact,3,Answer: beignets | Confidence: 90
A,Qwen/Qwen2-VL-2B-Instruct,fp16,fewshot,resample,1,33,beignets,beignets,0.9,0.9944632053375244,1,exact,3,Answer: beignets | Confidence: 90
A,Qwen/Qwen2-VL-2B-Instruct,fp16,fewshot,resample,1,34,beignets,beignets,0.9,0.9869509140650432,1,exact,3,Answer: beignets | Confidence: 90
A,Qwen/Qwen2-VL-2B-Instruct,fp16,fewshot,resample,1,35,beignets,beignets,0.9,0.9743431210517884,1,exact,3,Answer: beignets | Confidence: 90
A,Qwen/Qwen2-VL-2B-Instruct,fp16,fewshot,resample,1,36,beignets,beignets,0.9,0.989735702673594,1,exact,3,Answer: beignets | Confidence: 90
A,Qwen/Qwen2-VL-2B-Instruct,fp16,fewshot,resample,1,37,beignets,beignets,0.9,0.9954126079877218,1,exact,3,Answer: beignets | Confidence: 90
A,Qwen/Qwen2-VL-2B-Instruct,fp16,fewshot,resample,1,38,beignets,beignets,0.9,0.986899435520172,1,exact,3,Answer: beignets | Confidence: 90
A,Qwen/Qwen2-VL-2B-Instruct,fp16,fewshot,resample,1,39,beignets,beignets,0.9,0.9917487502098083,1,exact,3,Answer: beignets | Confidence: 90
A,Qwen/Qwen2-VL-2B-Instruct,fp16,fewshot,resample,1,40,beignets,beignets,0.9,0.9834282994270324,1,exact,3,Answer: beignets | Confidence: 90
A,Qwen/Qwen2-VL-2B-Instruct,fp16,fewshot,resample,1,41,beignets,beignets,0.9,0.9884588321050009,1,exact,3,Answer: beignets | Confidence: 90
A,Qwen/Qwen2-VL-2B-Instruct,fp16,fewshot,resample,1,42,beignets,beignets,0.9,0.9867021838823954,1,exact,3,Answer: beignets | Confidence: 90
A,Qwen/Qwen2-VL-2B-Instruct,fp16,fewshot,resample,1,43,beignets,beignets,0.9,0.9842349092165628,1,exact,3,Answer: beignets | Confidence: 90
A,Qwen/Qwen2-VL-2B-Instruct,fp16,fewshot,resample,1,44,beignets,beignets,0.9,0.9820658167203268,1,exact,3,Answer: beignets | Confidence: 90
A,Qwen/Qwen2-VL-2B-Instruct,fp16,fewshot,resample,1,45,beignets,beignets,0.9,0.879121720790863,1,exact,3,Answer: beignets | Confidence: 90
A,Qwen/Qwen2-VL-2B-Instruct,fp16,fewshot,resample,1,46,beignets,beignets,0.9,0.9906741976737976,1,exact,3,Answer: beignets | Confidence: 90
A,Qwen/Qwen2-VL-2B-Instruct,fp16,fewshot,resample,1,47,beignets,beignets,0.9,0.9461195866266886,1,exact,3,Answer: beignets | Confidence: 90
A,Qwen/Qwen2-VL-2B-Instruct,fp16,fewshot,resample,1,48,beignets,beignets,0.9,0.990354319413503,1,exact,3,Answer: beignets | Confidence: 90
A,Qwen/Qwen2-VL-2B-Instruct,fp16,fewshot,resample,1,49,beignets,beignets,0.9,0.9906449913978576,1,exact,3,Answer: beignets | Confidence: 90
A,Qwen/Qwen2-VL-2B-Instruct,fp16,fewshot,resample,1,50,beignets,beignets,0.9,0.9913532336552938,1,exact,3,Answer: beignets | Confidence: 90
A,Qwen/Qwen2-VL-2B-Instruct,fp16,fewshot,resample,1,51,beignets,beignets,0.9,0.9948960940043132,1,exact,3,Answer: beignets | Confidence: 90
A,Qwen/Qwen2-VL-2B-Instruct,fp16,fewshot,resample,1,52,beignets,beignets,0.9,0.983979602654775,1,exact,3,Answer: beignets | Confidence: 90
A,Qwen/Qwen2-VL-2B-Instruct,fp16,fewshot,resample,1,53,beignets,beignets,0.9,0.9913455843925476,1,exact,3,Answer: beignets | Confidence: 90
A,Qwen/Qwen2-VL-2B-Instruct,fp16,fewshot,resample,1,54,beignets,beignets,0.9,0.9896256923675536,1,exact,3,Answer: beignets | Confidence: 90
A,Qwen/Qwen2-VL-2B-Instruct,fp16,fewshot,resample,1,55,beignets,beignets,0.9,0.9956143299738566,1,exact,3,Answer: beignets | Confidence: 90
A,Qwen/Qwen2-VL-2B-Instruct,fp16,fewshot,resample,1,56,beignets,beignets,0.9,0.9875535170237224,1,exact,3,Answer: beignets | Confidence: 90
A,Qwen/Qwen2-VL-2B-Instruct,fp16,fewshot,resample,1,57,beignets,beignets,0.9,0.941733201344808,1,exact,3,Answer: beignets | Confidence: 90
A,Qwen/Qwen2-VL-2B-Instruct,fp16,fewshot,resample,1,58,beignets,beignets,0.9,0.9919667442639668,1,exact,3,Answer: beignets | Confidence: 90
A,Qwen/Qwen2-VL-2B-Instruct,fp16,fewshot,resample,1,59,beignets,beignets,0.9,0.992614726225535,1,exact,3,Answer: beignets | Confidence: 90
A,Qwen/Qwen2-VL-2B-Instruct,fp16,fewshot,resample,1,60,beignets,beignets,0.9,0.9717066287994384,1,exact,3,Answer: beignets | Confidence: 90
A,Qwen/Qwen2-VL-2B-Instruct,fp16,fewshot,resample,1,61,beignets,beignets,0.9,0.9950433572133384,1,exact,3,Answer: beignets | Confidence: 90
A,Qwen/Qwen2-VL-2B-Instruct,fp16,fewshot,resample,1,62,beignets,beignets,0.9,0.9693558216094972,1,exact,3,Answer: beignets | Confidence: 90
A,Qwen/Qwen2-VL-2B-Instruct,fp16,fewshot,resample,1,63,beignets,beignets,0.9,0.9836450219154358,1,exact,3,Answer: beignets | Confidence: 90
A,Qwen/Qwen2-VL-2B-Instruct,fp16,fewshot,resample,1,64,beignets,beignets,0.9,0.9902083277702332,1,exact,3,Answer: beignets | Confidence: 90
A,Qwen/Qwen2-VL-2B-Instruct,fp16,fewshot,resample,1,65,beignets,beignets,0.9,0.9924777746200562,1,exact,3,Answer: beignets | Confidence: 90
A,Qwen/Qwen2-VL-2B-Instruct,fp16,fewshot,resample,1,66,beignets,beignets,0.9,0.9938858350118002,1,exact,3,Answer: beignets | Confidence: 90
A,Qwen/Qwen2-VL-2B-Instruct,fp16,fewshot,resample,1,67,beignets,beignets,0.9,0.993990123271942,1,exact,3,Answer: beignets | Confidence: 90
A,Qwen/Qwen2-VL-2B-Instruct,fp16,fewshot,resample,1,68,beignets,beignets,0.9,0.9906188249588012,1,exact,3,Answer: beignets | Confidence: 90
A,Qwen/Qwen2-VL-2B-Instruct,fp16,fewshot,resample,1,69,beignets,beignets,0.9,0.990794817606608,1,exact,3,Answer: beignets | Confidence: 90
A,Qwen/Qwen2-VL-2B-Instruct,fp16,fewshot,resample,1,70,beignets,beignets,0.9,0.97436128060023,1,exact,3,Answer: beignets | Confidence: 90
A,Qwen/Qwen2-VL-2B-Instruct,fp16,fewshot,resample,1,71,beignets,beignets,0.9,0.9931979974110922,1,exact,3,Answer: beignets | Confidence: 90
A,Qwen/Qwen2-VL-2B-Instruct,fp16,fewshot,resample,1,72,beignets,beignets,0.9,0.9800429344177246,1,exact,3,Answer: beignets | Confidence: 90
A,Qwen/Qwen2-VL-2B-Instruct,fp16,fewshot,resample,1,73,beignets,beignets,0.9,0.989949623743693,1,exact,3,Answer: beignets | Confidence: 90
A,Qwen/Qwen2-VL-2B-Instruct,fp16,fewshot,resample,1,74,beignets,beignets,0.9,0.987856388092041,1,exact,3,Answer: beignets | Confidence: 90
A,Qwen/Qwen2-VL-2B-Instruct,fp16,fewshot,resample,1,75,beignets,beignets,0.9,0.9937330285708108,1,exact,3,Answer: beignets | Confidence: 90
A,Qwen/Qwen2-VL-2B-Instruct,fp16,fewshot,resample,1,76,beignets,beignets,0.9,0.9857055942217507,1,exact,3,Answer: beignets | Confidence: 90
A,Qwen/Qwen2-VL-2B-Instruct,fp16,fewshot,resample,1,77,beignets,beignets,0.9,0.9905215700467428,1,exact,3,Answer: beignets | Confidence: 90
A,Qwen/Qwen2-VL-2B-Instruct,fp16,fewshot,resample,1,78,beignets,beignets,0.9,0.985688308874766,1,exact,3,Answer: beignets | Confidence: 90
A,Qwen/Qwen2-VL-2B-Instruct,fp16,fewshot,resample,1,79,beignets,beignets,0.9,0.9919802745183308,1,exact,3,Answer: beignets | Confidence: 90
A,Qwen/Qwen2-VL-2B-Instruct,fp16,fewshot,resample,1,80,beignets,,,0.8765957653522491,0,empty,4,Beignets
A,Qwen/Qwen2-VL-2B-Instruct,fp16,fewshot,resample,1,81,beignets,beignets,0.9,0.9473055203755696,1,exact,3,Answer: beignets | Confidence: 90
A,Qwen/Qwen2-VL-2B-Instruct,fp16,fewshot,resample,1,82,beignets,beignets,0.9,0.9768330057462056,1,exact,3,Answer: beignets | Confidence: 90
A,Qwen/Qwen2-VL-2B-Instruct,fp16,fewshot,resample,1,83,beignets,beignets,0.9,0.9903995593388876,1,exact,3,Answer: beignets | Confidence: 90
A,Qwen/Qwen2-VL-2B-Instruct,fp16,fewshot,resample,1,84,beignets,beignets,0.9,0.9937981963157654,1,exact,3,Answer: beignets | Confidence: 90
A,Qwen/Qwen2-VL-2B-Instruct,fp16,fewshot,resample,1,85,beignets,beignets,0.9,0.9706910848617554,1,exact,3,Answer: beignets | Confidence: 90
A,Qwen/Qwen2-VL-2B-Instruct,fp16,fewshot,resample,1,86,beignets,beignets,0.9,0.971895714600881,1,exact,3,Answer: beignets | Confidence: 90
A,Qwen/Qwen2-VL-2B-Instruct,fp16,fewshot,resample,1,87,beignets,beignets,0.9,0.97962353626887,1,exact,3,Answer: beignets | Confidence: 90
A,Qwen/Qwen2-VL-2B-Instruct,fp16,fewshot,resample,1,88,beignets,bread pudding,0.9,0.7533151507377625,0,contains,2,Answer: bread pudding | Confidence: 90
A,Qwen/Qwen2-VL-2B-Instruct,fp16,fewshot,resample,1,89,beignets,bread pudding,0.9,0.7953291833400726,0,contains,2,Answer: bread pudding | Confidence: 90
A,Qwen/Qwen2-VL-2B-Instruct,fp16,fewshot,resample,1,90,beignets,beignets,0.9,0.9897453983624775,1,exact,3,Answer: beignets | Confidence: 90
A,Qwen/Qwen2-VL-2B-Instruct,fp16,fewshot,resample,1,91,beignets,beignets,0.9,0.99032857020696,1,exact,3,Answer: beignets | Confidence: 90
A,Qwen/Qwen2-VL-2B-Instruct,fp16,fewshot,resample,1,92,beignets,beignets,0.9,0.99072136481603,1,exact,3,Answer: beignets | Confidence: 90
A,Qwen/Qwen2-VL-2B-Instruct,fp16,fewshot,resample,1,93,beignets,beignets,0.9,0.9787093202273052,1,exact,3,Answer: beignets | Confidence: 90
A,Qwen/Qwen2-VL-2B-Instruct,fp16,fewshot,resample,1,94,beignets,beignets,0.9,0.9901868303616842,1,exact,3,Answer: beignets | Confidence: 90
A,Qwen/Qwen2-VL-2B-Instruct,fp16,fewshot,resample,1,95,beignets,beignets,0.9,0.9927679498990376,1,exact,3,Answer: beignets | Confidence: 90
A,Qwen/Qwen2-VL-2B-Instruct,fp16,fewshot,resample,1,96,beignets,beignets,0.9,0.9865888754526774,1,exact,3,Answer: beignets | Confidence: 90
A,Qwen/Qwen2-VL-2B-Instruct,fp16,fewshot,resample,1,97,beignets,beignets,0.8,0.9964051842689514,1,exact,3,Answer: beignets | Confidence: 80
A,Qwen/Qwen2-VL-2B-Instruct,fp16,fewshot,resample,1,98,beignets,beignets,0.9,0.9794968565305074,1,exact,3,Answer: beignets | Confidence: 90
A,Qwen/Qwen2-VL-2B-Instruct,fp16,fewshot,resample,1,99,beignets,beignets,0.9,0.9921295444170634,1,exact,3,Answer: beignets | Confidence: 90
A,Qwen/Qwen2-VL-2B-Instruct,fp16,fewshot,resample,2,0,beignets,beignets,0.9,0.9948117335637412,1,exact,3,Answer: beignets | Confidence: 90
A,Qwen/Qwen2-VL-2B-Instruct,fp16,fewshot,resample,2,1,beignets,beignets,0.9,0.8736811876296997,1,exact,3,Answer: beignets | Confidence: 90
A,Qwen/Qwen2-VL-2B-Instruct,fp16,fewshot,resample,2,2,beignets,beignets,0.9,0.9899719754854838,1,exact,3,Answer: beignets | Confidence: 90
A,Qwen/Qwen2-VL-2B-Instruct,fp16,fewshot,resample,2,3,beignets,beignets,0.9,0.987182835737864,1,exact,3,Answer: beignets | Confidence: 90
A,Qwen/Qwen2-VL-2B-Instruct,fp16,fewshot,resample,2,4,beignets,beignets,0.9,0.9946200450261434,1,exact,3,Answer: beignets | Confidence: 90
A,Qwen/Qwen2-VL-2B-Instruct,fp16,fewshot,resample,2,5,beignets,beignets,0.9,0.9855189720789592,1,exact,3,Answer: beignets | Confidence: 90
A,Qwen/Qwen2-VL-2B-Instruct,fp16,fewshot,resample,2,6,beignets,beignets,0.9,0.9671949942906698,1,exact,3,Answer: beignets | Confidence: 90
A,Qwen/Qwen2-VL-2B-Instruct,fp16,fewshot,resample,2,7,beignets,beignets,0.9,0.9942897160847982,1,exact,3,Answer: beignets | Confidence: 90
A,Qwen/Qwen2-VL-2B-Instruct,fp16,fewshot,resample,2,8,beignets,fried calamari,0.9,0.9251996278762816,0,contains,3,Answer: fried calamari | Confidence: 90
A,Qwen/Qwen2-VL-2B-Instruct,fp16,fewshot,resample,2,9,beignets,beignets,0.9,0.9930148720741272,1,exact,3,Answer: beignets | Confidence: 90
A,Qwen/Qwen2-VL-2B-Instruct,fp16,fewshot,resample,2,10,beignets,beignets,0.9,0.994740923245748,1,exact,3,Answer: beignets | Confidence: 90
A,Qwen/Qwen2-VL-2B-Instruct,fp16,fewshot,resample,2,11,beignets,beignets,0.9,0.9908713897069296,1,exact,3,Answer: beignets | Confidence: 90
A,Qwen/Qwen2-VL-2B-Instruct,fp16,fewshot,resample,2,12,beignets,beignets,0.9,0.9844819903373718,1,exact,3,Answer: beignets | Confidence: 90
A,Qwen/Qwen2-VL-2B-Instruct,fp16,fewshot,resample,2,13,beignets,beignets,0.9,0.991620679696401,1,exact,3,Answer: beignets | Confidence: 90
A,Qwen/Qwen2-VL-2B-Instruct,fp16,fewshot,resample,2,14,beignets,beignets,0.9,0.993564248085022,1,exact,3,Answer: beignets | Confidence: 90
A,Qwen/Qwen2-VL-2B-Instruct,fp16,fewshot,resample,2,15,beignets,beignets,0.9,0.994210422039032,1,exact,3,Answer: beignets | Confidence: 90
A,Qwen/Qwen2-VL-2B-Instruct,fp16,fewshot,resample,2,16,beignets,beignets,0.9,0.9946889281272888,1,exact,3,Answer: beignets | Confidence: 90
A,Qwen/Qwen2-VL-2B-Instruct,fp16,fewshot,resample,2,17,beignets,beignets,0.9,0.99113659063975,1,exact,3,Answer: beignets | Confidence: 90
A,Qwen/Qwen2-VL-2B-Instruct,fp16,fewshot,resample,2,18,beignets,beignets,0.9,0.9880028565724692,1,exact,3,Answer: beignets | Confidence: 90
A,Qwen/Qwen2-VL-2B-Instruct,fp16,fewshot,resample,2,19,beignets,beignets,0.8,0.9432106018066406,1,exact,3,Answer: beignets | Confidence: 80
A,Qwen/Qwen2-VL-2B-Instruct,fp16,fewshot,resample,2,20,beignets,beignets,0.9,0.9965478579203289,1,exact,3,Answer: beignets | Confidence: 90
A,Qwen/Qwen2-VL-2B-Instruct,fp16,fewshot,resample,2,21,beignets,beignets,0.9,0.9436156749725342,1,exact,3,Answer: beignets | Confidence: 90
A,Qwen/Qwen2-VL-2B-Instruct,fp16,fewshot,resample,2,22,beignets,beignets,0.9,0.9906383156776428,1,exact,3,Answer: beignets | Confidence: 90
A,Qwen/Qwen2-VL-2B-Instruct,fp16,fewshot,resample,2,23,beignets,beignets,0.9,0.9917935927708944,1,exact,3,Answer: beignets | Confidence: 90
A,Qwen/Qwen2-VL-2B-Instruct,fp16,fewshot,resample,2,24,beignets,beignets,0.9,0.9861052632331848,1,exact,3,Answer: beignets | Confidence: 90
A,Qwen/Qwen2-VL-2B-Instruct,fp16,fewshot,resample,2,25,beignets,beignets,0.9,0.988924503326416,1,exact,3,Answer: beignets | Confidence: 90
A,Qwen/Qwen2-VL-2B-Instruct,fp16,fewshot,resample,2,26,beignets,beignets,0.9,0.9773625532786052,1,exact,3,Answer: beignets | Confidence: 90
A,Qwen/Qwen2-VL-2B-Instruct,fp16,fewshot,resample,2,27,beignets,beignets,0.9,0.9912445147832236,1,exact,3,Answer: beignets | Confidence: 90
A,Qwen/Qwen2-VL-2B-Instruct,fp16,fewshot,resample,2,28,beignets,beignets,0.9,0.9800247351328532,1,exact,3,Answer: beignets | Confidence: 90
A,Qwen/Qwen2-VL-2B-Instruct,fp16,fewshot,resample,2,29,beignets,beignets,0.9,0.9918777147928872,1,exact,3,Answer: beignets | Confidence: 90
A,Qwen/Qwen2-VL-2B-Instruct,fp16,fewshot,resample,2,30,beignets,beignets,0.9,0.9914660453796388,1,exact,3,Answer: beignets | Confidence: 90
A,Qwen/Qwen2-VL-2B-Instruct,fp16,fewshot,resample,2,31,beignets,beignets,0.9,0.98877481619517,1,exact,3,Answer: beignets | Confidence: 90
A,Qwen/Qwen2-VL-2B-Instruct,fp16,fewshot,resample,2,32,beignets,beignets,0.9,0.9869413574536642,1,exact,3,Answer: beignets | Confidence: 90
A,Qwen/Qwen2-VL-2B-Instruct,fp16,fewshot,resample,2,33,beignets,beignets,0.9,0.9936904907226562,1,exact,3,Answer: beignets | Confidence: 90
A,Qwen/Qwen2-VL-2B-Instruct,fp16,fewshot,resample,2,34,beignets,beignets,0.9,0.989839235941569,1,exact,3,Answer: beignets | Confidence: 90
A,Qwen/Qwen2-VL-2B-Instruct,fp16,fewshot,resample,2,35,beignets,beignets,0.9,0.9764907161394756,1,exact,3,Answer: beignets | Confidence: 90
A,Qwen/Qwen2-VL-2B-Instruct,fp16,fewshot,resample,2,36,beignets,beignets,0.9,0.9884441494941713,1,exact,3,Answer: beignets | Confidence: 90
A,Qwen/Qwen2-VL-2B-Instruct,fp16,fewshot,resample,2,37,beignets,beignets,0.9,0.9948994716008503,1,exact,3,Answer: beignets | Confidence: 90
A,Qwen/Qwen2-VL-2B-Instruct,fp16,fewshot,resample,2,38,beignets,beignets,0.9,0.9825775424639384,1,exact,3,Answer: beignets | Confidence: 90
A,Qwen/Qwen2-VL-2B-Instruct,fp16,fewshot,resample,2,39,beignets,beignets,0.9,0.9946356813112894,1,exact,3,Answer: beignets | Confidence: 90
A,Qwen/Qwen2-VL-2B-Instruct,fp16,fewshot,resample,2,40,beignets,beignets,0.9,0.98249218861262,1,exact,3,Answer: beignets | Confidence: 90
A,Qwen/Qwen2-VL-2B-Instruct,fp16,fewshot,resample,2,41,beignets,beignets,0.9,0.991008480389913,1,exact,3,Answer: beignets | Confidence: 90
A,Qwen/Qwen2-VL-2B-Instruct,fp16,fewshot,resample,2,42,beignets,beignets,0.9,0.9852643807729086,1,exact,3,Answer: beignets | Confidence: 90
A,Qwen/Qwen2-VL-2B-Instruct,fp16,fewshot,resample,2,43,beignets,beignets,0.9,0.9848352074623108,1,exact,3,Answer: beignets | Confidence: 90
A,Qwen/Qwen2-VL-2B-Instruct,fp16,fewshot,resample,2,44,beignets,beignets,0.9,0.9810590942700704,1,exact,3,Answer: beignets | Confidence: 90
A,Qwen/Qwen2-VL-2B-Instruct,fp16,fewshot,resample,2,45,beignets,beignets,0.9,0.8905290166536967,1,exact,3,Answer: beignets | Confidence: 90
A,Qwen/Qwen2-VL-2B-Instruct,fp16,fewshot,resample,2,46,beignets,beignets,0.9,0.9922009507815044,1,exact,3,Answer: beignets | Confidence: 90
A,Qwen/Qwen2-VL-2B-Instruct,fp16,fewshot,resample,2,47,beignets,beignets,0.9,0.963009218374888,1,exact,3,Answer: beignets | Confidence: 90
A,Qwen/Qwen2-VL-2B-Instruct,fp16,fewshot,resample,2,48,beignets,beignets,0.9,0.9926470120747884,1,exact,3,Answer: beignets | Confidence: 90
A,Qwen/Qwen2-VL-2B-Instruct,fp16,fewshot,resample,2,49,beignets,beignets,0.9,0.9905567169189452,1,exact,3,Answer: beignets | Confidence: 90
A,Qwen/Qwen2-VL-2B-Instruct,fp16,fewshot,resample,2,50,beignets,beignets,0.9,0.9960820078849792,1,exact,3,Answer: beignets | Confidence: 90
A,Qwen/Qwen2-VL-2B-Instruct,fp16,fewshot,resample,2,51,beignets,beignets,0.9,0.9951644142468772,1,exact,3,Answer: beignets | Confidence: 90
A,Qwen/Qwen2-VL-2B-Instruct,fp16,fewshot,resample,2,52,beignets,beignets,0.9,0.9843631188074748,1,exact,3,Answer: beignets | Confidence: 90
A,Qwen/Qwen2-VL-2B-Instruct,fp16,fewshot,resample,2,53,beignets,beignets,0.9,0.9907704989115396,1,exact,3,Answer: beignets | Confidence: 90
A,Qwen/Qwen2-VL-2B-Instruct,fp16,fewshot,resample,2,54,beignets,beignets,0.9,0.9882257382074991,1,exact,3,Answer: beignets | Confidence: 90
A,Qwen/Qwen2-VL-2B-Instruct,fp16,fewshot,resample,2,55,beignets,beignets,0.9,0.9954163233439128,1,exact,3,Answer: beignets | Confidence: 90
A,Qwen/Qwen2-VL-2B-Instruct,fp16,fewshot,resample,2,56,beignets,beignets,0.9,0.991318941116333,1,exact,3,Answer: beignets | Confidence: 90
A,Qwen/Qwen2-VL-2B-Instruct,fp16,fewshot,resample,2,57,beignets,beignets,0.9,0.956595758597056,1,exact,3,Answer: beignets | Confidence: 90
A,Qwen/Qwen2-VL-2B-Instruct,fp16,fewshot,resample,2,58,beignets,beignets,0.9,0.9913477301597596,1,exact,3,Answer: beignets | Confidence: 90
A,Qwen/Qwen2-VL-2B-Instruct,fp16,fewshot,resample,2,59,beignets,beignets,0.9,0.9933935801188152,1,exact,3,Answer: beignets | Confidence: 90
A,Qwen/Qwen2-VL-2B-Instruct,fp16,fewshot,resample,2,60,beignets,beignets,0.9,0.8748979568481445,1,exact,3,Answer: beignets | Confidence: 90
A,Qwen/Qwen2-VL-2B-Instruct,fp16,fewshot,resample,2,61,beignets,beignets,0.9,0.995394766330719,1,exact,3,Answer: beignets | Confidence: 90
A,Qwen/Qwen2-VL-2B-Instruct,fp16,fewshot,resample,2,62,beignets,beignets,0.9,0.974355161190033,1,exact,3,Answer: beignets | Confidence: 90
A,Qwen/Qwen2-VL-2B-Instruct,fp16,fewshot,resample,2,63,beignets,beignets,0.9,0.9809987545013428,1,exact,3,Answer: beignets | Confidence: 90
A,Qwen/Qwen2-VL-2B-Instruct,fp16,fewshot,resample,2,64,beignets,beignets,0.9,0.9923208951950072,1,exact,3,Answer: beignets | Confidence: 90
A,Qwen/Qwen2-VL-2B-Instruct,fp16,fewshot,resample,2,65,beignets,beignets,0.9,0.9922772844632468,1,exact,3,Answer: beignets | Confidence: 90
A,Qwen/Qwen2-VL-2B-Instruct,fp16,fewshot,resample,2,66,beignets,beignets,0.9,0.9950972199440002,1,exact,3,Answer: beignets | Confidence: 90
A,Qwen/Qwen2-VL-2B-Instruct,fp16,fewshot,resample,2,67,beignets,beignets,0.9,0.992792010307312,1,exact,3,Answer: beignets | Confidence: 90
A,Qwen/Qwen2-VL-2B-Instruct,fp16,fewshot,resample,2,68,beignets,beignets,0.9,0.9904704292615256,1,exact,3,Answer: beignets | Confidence: 90
A,Qwen/Qwen2-VL-2B-Instruct,fp16,fewshot,resample,2,69,beignets,beignets,0.9,0.9909580945968628,1,exact,3,Answer: beignets | Confidence: 90
A,Qwen/Qwen2-VL-2B-Instruct,fp16,fewshot,resample,2,70,beignets,beignets,0.9,0.9817802707354228,1,exact,3,Answer: beignets | Confidence: 90
A,Qwen/Qwen2-VL-2B-Instruct,fp16,fewshot,resample,2,71,beignets,beignets,0.9,0.9933741092681884,1,exact,3,Answer: beignets | Confidence: 90
A,Qwen/Qwen2-VL-2B-Instruct,fp16,fewshot,resample,2,72,beignets,beignets,0.9,0.9784585237503052,1,exact,3,Answer: beignets | Confidence: 90
A,Qwen/Qwen2-VL-2B-Instruct,fp16,fewshot,resample,2,73,beignets,beignets,0.9,0.988429844379425,1,exact,3,Answer: beignets | Confidence: 90
A,Qwen/Qwen2-VL-2B-Instruct,fp16,fewshot,resample,2,74,beignets,beignets,0.9,0.9872698386510214,1,exact,3,Answer: beignets | Confidence: 90
A,Qwen/Qwen2-VL-2B-Instruct,fp16,fewshot,resample,2,75,beignets,beignets,0.9,0.9950120250384012,1,exact,3,Answer: beignets | Confidence: 90
A,Qwen/Qwen2-VL-2B-Instruct,fp16,fewshot,resample,2,76,beignets,beignets,0.9,0.9827305674552916,1,exact,3,Answer: beignets | Confidence: 90
A,Qwen/Qwen2-VL-2B-Instruct,fp16,fewshot,resample,2,77,beignets,beignets,0.9,0.9936981797218324,1,exact,3,Answer: beignets | Confidence: 90
A,Qwen/Qwen2-VL-2B-Instruct,fp16,fewshot,resample,2,78,beignets,beignets,0.9,0.9880267381668092,1,exact,3,Answer: beignets | Confidence: 90
A,Qwen/Qwen2-VL-2B-Instruct,fp16,fewshot,resample,2,79,beignets,beignets,0.9,0.9927378098169962,1,exact,3,Answer: beignets | Confidence: 90
A,Qwen/Qwen2-VL-2B-Instruct,fp16,fewshot,resample,2,80,beignets,beignets,0.9,0.9774856766064962,1,exact,3,Answer: beignets | Confidence: 90
A,Qwen/Qwen2-VL-2B-Instruct,fp16,fewshot,resample,2,81,beignets,beignets,0.9,0.9544336994489034,1,exact,3,Answer: beignets | Confidence: 90
A,Qwen/Qwen2-VL-2B-Instruct,fp16,fewshot,resample,2,82,beignets,beignets,0.9,0.9784125884373984,1,exact,3,Answer: beignets | Confidence: 90
A,Qwen/Qwen2-VL-2B-Instruct,fp16,fewshot,resample,2,83,beignets,beignets,0.9,0.9736868937810262,1,exact,3,Answer: beignets | Confidence: 90
A,Qwen/Qwen2-VL-2B-Instruct,fp16,fewshot,resample,2,84,beignets,beignets,0.9,0.992445687452952,1,exact,3,Answer: beignets | Confidence: 90
A,Qwen/Qwen2-VL-2B-Instruct,fp16,fewshot,resample,2,85,beignets,beignets,0.9,0.9753910501797994,1,exact,3,Answer: beignets | Confidence: 90
A,Qwen/Qwen2-VL-2B-Instruct,fp16,fewshot,resample,2,86,beignets,beignets,0.9,0.9699701269467672,1,exact,3,Answer: beignets | Confidence: 90
A,Qwen/Qwen2-VL-2B-Instruct,fp16,fewshot,resample,2,87,beignets,beignets,0.9,0.9758530855178832,1,exact,3,Answer: beignets | Confidence: 90
A,Qwen/Qwen2-VL-2B-Instruct,fp16,fewshot,resample,2,88,beignets,beignets,0.9,0.9869293371836344,1,exact,3,Answer: beignets | Confidence: 90
A,Qwen/Qwen2-VL-2B-Instruct,fp16,fewshot,resample,2,89,beignets,bread pudding,0.9,0.9227823615074158,0,contains,2,Answer: bread pudding | Confidence: 90
A,Qwen/Qwen2-VL-2B-Instruct,fp16,fewshot,resample,2,90,beignets,beignets,0.9,0.9914915164311728,1,exact,3,Answer: beignets | Confidence: 90
A,Qwen/Qwen2-VL-2B-Instruct,fp16,fewshot,resample,2,91,beignets,beignets,0.9,0.9814284642537436,1,exact,3,Answer: beignets | Confidence: 90
A,Qwen/Qwen2-VL-2B-Instruct,fp16,fewshot,resample,2,92,beignets,beignets,0.9,0.9912152290344238,1,exact,3,Answer: beignets | Confidence: 90
A,Qwen/Qwen2-VL-2B-Instruct,fp16,fewshot,resample,2,93,beignets,beignets,0.9,0.9875201185544332,1,exact,3,Answer: beignets | Confidence: 90
A,Qwen/Qwen2-VL-2B-Instruct,fp16,fewshot,resample,2,94,beignets,beignets,0.9,0.9905678232510884,1,exact,3,Answer: beignets | Confidence: 90
A,Qwen/Qwen2-VL-2B-Instruct,fp16,fewshot,resample,2,95,beignets,beignets,0.9,0.9920435945192972,1,exact,3,Answer: beignets | Confidence: 90
A,Qwen/Qwen2-VL-2B-Instruct,fp16,fewshot,resample,2,96,beignets,beignets,0.9,0.9866132140159608,1,exact,3,Answer: beignets | Confidence: 90
A,Qwen/Qwen2-VL-2B-Instruct,fp16,fewshot,resample,2,97,beignets,beignets,0.8,0.9636529286702474,1,exact,3,Answer: beignets | Confidence: 80
A,Qwen/Qwen2-VL-2B-Instruct,fp16,fewshot,resample,2,98,beignets,beignets,0.9,0.986041029294332,1,exact,3,Answer: beignets | Confidence: 90
A,Qwen/Qwen2-VL-2B-Instruct,fp16,fewshot,resample,2,99,beignets,beignets,0.9,0.9913740952809652,1,exact,3,Answer: beignets | Confidence: 90
A,Qwen/Qwen2-VL-2B-Instruct,fp16,fewshot,resample,3,0,beignets,beignets,0.9,0.9968616366386414,1,exact,3,Answer: beignets | Confidence: 90
A,Qwen/Qwen2-VL-2B-Instruct,fp16,fewshot,resample,3,1,beignets,beignets,0.9,0.7762765387694041,1,exact,3,Answer: beignets | Confidence: 90
A,Qwen/Qwen2-VL-2B-Instruct,fp16,fewshot,resample,3,2,beignets,beignets,0.9,0.990400473276774,1,exact,3,Answer: beignets | Confidence: 90
A,Qwen/Qwen2-VL-2B-Instruct,fp16,fewshot,resample,3,3,beignets,poutine,0.8,0.6495383977890015,0,contains,2,Answer: poutine | Confidence: 80
A,Qwen/Qwen2-VL-2B-Instruct,fp16,fewshot,resample,3,4,beignets,beignets,0.9,0.9961355924606324,1,exact,3,Answer: beignets | Confidence: 90
A,Qwen/Qwen2-VL-2B-Instruct,fp16,fewshot,resample,3,5,beignets,beignets,0.9,0.9923086961110432,1,exact,3,Answer: beignets | Confidence: 90
A,Qwen/Qwen2-VL-2B-Instruct,fp16,fewshot,resample,3,6,beignets,beignets,0.9,0.9802749951680502,1,exact,3,Answer: beignets | Confidence: 90
A,Qwen/Qwen2-VL-2B-Instruct,fp16,fewshot,resample,3,7,beignets,beignets,0.9,0.992932657400767,1,exact,3,Answer: beignets | Confidence: 90
A,Qwen/Qwen2-VL-2B-Instruct,fp16,fewshot,resample,3,8,beignets,fried calamari,0.9,0.8968156576156616,0,contains,3,Answer: fried calamari | Confidence: 90
A,Qwen/Qwen2-VL-2B-Instruct,fp16,fewshot,resample,3,9,beignets,beignets,0.9,0.992345174153646,1,exact,3,Answer: beignets | Confidence: 90
A,Qwen/Qwen2-VL-2B-Instruct,fp16,fewshot,resample,3,10,beignets,beignets,0.9,0.995361864566803,1,exact,3,Answer: beignets | Confidence: 90
A,Qwen/Qwen2-VL-2B-Instruct,fp16,fewshot,resample,3,11,beignets,beignets,0.9,0.9915836254755656,1,exact,3,Answer: beignets | Confidence: 90
A,Qwen/Qwen2-VL-2B-Instruct,fp16,fewshot,resample,3,12,beignets,beignets,0.9,0.9799898068110148,1,exact,3,Answer: beignets | Confidence: 90
A,Qwen/Qwen2-VL-2B-Instruct,fp16,fewshot,resample,3,13,beignets,beignets,0.9,0.9926231900850933,1,exact,3,Answer: beignets | Confidence: 90
A,Qwen/Qwen2-VL-2B-Instruct,fp16,fewshot,resample,3,14,beignets,beignets,0.9,0.9950839281082152,1,exact,3,Answer: beignets | Confidence: 90
A,Qwen/Qwen2-VL-2B-Instruct,fp16,fewshot,resample,3,15,beignets,beignets,0.9,0.9945946931838988,1,exact,3,Answer: beignets | Confidence: 90
A,Qwen/Qwen2-VL-2B-Instruct,fp16,fewshot,resample,3,16,beignets,beignets,0.9,0.9938645362854004,1,exact,3,Answer: beignets | Confidence: 90
A,Qwen/Qwen2-VL-2B-Instruct,fp16,fewshot,resample,3,17,beignets,beignets,0.9,0.9932975769042968,1,exact,3,Answer: beignets | Confidence: 90
A,Qwen/Qwen2-VL-2B-Instruct,fp16,fewshot,resample,3,18,beignets,beignets,0.9,0.9933555920918784,1,exact,3,Answer: beignets | Confidence: 90
A,Qwen/Qwen2-VL-2B-Instruct,fp16,fewshot,resample,3,19,beignets,beignets,0.9,0.9735602537790934,1,exact,3,Answer: beignets | Confidence: 90
A,Qwen/Qwen2-VL-2B-Instruct,fp16,fewshot,resample,3,20,beignets,beignets,0.9,0.9955378373463948,1,exact,3,Answer: beignets | Confidence: 90
A,Qwen/Qwen2-VL-2B-Instruct,fp16,fewshot,resample,3,21,beignets,beignets,0.9,0.8947483897209167,1,exact,3,Answer: beignets | Confidence: 90
A,Qwen/Qwen2-VL-2B-Instruct,fp16,fewshot,resample,3,22,beignets,beignets,0.9,0.9659304022789,1,exact,3,Answer: beignets | Confidence: 90
A,Qwen/Qwen2-VL-2B-Instruct,fp16,fewshot,resample,3,23,beignets,beignets,0.9,0.9929877320925394,1,exact,3,Answer: beignets | Confidence: 90
A,Qwen/Qwen2-VL-2B-Instruct,fp16,fewshot,resample,3,24,beignets,beignets,0.9,0.9910646875699362,1,exact,3,Answer: beignets | Confidence: 90
A,Qwen/Qwen2-VL-2B-Instruct,fp16,fewshot,resample,3,25,beignets,beignets,0.9,0.9888773163159688,1,exact,3,Answer: beignets | Confidence: 90
A,Qwen/Qwen2-VL-2B-Instruct,fp16,fewshot,resample,3,26,beignets,beignets,0.9,0.9928993781407676,1,exact,3,Answer: beignets | Confidence: 90
A,Qwen/Qwen2-VL-2B-Instruct,fp16,fewshot,resample,3,27,beignets,beignets,0.9,0.9876152078310648,1,exact,3,Answer: beignets | Confidence: 90
A,Qwen/Qwen2-VL-2B-Instruct,fp16,fewshot,resample,3,28,beignets,beignets,0.9,0.9860806266466776,1,exact,3,Answer: beignets | Confidence: 90
A,Qwen/Qwen2-VL-2B-Instruct,fp16,fewshot,resample,3,29,beignets,beignets,0.9,0.991220732529958,1,exact,3,Answer: beignets | Confidence: 90
A,Qwen/Qwen2-VL-2B-Instruct,fp16,fewshot,resample,3,30,beignets,beignets,0.9,0.9918892780939738,1,exact,3,Answer: beignets | Confidence: 90
A,Qwen/Qwen2-VL-2B-Instruct,fp16,fewshot,resample,3,31,beignets,creme brulee,0.9,0.9927908778190612,0,contains,5,Answer: creme brulee | Confidence: 90
A,Qwen/Qwen2-VL-2B-Instruct,fp16,fewshot,resample,3,32,beignets,beignets,0.9,0.9840797185897828,1,exact,3,Answer: beignets | Confidence: 90
A,Qwen/Qwen2-VL-2B-Instruct,fp16,fewshot,resample,3,33,beignets,beignets,0.9,0.9962023297945658,1,exact,3,Answer: beignets | Confidence: 90
A,Qwen/Qwen2-VL-2B-Instruct,fp16,fewshot,resample,3,34,beignets,beignets,0.9,0.9939294854799906,1,exact,3,Answer: beignets | Confidence: 90
A,Qwen/Qwen2-VL-2B-Instruct,fp16,fewshot,resample,3,35,beignets,shrimp and grits,0.9,0.939427524805069,0,contains,4,Answer: shrimp and grits | Confidence: 90
A,Qwen/Qwen2-VL-2B-Instruct,fp16,fewshot,resample,3,36,beignets,beignets,0.9,0.8503785332043966,1,exact,3,Answer: beignets | Confidence: 90
A,Qwen/Qwen2-VL-2B-Instruct,fp16,fewshot,resample,3,37,beignets,beignets,0.9,0.9963087439537048,1,exact,3,Answer: beignets | Confidence: 90
A,Qwen/Qwen2-VL-2B-Instruct,fp16,fewshot,resample,3,38,beignets,beignets,0.9,0.9912377198537192,1,exact,3,Answer: beignets | Confidence: 90
A,Qwen/Qwen2-VL-2B-Instruct,fp16,fewshot,resample,3,39,beignets,beignets,0.9,0.9954777956008912,1,exact,3,Answer: beignets | Confidence: 90
A,Qwen/Qwen2-VL-2B-Instruct,fp16,fewshot,resample,3,40,beignets,beignets,0.9,0.981302241484324,1,exact,3,Answer: beignets | Confidence: 90
A,Qwen/Qwen2-VL-2B-Instruct,fp16,fewshot,resample,3,41,beignets,beignets,0.9,0.9912110169728596,1,exact,3,Answer: beignets | Confidence: 90
A,Qwen/Qwen2-VL-2B-Instruct,fp16,fewshot,resample,3,42,beignets,panna cotta,0.9,0.8851588815450668,0,contains,4,Answer: panna cotta | Confidence: 90
A,Qwen/Qwen2-VL-2B-Instruct,fp16,fewshot,resample,3,43,beignets,beignets,0.9,0.9875022172927856,1,exact,3,Answer: beignets | Confidence: 90
A,Qwen/Qwen2-VL-2B-Instruct,fp16,fewshot,resample,3,44,beignets,beignets,0.9,0.9891609946886698,1,exact,3,Answer: beignets | Confidence: 90
A,Qwen/Qwen2-VL-2B-Instruct,fp16,fewshot,resample,3,45,beignets,beignets,0.9,0.964599390824636,1,exact,3,Answer: beignets | Confidence: 90
A,Qwen/Qwen2-VL-2B-Instruct,fp16,fewshot,resample,3,46,beignets,beignets,0.8,0.9810806711514792,1,exact,3,Answer: beignets | Confidence: 80
A,Qwen/Qwen2-VL-2B-Instruct,fp16,fewshot,resample,3,47,beignets,scallops,0.9,0.6548634022474289,0,contains,2,Answer: scallops | Confidence: 90
A,Qwen/Qwen2-VL-2B-Instruct,fp16,fewshot,resample,3,48,beignets,beignets,0.9,0.9944919347763062,1,exact,3,Answer: beignets | Confidence: 90
A,Qwen/Qwen2-VL-2B-Instruct,fp16,fewshot,resample,3,49,beignets,beignets,0.9,0.986299177010854,1,exact,3,Answer: beignets | Confidence: 90
A,Qwen/Qwen2-VL-2B-Instruct,fp16,fewshot,resample,3,50,beignets,beignets,0.9,0.8211841384569804,1,exact,3,Answer: beignets | Confidence: 90
A,Qwen/Qwen2-VL-2B-Instruct,fp16,fewshot,resample,3,51,beignets,beignets,0.9,0.9919456839561462,1,exact,3,Answer: beignets | Confidence: 90
A,Qwen/Qwen2-VL-2B-Instruct,fp16,fewshot,resample,3,52,beignets,beignets,0.9,0.9889084696769714,1,exact,3,Answer: beignets | Confidence: 90
A,Qwen/Qwen2-VL-2B-Instruct,fp16,fewshot,resample,3,53,beignets,beignets,0.9,0.989203651746114,1,exact,3,Answer: beignets | Confidence: 90
A,Qwen/Qwen2-VL-2B-Instruct,fp16,fewshot,resample,3,54,beignets,beignets,0.9,0.9936858812967936,1,exact,3,Answer: beignets | Confidence: 90
A,Qwen/Qwen2-VL-2B-Instruct,fp16,fewshot,resample,3,55,beignets,beignets,0.9,0.9943536321322124,1,exact,3,Answer: beignets | Confidence: 90
A,Qwen/Qwen2-VL-2B-Instruct,fp16,fewshot,resample,3,56,beignets,beignets,0.9,0.9904400110244752,1,exact,3,Answer: beignets | Confidence: 90
A,Qwen/Qwen2-VL-2B-Instruct,fp16,fewshot,resample,3,57,beignets,beignets,0.9,0.9003998438517252,1,exact,3,Answer: beignets | Confidence: 90
A,Qwen/Qwen2-VL-2B-Instruct,fp16,fewshot,resample,3,58,beignets,beignets,0.9,0.9931526184082032,1,exact,3,Answer: beignets | Confidence: 90
A,Qwen/Qwen2-VL-2B-Instruct,fp16,fewshot,resample,3,59,beignets,beignets,0.9,0.9872062603632608,1,exact,3,Answer: beignets | Confidence: 90
A,Qwen/Qwen2-VL-2B-Instruct,fp16,fewshot,resample,3,60,beignets,beignets,0.8,0.7858007252216339,1,exact,3,Answer: beignets | Confidence: 80
A,Qwen/Qwen2-VL-2B-Instruct,fp16,fewshot,resample,3,61,beignets,beignets,0.9,0.9959719578425088,1,exact,3,Answer: beignets | Confidence: 90
A,Qwen/Qwen2-VL-2B-Instruct,fp16,fewshot,resample,3,62,beignets,beignets,0.9,0.9825514554977416,1,exact,3,Answer: beignets | Confidence: 90
A,Qwen/Qwen2-VL-2B-Instruct,fp16,fewshot,resample,3,63,beignets,beignets,0.9,0.98565673828125,1,exact,3,Answer: beignets | Confidence: 90
A,Qwen/Qwen2-VL-2B-Instruct,fp16,fewshot,resample,3,64,beignets,beignets,0.9,0.993356466293335,1,exact,3,Answer: beignets | Confidence: 90
A,Qwen/Qwen2-VL-2B-Instruct,fp16,fewshot,resample,3,65,beignets,beignets,0.9,0.9943093061447144,1,exact,3,Answer: beignets | Confidence: 90
A,Qwen/Qwen2-VL-2B-Instruct,fp16,fewshot,resample,3,66,beignets,beignets,0.9,0.9942610065142312,1,exact,3,Answer: beignets | Confidence: 90
A,Qwen/Qwen2-VL-2B-Instruct,fp16,fewshot,resample,3,67,beignets,beignets,0.9,0.9953217307726542,1,exact,3,Answer: beignets | Confidence: 90
A,Qwen/Qwen2-VL-2B-Instruct,fp16,fewshot,resample,3,68,beignets,beignets,0.9,0.9906049370765686,1,exact,3,Answer: beignets | Confidence: 90
A,Qwen/Qwen2-VL-2B-Instruct,fp16,fewshot,resample,3,69,beignets,beignets,0.9,0.9903494914372762,1,exact,3,Answer: beignets | Confidence: 90
A,Qwen/Qwen2-VL-2B-Instruct,fp16,fewshot,resample,3,70,beignets,beignets,0.9,0.9885677695274352,1,exact,3,Answer: beignets | Confidence: 90
A,Qwen/Qwen2-VL-2B-Instruct,fp16,fewshot,resample,3,71,beignets,beignets,0.9,0.995122234026591,1,exact,3,Answer: beignets | Confidence: 90
A,Qwen/Qwen2-VL-2B-Instruct,fp16,fewshot,resample,3,72,beignets,beignets,0.9,0.98470143477122,1,exact,3,Answer: beignets | Confidence: 90
A,Qwen/Qwen2-VL-2B-Instruct,fp16,fewshot,resample,3,73,beignets,beignets,0.9,0.990932007630666,1,exact,3,Answer: beignets | Confidence: 90
A,Qwen/Qwen2-VL-2B-Instruct,fp16,fewshot,resample,3,74,beignets,beignets,0.9,0.974147081375122,1,exact,3,Answer: beignets | Confidence: 90
A,Qwen/Qwen2-VL-2B-Instruct,fp16,fewshot,resample,3,75,beignets,beignets,0.9,0.9950542052586874,1,exact,3,Answer: beignets | Confidence: 90
A,Qwen/Qwen2-VL-2B-Instruct,fp16,fewshot,resample,3,76,beignets,beignets,0.9,0.9906139771143596,1,exact,3,Answer: beignets | Confidence: 90
A,Qwen/Qwen2-VL-2B-Instruct,fp16,fewshot,resample,3,77,beignets,beignets,0.9,0.9914878606796264,1,exact,3,Answer: beignets | Confidence: 90
A,Qwen/Qwen2-VL-2B-Instruct,fp16,fewshot,resample,3,78,beignets,beignets,0.9,0.9815842707951864,1,exact,3,Answer: beignets | Confidence: 90
A,Qwen/Qwen2-VL-2B-Instruct,fp16,fewshot,resample,3,79,beignets,beignets,0.9,0.9909340739250184,1,exact,3,Answer: beignets | Confidence: 90
A,Qwen/Qwen2-VL-2B-Instruct,fp16,fewshot,resample,3,80,beignets,beignets,0.9,0.9910163879394532,1,exact,3,Answer: beignets | Confidence: 90
A,Qwen/Qwen2-VL-2B-Instruct,fp16,fewshot,resample,3,81,beignets,beignets,0.9,0.944394568602244,1,exact,3,Answer: beignets | Confidence: 90
A,Qwen/Qwen2-VL-2B-Instruct,fp16,fewshot,resample,3,82,beignets,beignets,0.9,0.9812694191932678,1,exact,3,Answer: beignets | Confidence: 90
A,Qwen/Qwen2-VL-2B-Instruct,fp16,fewshot,resample,3,83,beignets,beignets,0.9,0.9545996189117432,1,exact,3,Answer: beignets | Confidence: 90
A,Qwen/Qwen2-VL-2B-Instruct,fp16,fewshot,resample,3,84,beignets,beignets,0.9,0.9913620352745056,1,exact,3,Answer: beignets | Confidence: 90
A,Qwen/Qwen2-VL-2B-Instruct,fp16,fewshot,resample,3,85,beignets,beignets,0.9,0.9714462558428446,1,exact,3,Answer: beignets | Confidence: 90
A,Qwen/Qwen2-VL-2B-Instruct,fp16,fewshot,resample,3,86,beignets,beignets,0.9,0.9835013349850972,1,exact,3,Answer: beignets | Confidence: 90
A,Qwen/Qwen2-VL-2B-Instruct,fp16,fewshot,resample,3,87,beignets,beignets,0.9,0.98299107948939,1,exact,3,Answer: beignets | Confidence: 90
A,Qwen/Qwen2-VL-2B-Instruct,fp16,fewshot,resample,3,88,beignets,beignets,0.9,0.9481587608655294,1,exact,3,Answer: beignets | Confidence: 90
A,Qwen/Qwen2-VL-2B-Instruct,fp16,fewshot,resample,3,89,beignets,bread pudding,0.9,0.7670713365077972,0,contains,2,Answer: bread pudding | Confidence: 90
A,Qwen/Qwen2-VL-2B-Instruct,fp16,fewshot,resample,3,90,beignets,beignets,0.9,0.9936715165774028,1,exact,3,Answer: beignets | Confidence: 90
A,Qwen/Qwen2-VL-2B-Instruct,fp16,fewshot,resample,3,91,beignets,beignets,0.9,0.9914879401524862,1,exact,3,Answer: beignets | Confidence: 90
A,Qwen/Qwen2-VL-2B-Instruct,fp16,fewshot,resample,3,92,beignets,beignets,0.9,0.9942322969436646,1,exact,3,Answer: beignets | Confidence: 90
A,Qwen/Qwen2-VL-2B-Instruct,fp16,fewshot,resample,3,93,beignets,beignets,0.9,0.9843576550483704,1,exact,3,Answer: beignets | Confidence: 90
A,Qwen/Qwen2-VL-2B-Instruct,fp16,fewshot,resample,3,94,beignets,beignets,0.9,0.9913689295450846,1,exact,3,Answer: beignets | Confidence: 90
A,Qwen/Qwen2-VL-2B-Instruct,fp16,fewshot,resample,3,95,beignets,beignets,0.9,0.9955124457677206,1,exact,3,Answer: beignets | Confidence: 90
A,Qwen/Qwen2-VL-2B-Instruct,fp16,fewshot,resample,3,96,beignets,beignets,0.9,0.9892256657282512,1,exact,3,Answer: beignets | Confidence: 90
A,Qwen/Qwen2-VL-2B-Instruct,fp16,fewshot,resample,3,97,beignets,beignets,0.9,0.8085255722204844,1,exact,3,Answer: beignets | Confidence: 90
A,Qwen/Qwen2-VL-2B-Instruct,fp16,fewshot,resample,3,98,beignets,beignets,0.9,0.9904772043228148,1,exact,3,Answer: beignets | Confidence: 90
A,Qwen/Qwen2-VL-2B-Instruct,fp16,fewshot,resample,3,99,beignets,beignets,0.9,0.9133203426996866,1,exact,3,Answer: beignets | Confidence: 90
A,Qwen/Qwen2-VL-2B-Instruct,fp16,fewshot,rotation,1,0,beignets,beignets,0.9,0.9926296869913735,1,exact,3,Answer: beignets | Confidence: 90
A,Qwen/Qwen2-VL-2B-Instruct,fp16,fewshot,rotation,1,1,beignets,beignets,0.9,0.9307677149772644,1,exact,3,Answer: beignets | Confidence: 90
A,Qwen/Qwen2-VL-2B-Instruct,fp16,fewshot,rotation,1,2,beignets,beignets,0.9,0.9900226593017578,1,exact,3,Answer: beignets | Confidence: 90
A,Qwen/Qwen2-VL-2B-Instruct,fp16,fewshot,rotation,1,3,beignets,beignets,0.9,0.9924554824829102,1,exact,3,Answer: beignets | Confidence: 90
A,Qwen/Qwen2-VL-2B-Instruct,fp16,fewshot,rotation,1,4,beignets,beignets,0.9,0.9955483476320902,1,exact,3,Answer: beignets | Confidence: 90
A,Qwen/Qwen2-VL-2B-Instruct,fp16,fewshot,rotation,1,5,beignets,beignets,0.85,0.9872633616129556,1,exact,3,Answer: beignets | Confidence: 85
A,Qwen/Qwen2-VL-2B-Instruct,fp16,fewshot,rotation,1,6,beignets,beignets,0.9,0.9813857475916544,1,exact,3,Answer: beignets | Confidence: 90
A,Qwen/Qwen2-VL-2B-Instruct,fp16,fewshot,rotation,1,7,beignets,beignets,0.9,0.9934925238291422,1,exact,3,Answer: beignets | Confidence: 90
A,Qwen/Qwen2-VL-2B-Instruct,fp16,fewshot,rotation,1,8,beignets,fried calamari,0.85,0.945047914981842,0,contains,3,Answer: fried calamari | Confidence: 85
A,Qwen/Qwen2-VL-2B-Instruct,fp16,fewshot,rotation,1,9,beignets,beignets,0.9,0.9902976155281068,1,exact,3,Answer: beignets | Confidence: 90
A,Qwen/Qwen2-VL-2B-Instruct,fp16,fewshot,rotation,1,10,beignets,beignets,0.9,0.9923511942227682,1,exact,3,Answer: beignets | Confidence: 90
A,Qwen/Qwen2-VL-2B-Instruct,fp16,fewshot,rotation,1,11,beignets,beignets,0.9,0.990995983282725,1,exact,3,Answer: beignets | Confidence: 90
A,Qwen/Qwen2-VL-2B-Instruct,fp16,fewshot,rotation,1,12,beignets,beignets,0.9,0.975460390249888,1,exact,3,Answer: beignets | Confidence: 90
A,Qwen/Qwen2-VL-2B-Instruct,fp16,fewshot,rotation,1,13,beignets,beignets,0.9,0.9918675223986309,1,exact,3,Answer: beignets | Confidence: 90
A,Qwen/Qwen2-VL-2B-Instruct,fp16,fewshot,rotation,1,14,beignets,beignets,0.9,0.9945849378903708,1,exact,3,Answer: beignets | Confidence: 90
A,Qwen/Qwen2-VL-2B-Instruct,fp16,fewshot,rotation,1,15,beignets,beignets,0.9,0.9935826460520426,1,exact,3,Answer: beignets | Confidence: 90
A,Qwen/Qwen2-VL-2B-Instruct,fp16,fewshot,rotation,1,16,beignets,beignets,0.9,0.9935803413391112,1,exact,3,Answer: beignets | Confidence: 90
A,Qwen/Qwen2-VL-2B-Instruct,fp16,fewshot,rotation,1,17,beignets,beignets,0.9,0.9927897453308104,1,exact,3,Answer: beignets | Confidence: 90
A,Qwen/Qwen2-VL-2B-Instruct,fp16,fewshot,rotation,1,18,beignets,beignets,0.9,0.9925398031870524,1,exact,3,Answer: beignets | Confidence: 90
A,Qwen/Qwen2-VL-2B-Instruct,fp16,fewshot,rotation,1,19,beignets,beignets,0.8,0.8452969789505005,1,exact,3,Answer: beignets | Confidence: 80
A,Qwen/Qwen2-VL-2B-Instruct,fp16,fewshot,rotation,1,20,beignets,beignets,0.9,0.9958006143569946,1,exact,3,Answer: beignets | Confidence: 90
A,Qwen/Qwen2-VL-2B-Instruct,fp16,fewshot,rotation,1,21,beignets,beignets,0.9,0.9678670366605124,1,exact,3,Answer: beignets | Confidence: 90
A,Qwen/Qwen2-VL-2B-Instruct,fp16,fewshot,rotation,1,22,beignets,beignets,0.9,0.9924823840459188,1,exact,3,Answer: beignets | Confidence: 90
A,Qwen/Qwen2-VL-2B-Instruct,fp16,fewshot,rotation,1,23,beignets,beignets,0.9,0.99101855357488,1,exact,3,Answer: beignets | Confidence: 90
A,Qwen/Qwen2-VL-2B-Instruct,fp16,fewshot,rotation,1,24,beignets,beignets,0.9,0.9901492396990458,1,exact,3,Answer: beignets | Confidence: 90
A,Qwen/Qwen2-VL-2B-Instruct,fp16,fewshot,rotation,1,25,beignets,beignets,0.9,0.9906732439994812,1,exact,3,Answer: beignets | Confidence: 90
A,Qwen/Qwen2-VL-2B-Instruct,fp16,fewshot,rotation,1,26,beignets,beignets,0.9,0.9876379370689392,1,exact,3,Answer: beignets | Confidence: 90
A,Qwen/Qwen2-VL-2B-Instruct,fp16,fewshot,rotation,1,27,beignets,beignets,0.9,0.990876038869222,1,exact,3,Answer: beignets | Confidence: 90
A,Qwen/Qwen2-VL-2B-Instruct,fp16,fewshot,rotation,1,28,beignets,beignets,0.9,0.9749526182810464,1,exact,3,Answer: beignets | Confidence: 90
A,Qwen/Qwen2-VL-2B-Instruct,fp16,fewshot,rotation,1,29,beignets,beignets,0.9,0.9917677839597068,1,exact,3,Answer: beignets | Confidence: 90
A,Qwen/Qwen2-VL-2B-Instruct,fp16,fewshot,rotation,1,30,beignets,beignets,0.9,0.9912304878234864,1,exact,3,Answer: beignets | Confidence: 90
A,Qwen/Qwen2-VL-2B-Instruct,fp16,fewshot,rotation,1,31,beignets,beignets,0.9,0.9843688408533732,1,exact,3,Answer: beignets | Confidence: 90
A,Qwen/Qwen2-VL-2B-Instruct,fp16,fewshot,rotation,1,32,beignets,beignets,0.9,0.9887863198916116,1,exact,3,Answer: beignets | Confidence: 90
A,Qwen/Qwen2-VL-2B-Instruct,fp16,fewshot,rotation,1,33,beignets,beignets,0.9,0.9956541856129963,1,exact,3,Answer: beignets | Confidence: 90
A,Qwen/Qwen2-VL-2B-Instruct,fp16,fewshot,rotation,1,34,beignets,beignets,0.9,0.9926266272862752,1,exact,3,Answer: beignets | Confidence: 90
A,Qwen/Qwen2-VL-2B-Instruct,fp16,fewshot,rotation,1,35,beignets,beignets,0.9,0.981929381688436,1,exact,3,Answer: beignets | Confidence: 90
A,Qwen/Qwen2-VL-2B-Instruct,fp16,fewshot,rotation,1,36,beignets,beignets,0.9,0.9881301919619242,1,exact,3,Answer: beignets | Confidence: 90
A,Qwen/Qwen2-VL-2B-Instruct,fp16,fewshot,rotation,1,37,beignets,beignets,0.9,0.9952349265416464,1,exact,3,Answer: beignets | Confidence: 90
A,Qwen/Qwen2-VL-2B-Instruct,fp16,fewshot,rotation,1,38,beignets,beignets,0.9,0.991866946220398,1,exact,3,Answer: beignets | Confidence: 90
A,Qwen/Qwen2-VL-2B-Instruct,fp16,fewshot,rotation,1,39,beignets,beignets,0.9,0.9943516651789348,1,exact,3,Answer: beignets | Confidence: 90
A,Qwen/Qwen2-VL-2B-Instruct,fp16,fewshot,rotation,1,40,beignets,beignets,0.9,0.9818094372749328,1,exact,3,Answer: beignets | Confidence: 90
A,Qwen/Qwen2-VL-2B-Instruct,fp16,fewshot,rotation,1,41,beignets,beignets,0.9,0.9938653906186422,1,exact,3,Answer: beignets | Confidence: 90
A,Qwen/Qwen2-VL-2B-Instruct,fp16,fewshot,rotation,1,42,beignets,beignets,0.9,0.9830085039138794,1,exact,3,Answer: beignets | Confidence: 90
A,Qwen/Qwen2-VL-2B-Instruct,fp16,fewshot,rotation,1,43,beignets,beignets,0.9,0.9877747694651284,1,exact,3,Answer: beignets | Confidence: 90
A,Qwen/Qwen2-VL-2B-Instruct,fp16,fewshot,rotation,1,44,beignets,beignets,0.9,0.9897839029630026,1,exact,3,Answer: beignets | Confidence: 90
A,Qwen/Qwen2-VL-2B-Instruct,fp16,fewshot,rotation,1,45,beignets,beignets,0.9,0.8778552015622457,1,exact,3,Answer: beignets | Confidence: 90
A,Qwen/Qwen2-VL-2B-Instruct,fp16,fewshot,rotation,1,46,beignets,beignets,0.9,0.992368717988332,1,exact,3,Answer: beignets | Confidence: 90
A,Qwen/Qwen2-VL-2B-Instruct,fp16,fewshot,rotation,1,47,beignets,beignets,0.9,0.9470831155776978,1,exact,3,Answer: beignets | Confidence: 90
A,Qwen/Qwen2-VL-2B-Instruct,fp16,fewshot,rotation,1,48,beignets,beignets,0.9,0.9952292243639628,1,exact,3,Answer: beignets | Confidence: 90
A,Qwen/Qwen2-VL-2B-Instruct,fp16,fewshot,rotation,1,49,beignets,beignets,0.9,0.9950805306434632,1,exact,3,Answer: beignets | Confidence: 90
A,Qwen/Qwen2-VL-2B-Instruct,fp16,fewshot,rotation,1,50,beignets,beignets,0.9,0.994543174902598,1,exact,3,Answer: beignets | Confidence: 90
A,Qwen/Qwen2-VL-2B-Instruct,fp16,fewshot,rotation,1,51,beignets,beignets,0.9,0.99173241853714,1,exact,3,Answer: beignets | Confidence: 90
A,Qwen/Qwen2-VL-2B-Instruct,fp16,fewshot,rotation,1,52,beignets,beignets,0.9,0.9869970480600992,1,exact,3,Answer: beignets | Confidence: 90
A,Qwen/Qwen2-VL-2B-Instruct,fp16,fewshot,rotation,1,53,beignets,beignets,0.9,0.990226666132609,1,exact,3,Answer: beignets | Confidence: 90
A,Qwen/Qwen2-VL-2B-Instruct,fp16,fewshot,rotation,1,54,beignets,beignets,0.9,0.99323042233785,1,exact,3,Answer: beignets | Confidence: 90
A,Qwen/Qwen2-VL-2B-Instruct,fp16,fewshot,rotation,1,55,beignets,beignets,0.9,0.9962912996610006,1,exact,3,Answer: beignets | Confidence: 90
A,Qwen/Qwen2-VL-2B-Instruct,fp16,fewshot,rotation,1,56,beignets,pizza,0.85,0.6520628929138184,0,contains,1,Answer: pizza | Confidence: 85
A,Qwen/Qwen2-VL-2B-Instruct,fp16,fewshot,rotation,1,57,beignets,fried rice,0.9,0.6751912534236908,0,contains,2,Answer: fried rice | Confidence: 90
A,Qwen/Qwen2-VL-2B-Instruct,fp16,fewshot,rotation,1,58,beignets,beignets,0.9,0.992020845413208,1,exact,3,Answer: beignets | Confidence: 90
A,Qwen/Qwen2-VL-2B-Instruct,fp16,fewshot,rotation,1,59,beignets,beignets,0.9,0.9942108392715454,1,exact,3,Answer: beignets | Confidence: 90
A,Qwen/Qwen2-VL-2B-Instruct,fp16,fewshot,rotation,1,60,beignets,beignets,0.8,0.786811500787735,1,exact,3,Answer: beignets | Confidence: 80
A,Qwen/Qwen2-VL-2B-Instruct,fp16,fewshot,rotation,1,61,beignets,beignets,0.9,0.9954156875610352,1,exact,3,Answer: beignets | Confidence: 90
A,Qwen/Qwen2-VL-2B-Instruct,fp16,fewshot,rotation,1,62,beignets,beignets,0.9,0.97196094195048,1,exact,3,Answer: beignets | Confidence: 90
A,Qwen/Qwen2-VL-2B-Instruct,fp16,fewshot,rotation,1,63,beignets,beignets,0.9,0.9840547442436218,1,exact,3,Answer: beignets | Confidence: 90
A,Qwen/Qwen2-VL-2B-Instruct,fp16,fewshot,rotation,1,64,beignets,beignets,0.9,0.9926339785257976,1,exact,3,Answer: beignets | Confidence: 90
A,Qwen/Qwen2-VL-2B-Instruct,fp16,fewshot,rotation,1,65,beignets,beignets,0.9,0.9933895667394004,1,exact,3,Answer: beignets | Confidence: 90
A,Qwen/Qwen2-VL-2B-Instruct,fp16,fewshot,rotation,1,66,beignets,beignets,0.9,0.9934268991152444,1,exact,3,Answer: beignets | Confidence: 90
A,Qwen/Qwen2-VL-2B-Instruct,fp16,fewshot,rotation,1,67,beignets,pizza,0.85,0.8519980311393738,0,nomatch,1,Answer: pizza | Confidence: 85
A,Qwen/Qwen2-VL-2B-Instruct,fp16,fewshot,rotation,1,68,beignets,beignets,0.9,0.989371101061503,1,exact,3,Answer: beignets | Confidence: 90
A,Qwen/Qwen2-VL-2B-Instruct,fp16,fewshot,rotation,1,69,beignets,beignets,0.9,0.9911003708839417,1,exact,3,Answer: beignets | Confidence: 90
A,Qwen/Qwen2-VL-2B-Instruct,fp16,fewshot,rotation,1,70,beignets,beignets,0.9,0.9884286324183146,1,exact,3,Answer: beignets | Confidence: 90
A,Qwen/Qwen2-VL-2B-Instruct,fp16,fewshot,rotation,1,71,beignets,beignets,0.9,0.9926620125770568,1,exact,3,Answer: beignets | Confidence: 90
A,Qwen/Qwen2-VL-2B-Instruct,fp16,fewshot,rotation,1,72,beignets,beignets,0.9,0.9815765817960104,1,exact,3,Answer: beignets | Confidence: 90
A,Qwen/Qwen2-VL-2B-Instruct,fp16,fewshot,rotation,1,73,beignets,beignets,0.9,0.9913272460301716,1,exact,3,Answer: beignets | Confidence: 90
A,Qwen/Qwen2-VL-2B-Instruct,fp16,fewshot,rotation,1,74,beignets,beignets,0.9,0.9915495912233988,1,exact,3,Answer: beignets | Confidence: 90
A,Qwen/Qwen2-VL-2B-Instruct,fp16,fewshot,rotation,1,75,beignets,beignets,0.9,0.9961132804552714,1,exact,3,Answer: beignets | Confidence: 90
A,Qwen/Qwen2-VL-2B-Instruct,fp16,fewshot,rotation,1,76,beignets,beignets,0.9,0.9909865061442056,1,exact,3,Answer: beignets | Confidence: 90
A,Qwen/Qwen2-VL-2B-Instruct,fp16,fewshot,rotation,1,77,beignets,beignets,0.9,0.9927283922831216,1,exact,3,Answer: beignets | Confidence: 90
A,Qwen/Qwen2-VL-2B-Instruct,fp16,fewshot,rotation,1,78,beignets,beignets,0.9,0.9895124038060508,1,exact,3,Answer: beignets | Confidence: 90
A,Qwen/Qwen2-VL-2B-Instruct,fp16,fewshot,rotation,1,79,beignets,beignets,0.9,0.9935076236724854,1,exact,3,Answer: beignets | Confidence: 90
A,Qwen/Qwen2-VL-2B-Instruct,fp16,fewshot,rotation,1,80,beignets,beignets,0.9,0.9876773754755656,1,exact,3,Answer: beignets | Confidence: 90
A,Qwen/Qwen2-VL-2B-Instruct,fp16,fewshot,rotation,1,81,beignets,beignets,0.9,0.9560275872548422,1,exact,3,Answer: beignets | Confidence: 90
A,Qwen/Qwen2-VL-2B-Instruct,fp16,fewshot,rotation,1,82,beignets,beignets,0.9,0.9800028204917908,1,exact,3,Answer: beignets | Confidence: 90
A,Qwen/Qwen2-VL-2B-Instruct,fp16,fewshot,rotation,1,83,beignets,beignets,0.9,0.9903852144877116,1,exact,3,Answer: beignets | Confidence: 90
A,Qwen/Qwen2-VL-2B-Instruct,fp16,fewshot,rotation,1,84,beignets,beignets,0.9,0.9946311910947164,1,exact,3,Answer: beignets | Confidence: 90
A,Qwen/Qwen2-VL-2B-Instruct,fp16,fewshot,rotation,1,85,beignets,beignets,0.9,0.9609992504119872,1,exact,3,Answer: beignets | Confidence: 90
A,Qwen/Qwen2-VL-2B-Instruct,fp16,fewshot,rotation,1,86,beignets,beignets,0.9,0.9841040372848512,1,exact,3,Answer: beignets | Confidence: 90
A,Qwen/Qwen2-VL-2B-Instruct,fp16,fewshot,rotation,1,87,beignets,beignets,0.9,0.9813429315884908,1,exact,3,Answer: beignets | Confidence: 90
A,Qwen/Qwen2-VL-2B-Instruct,fp16,fewshot,rotation,1,88,beignets,bread pudding,0.9,0.9592841863632202,0,contains,2,Answer: bread pudding | Confidence: 90
A,Qwen/Qwen2-VL-2B-Instruct,fp16,fewshot,rotation,1,89,beignets,bread pudding,0.9,0.8080607652664185,0,contains,2,Answer: bread pudding | Confidence: 90
A,Qwen/Qwen2-VL-2B-Instruct,fp16,fewshot,rotation,1,90,beignets,beignets,0.9,0.9915995399157206,1,exact,3,Answer: beignets | Confidence: 90
A,Qwen/Qwen2-VL-2B-Instruct,fp16,fewshot,rotation,1,91,beignets,beignets,0.9,0.99226709206899,1,exact,3,Answer: beignets | Confidence: 90
A,Qwen/Qwen2-VL-2B-Instruct,fp16,fewshot,rotation,1,92,beignets,beignets,0.9,0.994369943936666,1,exact,3,Answer: beignets | Confidence: 90
A,Qwen/Qwen2-VL-2B-Instruct,fp16,fewshot,rotation,1,93,beignets,beignets,0.85,0.9787671367327372,1,exact,3,Answer: beignets | Confidence: 85
A,Qwen/Qwen2-VL-2B-Instruct,fp16,fewshot,rotation,1,94,beignets,beignets,0.9,0.9920151631037394,1,exact,3,Answer: beignets | Confidence: 90
A,Qwen/Qwen2-VL-2B-Instruct,fp16,fewshot,rotation,1,95,beignets,beignets,0.85,0.9931246042251588,1,exact,3,Answer: beignets | Confidence: 85
A,Qwen/Qwen2-VL-2B-Instruct,fp16,fewshot,rotation,1,96,beignets,beignets,0.9,0.9909904996554056,1,exact,3,Answer: beignets | Confidence: 90
A,Qwen/Qwen2-VL-2B-Instruct,fp16,fewshot,rotation,1,97,beignets,,,0.8594632670283318,0,empty,4,Beignets
A,Qwen/Qwen2-VL-2B-Instruct,fp16,fewshot,rotation,1,98,beignets,beignets,0.9,0.9915931820869446,1,exact,3,Answer: beignets | Confidence: 90
A,Qwen/Qwen2-VL-2B-Instruct,fp16,fewshot,rotation,1,99,beignets,beignets,0.9,0.9913621544837952,1,exact,3,Answer: beignets | Confidence: 90
A,Qwen/Qwen2-VL-2B-Instruct,fp16,fewshot,rotation,2,0,beignets,beignets,0.9,0.9937492609024048,1,exact,3,Answer: beignets | Confidence: 90
A,Qwen/Qwen2-VL-2B-Instruct,fp16,fewshot,rotation,2,1,beignets,beignets,0.9,0.893143355846405,1,exact,3,Answer: beignets | Confidence: 90
A,Qwen/Qwen2-VL-2B-Instruct,fp16,fewshot,rotation,2,2,beignets,beignets,0.9,0.9916382431983948,1,exact,3,Answer: beignets | Confidence: 90
A,Qwen/Qwen2-VL-2B-Instruct,fp16,fewshot,rotation,2,3,beignets,beignets,0.9,0.990320920944214,1,exact,3,Answer: beignets | Confidence: 90
A,Qwen/Qwen2-VL-2B-Instruct,fp16,fewshot,rotation,2,4,beignets,beignets,0.9,0.9954095880190532,1,exact,3,Answer: beignets | Confidence: 90
A,Qwen/Qwen2-VL-2B-Instruct,fp16,fewshot,rotation,2,5,beignets,beignets,0.85,0.9882019559542338,1,exact,3,Answer: beignets | Confidence: 85
A,Qwen/Qwen2-VL-2B-Instruct,fp16,fewshot,rotation,2,6,beignets,beignets,0.9,0.9800602793693542,1,exact,3,Answer: beignets | Confidence: 90
A,Qwen/Qwen2-VL-2B-Instruct,fp16,fewshot,rotation,2,7,beignets,beignets,0.9,0.99224587281545,1,exact,3,Answer: beignets | Confidence: 90
A,Qwen/Qwen2-VL-2B-Instruct,fp16,fewshot,rotation,2,8,beignets,fried calamari,0.85,0.9213049014409384,0,contains,3,Answer: fried calamari | Confidence: 85
A,Qwen/Qwen2-VL-2B-Instruct,fp16,fewshot,rotation,2,9,beignets,beignets,0.9,0.9870543877283732,1,exact,3,Answer: beignets | Confidence: 90
A,Qwen/Qwen2-VL-2B-Instruct,fp16,fewshot,rotation,2,10,beignets,beignets,0.9,0.9903912742932638,1,exact,3,Answer: beignets | Confidence: 90
A,Qwen/Qwen2-VL-2B-Instruct,fp16,fewshot,rotation,2,11,beignets,beignets,0.9,0.9943940242131551,1,exact,3,Answer: beignets | Confidence: 90
A,Qwen/Qwen2-VL-2B-Instruct,fp16,fewshot,rotation,2,12,beignets,beignets,0.9,0.9846498370170592,1,exact,3,Answer: beignets | Confidence: 90
A,Qwen/Qwen2-VL-2B-Instruct,fp16,fewshot,rotation,2,13,beignets,beignets,0.9,0.9924704233805338,1,exact,3,Answer: beignets | Confidence: 90
A,Qwen/Qwen2-VL-2B-Instruct,fp16,fewshot,rotation,2,14,beignets,beignets,0.9,0.9953745404879252,1,exact,3,Answer: beignets | Confidence: 90
A,Qwen/Qwen2-VL-2B-Instruct,fp16,fewshot,rotation,2,15,beignets,beignets,0.9,0.9953675468762716,1,exact,3,Answer: beignets | Confidence: 90
A,Qwen/Qwen2-VL-2B-Instruct,fp16,fewshot,rotation,2,16,beignets,beignets,0.9,0.9943801561991372,1,exact,3,Answer: beignets | Confidence: 90
A,Qwen/Qwen2-VL-2B-Instruct,fp16,fewshot,rotation,2,17,beignets,beignets,0.9,0.9938403367996216,1,exact,3,Answer: beignets | Confidence: 90
A,Qwen/Qwen2-VL-2B-Instruct,fp16,fewshot,rotation,2,18,beignets,beignets,0.9,0.9938798745473226,1,exact,3,Answer: beignets | Confidence: 90
A,Qwen/Qwen2-VL-2B-Instruct,fp16,fewshot,rotation,2,19,beignets,beignets,0.9,0.975452740987142,1,exact,3,Answer: beignets | Confidence: 90
A,Qwen/Qwen2-VL-2B-Instruct,fp16,fewshot,rotation,2,20,beignets,beignets,0.9,0.995858371257782,1,exact,3,Answer: beignets | Confidence: 90
A,Qwen/Qwen2-VL-2B-Instruct,fp16,fewshot,rotation,2,21,beignets,beignets,0.9,0.9648882349332174,1,exact,3,Answer: beignets | Confidence: 90
A,Qwen/Qwen2-VL-2B-Instruct,fp16,fewshot,rotation,2,22,beignets,beignets,0.9,0.9926203489303588,1,exact,3,Answer: beignets | Confidence: 90
A,Qwen/Qwen2-VL-2B-Instruct,fp16,fewshot,rotation,2,23,beignets,beignets,0.9,0.991060753663381,1,exact,3,Answer: beignets | Confidence: 90
A,Qwen/Qwen2-VL-2B-Instruct,fp16,fewshot,rotation,2,24,beignets,beignets,0.9,0.9904235601425172,1,exact,3,Answer: beignets | Confidence: 90
A,Qwen/Qwen2-VL-2B-Instruct,fp16,fewshot,rotation,2,25,beignets,beignets,0.9,0.9912287394205728,1,exact,3,Answer: beignets | Confidence: 90
A,Qwen/Qwen2-VL-2B-Instruct,fp16,fewshot,rotation,2,26,beignets,beignets,0.9,0.990306794643402,1,exact,3,Answer: beignets | Confidence: 90
A,Qwen/Qwen2-VL-2B-Instruct,fp16,fewshot,rotation,2,27,beignets,beignets,0.9,0.9897869229316713,1,exact,3,Answer: beignets | Confidence: 90
A,Qwen/Qwen2-VL-2B-Instruct,fp16,fewshot,rotation,2,28,beignets,beignets,0.9,0.9757314721743264,1,exact,3,Answer: beignets | Confidence: 90
A,Qwen/Qwen2-VL-2B-Instruct,fp16,fewshot,rotation,2,29,beignets,beignets,0.9,0.990844190120697,1,exact,3,Answer: beignets | Confidence: 90
A,Qwen/Qwen2-VL-2B-Instruct,fp16,fewshot,rotation,2,30,beignets,beignets,0.9,0.9923288424809774,1,exact,3,Answer: beignets | Confidence: 90
A,Qwen/Qwen2-VL-2B-Instruct,fp16,fewshot,rotation,2,31,beignets,beignets,0.9,0.9851337869962056,1,exact,3,Answer: beignets | Confidence: 90
A,Qwen/Qwen2-VL-2B-Instruct,fp16,fewshot,rotation,2,32,beignets,beignets,0.9,0.9857914447784424,1,exact,3,Answer: beignets | Confidence: 90
A,Qwen/Qwen2-VL-2B-Instruct,fp16,fewshot,rotation,2,33,beignets,beignets,0.9,0.9968518217404684,1,exact,3,Answer: beignets | Confidence: 90
A,Qwen/Qwen2-VL-2B-Instruct,fp16,fewshot,rotation,2,34,beignets,beignets,0.9,0.993102769056956,1,exact,3,Answer: beignets | Confidence: 90
A,Qwen/Qwen2-VL-2B-Instruct,fp16,fewshot,rotation,2,35,beignets,beignets,0.9,0.9780327479044596,1,exact,3,Answer: beignets | Confidence: 90
A,Qwen/Qwen2-VL-2B-Instruct,fp16,fewshot,rotation,2,36,beignets,beignets,0.9,0.9862988193829856,1,exact,3,Answer: beignets | Confidence: 90
A,Qwen/Qwen2-VL-2B-Instruct,fp16,fewshot,rotation,2,37,beignets,beignets,0.9,0.9957669973373412,1,exact,3,Answer: beignets | Confidence: 90
A,Qwen/Qwen2-VL-2B-Instruct,fp16,fewshot,rotation,2,38,beignets,beignets,0.9,0.9902776877085367,1,exact,3,Answer: beignets | Confidence: 90
A,Qwen/Qwen2-VL-2B-Instruct,fp16,fewshot,rotation,2,39,beignets,beignets,0.9,0.9933118422826132,1,exact,3,Answer: beignets | Confidence: 90
A,Qwen/Qwen2-VL-2B-Instruct,fp16,fewshot,rotation,2,40,beignets,beignets,0.9,0.987078070640564,1,exact,3,Answer: beignets | Confidence: 90
A,Qwen/Qwen2-VL-2B-Instruct,fp16,fewshot,rotation,2,41,beignets,beignets,0.9,0.9906268119812012,1,exact,3,Answer: beignets | Confidence: 90
A,Qwen/Qwen2-VL-2B-Instruct,fp16,fewshot,rotation,2,42,beignets,beignets,0.9,0.9850321213404336,1,exact,3,Answer: beignets | Confidence: 90
A,Qwen/Qwen2-VL-2B-Instruct,fp16,fewshot,rotation,2,43,beignets,beignets,0.9,0.985132416089376,1,exact,3,Answer: beignets | Confidence: 90
A,Qwen/Qwen2-VL-2B-Instruct,fp16,fewshot,rotation,2,44,beignets,beignets,0.9,0.988956093788147,1,exact,3,Answer: beignets | Confidence: 90
A,Qwen/Qwen2-VL-2B-Instruct,fp16,fewshot,rotation,2,45,beignets,beignets,0.9,0.8397326270739237,1,exact,3,Answer: beignets | Confidence: 90
A,Qwen/Qwen2-VL-2B-Instruct,fp16,fewshot,rotation,2,46,beignets,beignets,0.9,0.9925264716148376,1,exact,3,Answer: beignets | Confidence: 90
A,Qwen/Qwen2-VL-2B-Instruct,fp16,fewshot,rotation,2,47,beignets,beignets,0.9,0.9422622124354044,1,exact,3,Answer: beignets | Confidence: 90
A,Qwen/Qwen2-VL-2B-Instruct,fp16,fewshot,rotation,2,48,beignets,beignets,0.9,0.993882179260254,1,exact,3,Answer: beignets | Confidence: 90
A,Qwen/Qwen2-VL-2B-Instruct,fp16,fewshot,rotation,2,49,beignets,beignets,0.9,0.9934574961662292,1,exact,3,Answer: beignets | Confidence: 90
A,Qwen/Qwen2-VL-2B-Instruct,fp16,fewshot,rotation,2,50,beignets,beignets,0.9,0.9940208395322164,1,exact,3,Answer: beignets | Confidence: 90
A,Qwen/Qwen2-VL-2B-Instruct,fp16,fewshot,rotation,2,51,beignets,beignets,0.9,0.9929102857907612,1,exact,3,Answer: beignets | Confidence: 90
A,Qwen/Qwen2-VL-2B-Instruct,fp16,fewshot,rotation,2,52,beignets,beignets,0.9,0.983896553516388,1,exact,3,Answer: beignets | Confidence: 90
A,Qwen/Qwen2-VL-2B-Instruct,fp16,fewshot,rotation,2,53,beignets,beignets,0.9,0.9880435466766356,1,exact,3,Answer: beignets | Confidence: 90
A,Qwen/Qwen2-VL-2B-Instruct,fp16,fewshot,rotation,2,54,beignets,beignets,0.9,0.994168738524119,1,exact,3,Answer: beignets | Confidence: 90
A,Qwen/Qwen2-VL-2B-Instruct,fp16,fewshot,rotation,2,55,beignets,beignets,0.9,0.9957354267438252,1,exact,3,Answer: beignets | Confidence: 90
A,Qwen/Qwen2-VL-2B-Instruct,fp16,fewshot,rotation,2,56,beignets,pizza,0.9,0.5945267081260681,0,contains,1,Answer: pizza | Confidence: 90
A,Qwen/Qwen2-VL-2B-Instruct,fp16,fewshot,rotation,2,57,beignets,beignets,0.9,0.9751501480738322,1,exact,3,Answer: beignets | Confidence: 90
A,Qwen/Qwen2-VL-2B-Instruct,fp16,fewshot,rotation,2,58,beignets,beignets,0.9,0.9923597971598308,1,exact,3,Answer: beignets | Confidence: 90
A,Qwen/Qwen2-VL-2B-Instruct,fp16,fewshot,rotation,2,59,beignets,beignets,0.9,0.9944632053375244,1,exact,3,Answer: beignets | Confidence: 90
A,Qwen/Qwen2-VL-2B-Instruct,fp16,fewshot,rotation,2,60,beignets,pizza,0.85,0.2255420237779617,0,nomatch,1,Answer: pizza | Confidence: 85
A,Qwen/Qwen2-VL-2B-Instruct,fp16,fewshot,rotation,2,61,beignets,beignets,0.9,0.9953853289286296,1,exact,3,Answer: beignets | Confidence: 90
A,Qwen/Qwen2-VL-2B-Instruct,fp16,fewshot,rotation,2,62,beignets,beignets,0.9,0.978371560573578,1,exact,3,Answer: beignets | Confidence: 90
A,Qwen/Qwen2-VL-2B-Instruct,fp16,fewshot,rotation,2,63,beignets,beignets,0.9,0.9831167062123616,1,exact,3,Answer: beignets | Confidence: 90
A,Qwen/Qwen2-VL-2B-Instruct,fp16,fewshot,rotation,2,64,beignets,beignets,0.9,0.9930916229883828,1,exact,3,Answer: beignets | Confidence: 90
A,Qwen/Qwen2-VL-2B-Instruct,fp16,fewshot,rotation,2,65,beignets,beignets,0.9,0.9940000573794048,1,exact,3,Answer: beignets | Confidence: 90
A,Qwen/Qwen2-VL-2B-Instruct,fp16,fewshot,rotation,2,66,beignets,beignets,0.9,0.9932876626650492,1,exact,3,Answer: beignets | Confidence: 90
A,Qwen/Qwen2-VL-2B-Instruct,fp16,fewshot,rotation,2,67,beignets,beignets,0.9,0.8522240916887919,1,exact,3,Answer: beignets | Confidence: 90
A,Qwen/Qwen2-VL-2B-Instruct,fp16,fewshot,rotation,2,68,beignets,beignets,0.9,0.9908953110376992,1,exact,3,Answer: beignets | Confidence: 90
A,Qwen/Qwen2-VL-2B-Instruct,fp16,fewshot,rotation,2,69,beignets,beignets,0.9,0.9899175961812338,1,exact,3,Answer: beignets | Confidence: 90
A,Qwen/Qwen2-VL-2B-Instruct,fp16,fewshot,rotation,2,70,beignets,beignets,0.9,0.9873433907826742,1,exact,3,Answer: beignets | Confidence: 90
A,Qwen/Qwen2-VL-2B-Instruct,fp16,fewshot,rotation,2,71,beignets,beignets,0.9,0.9931471943855286,1,exact,3,Answer: beignets | Confidence: 90
A,Qwen/Qwen2-VL-2B-Instruct,fp16,fewshot,rotation,2,72,beignets,beignets,0.9,0.9768823583920796,1,exact,3,Answer: beignets | Confidence: 90
A,Qwen/Qwen2-VL-2B-Instruct,fp16,fewshot,rotation,2,73,beignets,beignets,0.9,0.9914263288180032,1,exact,3,Answer: beignets | Confidence: 90
A,Qwen/Qwen2-VL-2B-Instruct,fp16,fewshot,rotation,2,74,beignets,beignets,0.9,0.9894513289133708,1,exact,3,Answer: beignets | Confidence: 90
A,Qwen/Qwen2-VL-2B-Instruct,fp16,fewshot,rotation,2,75,beignets,beignets,0.9,0.995370348294576,1,exact,3,Answer: beignets | Confidence: 90
A,Qwen/Qwen2-VL-2B-Instruct,fp16,fewshot,rotation,2,76,beignets,beignets,0.9,0.9874646663665771,1,exact,3,Answer: beignets | Confidence: 90
A,Qwen/Qwen2-VL-2B-Instruct,fp16,fewshot,rotation,2,77,beignets,beignets,0.9,0.9935846328735352,1,exact,3,Answer: beignets | Confidence: 90
A,Qwen/Qwen2-VL-2B-Instruct,fp16,fewshot,rotation,2,78,beignets,beignets,0.9,0.988368272781372,1,exact,3,Answer: beignets | Confidence: 90
A,Qwen/Qwen2-VL-2B-Instruct,fp16,fewshot,rotation,2,79,beignets,beignets,0.9,0.9930049180984496,1,exact,3,Answer: beignets | Confidence: 90
A,Qwen/Qwen2-VL-2B-Instruct,fp16,fewshot,rotation,2,80,beignets,beignets,0.9,0.9896491169929504,1,exact,3,Answer: beignets | Confidence: 90
A,Qwen/Qwen2-VL-2B-Instruct,fp16,fewshot,rotation,2,81,beignets,beignets,0.9,0.9534444610277812,1,exact,3,Answer: beignets | Confidence: 90
A,Qwen/Qwen2-VL-2B-Instruct,fp16,fewshot,rotation,2,82,beignets,beignets,0.9,0.9803606271743774,1,exact,3,Answer: beignets | Confidence: 90
A,Qwen/Qwen2-VL-2B-Instruct,fp16,fewshot,rotation,2,83,beignets,beignets,0.9,0.9924365282058716,1,exact,3,Answer: beignets | Confidence: 90
A,Qwen/Qwen2-VL-2B-Instruct,fp16,fewshot,rotation,2,84,beignets,beignets,0.9,0.992403487364451,1,exact,3,Answer: beignets | Confidence: 90
A,Qwen/Qwen2-VL-2B-Instruct,fp16,fewshot,rotation,2,85,beignets,beignets,0.9,0.9613514939943948,1,exact,3,Answer: beignets | Confidence: 90
A,Qwen/Qwen2-VL-2B-Instruct,fp16,fewshot,rotation,2,86,beignets,beignets,0.9,0.9815519054730734,1,exact,3,Answer: beignets | Confidence: 90
A,Qwen/Qwen2-VL-2B-Instruct,fp16,fewshot,rotation,2,87,beignets,beignets,0.9,0.9811323285102844,1,exact,3,Answer: beignets | Confidence: 90
A,Qwen/Qwen2-VL-2B-Instruct,fp16,fewshot,rotation,2,88,beignets,beignets,0.9,0.950529416402181,1,exact,3,Answer: beignets | Confidence: 90
A,Qwen/Qwen2-VL-2B-Instruct,fp16,fewshot,rotation,2,89,beignets,bread pudding,0.9,0.8639518320560455,0,contains,2,Answer: bread pudding | Confidence: 90
A,Qwen/Qwen2-VL-2B-Instruct,fp16,fewshot,rotation,2,90,beignets,beignets,0.9,0.9913296699523926,1,exact,3,Answer: beignets | Confidence: 90
A,Qwen/Qwen2-VL-2B-Instruct,fp16,fewshot,rotation,2,91,beignets,beignets,0.9,0.9942718545595804,1,exact,3,Answer: beignets | Confidence: 90
A,Qwen/Qwen2-VL-2B-Instruct,fp16,fewshot,rotation,2,92,beignets,beignets,0.9,0.9947741826375326,1,exact,3,Answer: beignets | Confidence: 90
A,Qwen/Qwen2-VL-2B-Instruct,fp16,fewshot,rotation,2,93,beignets,beignets,0.9,0.9860051472981772,1,exact,3,Answer: beignets | Confidence: 90
A,Qwen/Qwen2-VL-2B-Instruct,fp16,fewshot,rotation,2,94,beignets,beignets,0.9,0.9910733699798584,1,exact,3,Answer: beignets | Confidence: 90
A,Qwen/Qwen2-VL-2B-Instruct,fp16,fewshot,rotation,2,95,beignets,beignets,0.9,0.9946943124135336,1,exact,3,Answer: beignets | Confidence: 90
A,Qwen/Qwen2-VL-2B-Instruct,fp16,fewshot,rotation,2,96,beignets,beignets,0.9,0.9909650087356568,1,exact,3,Answer: beignets | Confidence: 90
A,Qwen/Qwen2-VL-2B-Instruct,fp16,fewshot,rotation,2,97,beignets,beignets,0.9,0.8778891762097677,1,exact,3,Answer: beignets | Confidence: 90
A,Qwen/Qwen2-VL-2B-Instruct,fp16,fewshot,rotation,2,98,beignets,beignets,0.9,0.9889742930730184,1,exact,3,Answer: beignets | Confidence: 90
A,Qwen/Qwen2-VL-2B-Instruct,fp16,fewshot,rotation,2,99,beignets,beignets,0.9,0.9941914081573486,1,exact,3,Answer: beignets | Confidence: 90
A,Qwen/Qwen2-VL-2B-Instruct,fp16,fewshot,rotation,3,0,beignets,beignets,0.9,0.9938114285469056,1,exact,3,Answer: beignets | Confidence: 90
A,Qwen/Qwen2-VL-2B-Instruct,fp16,fewshot,rotation,3,1,beignets,beignets,0.9,0.8680810133616129,1,exact,3,Answer: beignets | Confidence: 90
A,Qwen/Qwen2-VL-2B-Instruct,fp16,fewshot,rotation,3,2,beignets,beignets,0.9,0.9909600814183552,1,exact,3,Answer: beignets | Confidence: 90
A,Qwen/Qwen2-VL-2B-Instruct,fp16,fewshot,rotation,3,3,beignets,beignets,0.9,0.9923736453056335,1,exact,3,Answer: beignets | Confidence: 90
A,Qwen/Qwen2-VL-2B-Instruct,fp16,fewshot,rotation,3,4,beignets,beignets,0.9,0.9954651395479838,1,exact,3,Answer: beignets | Confidence: 90
A,Qwen/Qwen2-VL-2B-Instruct,fp16,fewshot,rotation,3,5,beignets,beignets,0.9,0.9900714755058287,1,exact,3,Answer: beignets | Confidence: 90
A,Qwen/Qwen2-VL-2B-Instruct,fp16,fewshot,rotation,3,6,beignets,beignets,0.9,0.9800164302190144,1,exact,3,Answer: beignets | Confidence: 90
A,Qwen/Qwen2-VL-2B-Instruct,fp16,fewshot,rotation,3,7,beignets,beignets,0.9,0.9916396935780843,1,exact,3,Answer: beignets | Confidence: 90
A,Qwen/Qwen2-VL-2B-Instruct,fp16,fewshot,rotation,3,8,beignets,fried calamari,0.9,0.9626553257306416,0,contains,3,Answer: fried calamari | Confidence: 90
A,Qwen/Qwen2-VL-2B-Instruct,fp16,fewshot,rotation,3,9,beignets,beignets,0.9,0.9890719453493754,1,exact,3,Answer: beignets | Confidence: 90
A,Qwen/Qwen2-VL-2B-Instruct,fp16,fewshot,rotation,3,10,beignets,beignets,0.9,0.992214024066925,1,exact,3,Answer: beignets | Confidence: 90
A,Qwen/Qwen2-VL-2B-Instruct,fp16,fewshot,rotation,3,11,beignets,beignets,0.9,0.9900896946589152,1,exact,3,Answer: beignets | Confidence: 90
A,Qwen/Qwen2-VL-2B-Instruct,fp16,fewshot,rotation,3,12,beignets,beignets,0.9,0.9803457657496134,1,exact,3,Answer: beignets | Confidence: 90
A,Qwen/Qwen2-VL-2B-Instruct,fp16,fewshot,rotation,3,13,beignets,beignets,0.9,0.9931245644887288,1,exact,3,Answer: beignets | Confidence: 90
A,Qwen/Qwen2-VL-2B-Instruct,fp16,fewshot,rotation,3,14,beignets,beignets,0.9,0.995292862256368,1,exact,3,Answer: beignets | Confidence: 90
A,Qwen/Qwen2-VL-2B-Instruct,fp16,fewshot,rotation,3,15,beignets,beignets,0.9,0.9940226078033448,1,exact,3,Answer: beignets | Confidence: 90
A,Qwen/Qwen2-VL-2B-Instruct,fp16,fewshot,rotation,3,16,beignets,beignets,0.9,0.9931482474009196,1,exact,3,Answer: beignets | Confidence: 90
A,Qwen/Qwen2-VL-2B-Instruct,fp16,fewshot,rotation,3,17,beignets,beignets,0.9,0.994199514389038,1,exact,3,Answer: beignets | Confidence: 90
A,Qwen/Qwen2-VL-2B-Instruct,fp16,fewshot,rotation,3,18,beignets,beignets,0.9,0.9930450916290284,1,exact,3,Answer: beignets | Confidence: 90
A,Qwen/Qwen2-VL-2B-Instruct,fp16,fewshot,rotation,3,19,beignets,beignets,0.8,0.9725651144981384,1,exact,3,Answer: beignets | Confidence: 80
A,Qwen/Qwen2-VL-2B-Instruct,fp16,fewshot,rotation,3,20,beignets,beignets,0.9,0.9954286615053812,1,exact,3,Answer: beignets | Confidence: 90
A,Qwen/Qwen2-VL-2B-Instruct,fp16,fewshot,rotation,3,21,beignets,beignets,0.9,0.9792738954226176,1,exact,3,Answer: beignets | Confidence: 90
A,Qwen/Qwen2-VL-2B-Instruct,fp16,fewshot,rotation,3,22,beignets,beignets,0.9,0.9920437733332316,1,exact,3,Answer: beignets | Confidence: 90
A,Qwen/Qwen2-VL-2B-Instruct,fp16,fewshot,rotation,3,23,beignets,beignets,0.9,0.9927924275398254,1,exact,3,Answer: beignets | Confidence: 90
A,Qwen/Qwen2-VL-2B-Instruct,fp16,fewshot,rotation,3,24,beignets,beignets,0.9,0.991402784983317,1,exact,3,Answer: beignets | Confidence: 90
A,Qwen/Qwen2-VL-2B-Instruct,fp16,fewshot,rotation,3,25,beignets,beignets,0.9,0.9914231300354004,1,exact,3,Answer: beignets | Confidence: 90
A,Qwen/Qwen2-VL-2B-Instruct,fp16,fewshot,rotation,3,26,beignets,beignets,0.9,0.9931204915046692,1,exact,3,Answer: beignets | Confidence: 90
A,Qwen/Qwen2-VL-2B-Instruct,fp16,fewshot,rotation,3,27,beignets,beignets,0.9,0.9893179734547932,1,exact,3,Answer: beignets | Confidence: 90
A,Qwen/Qwen2-VL-2B-Instruct,fp16,fewshot,rotation,3,28,beignets,beignets,0.9,0.9795843362808228,1,exact,3,Answer: beignets | Confidence: 90
A,Qwen/Qwen2-VL-2B-Instruct,fp16,fewshot,rotation,3,29,beignets,beignets,0.9,0.9915625254313152,1,exact,3,Answer: beignets | Confidence: 90
A,Qwen/Qwen2-VL-2B-Instruct,fp16,fewshot,rotation,3,30,beignets,beignets,0.9,0.9909477432568868,1,exact,3,Answer: beignets | Confidence: 90
A,Qwen/Qwen2-VL-2B-Instruct,fp16,fewshot,rotation,3,31,beignets,beignets,0.9,0.9899679025014242,1,exact,3,Answer: beignets | Confidence: 90
A,Qwen/Qwen2-VL-2B-Instruct,fp16,fewshot,rotation,3,32,beignets,beignets,0.9,0.9841285546620688,1,exact,3,Answer: beignets | Confidence: 90
A,Qwen/Qwen2-VL-2B-Instruct,fp16,fewshot,rotation,3,33,beignets,beignets,0.9,0.9955567916234336,1,exact,3,Answer: beignets | Confidence: 90
A,Qwen/Qwen2-VL-2B-Instruct,fp16,fewshot,rotation,3,34,beignets,beignets,0.9,0.9917183518409728,1,exact,3,Answer: beignets | Confidence: 90
A,Qwen/Qwen2-VL-2B-Instruct,fp16,fewshot,rotation,3,35,beignets,beignets,0.9,0.9793857137362162,1,exact,3,Answer: beignets | Confidence: 90
A,Qwen/Qwen2-VL-2B-Instruct,fp16,fewshot,rotation,3,36,beignets,beignets,0.9,0.9872215390205384,1,exact,3,Answer: beignets | Confidence: 90
A,Qwen/Qwen2-VL-2B-Instruct,fp16,fewshot,rotation,3,37,beignets,beignets,0.9,0.9947757522265116,1,exact,3,Answer: beignets | Confidence: 90
A,Qwen/Qwen2-VL-2B-Instruct,fp16,fewshot,rotation,3,38,beignets,beignets,0.9,0.9901071985562644,1,exact,3,Answer: beignets | Confidence: 90
A,Qwen/Qwen2-VL-2B-Instruct,fp16,fewshot,rotation,3,39,beignets,beignets,0.9,0.9916264812151592,1,exact,3,Answer: beignets | Confidence: 90
A,Qwen/Qwen2-VL-2B-Instruct,fp16,fewshot,rotation,3,40,beignets,beignets,0.9,0.9862632950146992,1,exact,3,Answer: beignets | Confidence: 90
A,Qwen/Qwen2-VL-2B-Instruct,fp16,fewshot,rotation,3,41,beignets,beignets,0.9,0.9921609361966452,1,exact,3,Answer: beignets | Confidence: 90
A,Qwen/Qwen2-VL-2B-Instruct,fp16,fewshot,rotation,3,42,beignets,beignets,0.9,0.9848904808362324,1,exact,3,Answer: beignets | Confidence: 90
A,Qwen/Qwen2-VL-2B-Instruct,fp16,fewshot,rotation,3,43,beignets,beignets,0.9,0.9888004064559937,1,exact,3,Answer: beignets | Confidence: 90
A,Qwen/Qwen2-VL-2B-Instruct,fp16,fewshot,rotation,3,44,beignets,beignets,0.9,0.9905858834584554,1,exact,3,Answer: beignets | Confidence: 90
A,Qwen/Qwen2-VL-2B-Instruct,fp16,fewshot,rotation,3,45,beignets,beignets,0.9,0.904485841592153,1,exact,3,Answer: beignets | Confidence: 90
A,Qwen/Qwen2-VL-2B-Instruct,fp16,fewshot,rotation,3,46,beignets,beignets,0.9,0.9911621809005736,1,exact,3,Answer: beignets | Confidence: 90
A,Qwen/Qwen2-VL-2B-Instruct,fp16,fewshot,rotation,3,47,beignets,beignets,0.9,0.942801296710968,1,exact,3,Answer: beignets | Confidence: 90
A,Qwen/Qwen2-VL-2B-Instruct,fp16,fewshot,rotation,3,48,beignets,beignets,0.9,0.9936301708221436,1,exact,3,Answer: beignets | Confidence: 90
A,Qwen/Qwen2-VL-2B-Instruct,fp16,fewshot,rotation,3,49,beignets,beignets,0.9,0.9920088251431785,1,exact,3,Answer: beignets | Confidence: 90
A,Qwen/Qwen2-VL-2B-Instruct,fp16,fewshot,rotation,3,50,beignets,beignets,0.9,0.9957980513572692,1,exact,3,Answer: beignets | Confidence: 90
A,Qwen/Qwen2-VL-2B-Instruct,fp16,fewshot,rotation,3,51,beignets,beignets,0.9,0.9930308063824972,1,exact,3,Answer: beignets | Confidence: 90
A,Qwen/Qwen2-VL-2B-Instruct,fp16,fewshot,rotation,3,52,beignets,beignets,0.9,0.9872264663378396,1,exact,3,Answer: beignets | Confidence: 90
A,Qwen/Qwen2-VL-2B-Instruct,fp16,fewshot,rotation,3,53,beignets,beignets,0.9,0.9891558686892192,1,exact,3,Answer: beignets | Confidence: 90
A,Qwen/Qwen2-VL-2B-Instruct,fp16,fewshot,rotation,3,54,beignets,beignets,0.9,0.9940418601036072,1,exact,3,Answer: beignets | Confidence: 90
A,Qwen/Qwen2-VL-2B-Instruct,fp16,fewshot,rotation,3,55,beignets,beignets,0.9,0.994949201742808,1,exact,3,Answer: beignets | Confidence: 90
A,Qwen/Qwen2-VL-2B-Instruct,fp16,fewshot,rotation,3,56,beignets,beignets,0.9,0.9679278333981832,1,exact,3,Answer: beignets | Confidence: 90
A,Qwen/Qwen2-VL-2B-Instruct,fp16,fewshot,rotation,3,57,beignets,beignets,0.9,0.964804232120514,1,exact,3,Answer: beignets | Confidence: 90
A,Qwen/Qwen2-VL-2B-Instruct,fp16,fewshot,rotation,3,58,beignets,beignets,0.9,0.9908872445424398,1,exact,3,Answer: beignets | Confidence: 90
A,Qwen/Qwen2-VL-2B-Instruct,fp16,fewshot,rotation,3,59,beignets,beignets,0.9,0.9942217071851096,1,exact,3,Answer: beignets | Confidence: 90
A,Qwen/Qwen2-VL-2B-Instruct,fp16,fewshot,rotation,3,60,beignets,beignets,0.9,0.8426255186398824,1,exact,3,Answer: beignets | Confidence: 90
A,Qwen/Qwen2-VL-2B-Instruct,fp16,fewshot,rotation,3,61,beignets,beignets,0.9,0.9962602456410726,1,exact,3,Answer: beignets | Confidence: 90
A,Qwen/Qwen2-VL-2B-Instruct,fp16,fewshot,rotation,3,62,beignets,beignets,0.9,0.9727921684583029,1,exact,3,Answer: beignets | Confidence: 90
A,Qwen/Qwen2-VL-2B-Instruct,fp16,fewshot,rotation,3,63,beignets,beignets,0.9,0.9832941691080728,1,exact,3,Answer: beignets | Confidence: 90
A,Qwen/Qwen2-VL-2B-Instruct,fp16,fewshot,rotation,3,64,beignets,beignets,0.9,0.9929924209912618,1,exact,3,Answer: beignets | Confidence: 90
A,Qwen/Qwen2-VL-2B-Instruct,fp16,fewshot,rotation,3,65,beignets,beignets,0.9,0.992914895216624,1,exact,3,Answer: beignets | Confidence: 90
A,Qwen/Qwen2-VL-2B-Instruct,fp16,fewshot,rotation,3,66,beignets,beignets,0.9,0.9931104779243468,1,exact,3,Answer: beignets | Confidence: 90
A,Qwen/Qwen2-VL-2B-Instruct,fp16,fewshot,rotation,3,67,beignets,beignets,0.9,0.9957995414733888,1,exact,3,Answer: beignets | Confidence: 90
A,Qwen/Qwen2-VL-2B-Instruct,fp16,fewshot,rotation,3,68,beignets,beignets,0.9,0.9890019694964092,1,exact,3,Answer: beignets | Confidence: 90
A,Qwen/Qwen2-VL-2B-Instruct,fp16,fewshot,rotation,3,69,beignets,beignets,0.9,0.9913485646247864,1,exact,3,Answer: beignets | Confidence: 90
A,Qwen/Qwen2-VL-2B-Instruct,fp16,fewshot,rotation,3,70,beignets,beignets,0.9,0.988663653532664,1,exact,3,Answer: beignets | Confidence: 90
A,Qwen/Qwen2-VL-2B-Instruct,fp16,fewshot,rotation,3,71,beignets,beignets,0.9,0.9937071601549784,1,exact,3,Answer: beignets | Confidence: 90
A,Qwen/Qwen2-VL-2B-Instruct,fp16,fewshot,rotation,3,72,beignets,beignets,0.9,0.9829791585604348,1,exact,3,Answer: beignets | Confidence: 90
A,Qwen/Qwen2-VL-2B-Instruct,fp16,fewshot,rotation,3,73,beignets,beignets,0.9,0.9919928709665934,1,exact,3,Answer: beignets | Confidence: 90
A,Qwen/Qwen2-VL-2B-Instruct,fp16,fewshot,rotation,3,74,beignets,beignets,0.9,0.9928133885065714,1,exact,3,Answer: beignets | Confidence: 90
A,Qwen/Qwen2-VL-2B-Instruct,fp16,fewshot,rotation,3,75,beignets,beignets,0.9,0.9958579142888389,1,exact,3,Answer: beignets | Confidence: 90
A,Qwen/Qwen2-VL-2B-Instruct,fp16,fewshot,rotation,3,76,beignets,beignets,0.9,0.9864879647890726,1,exact,3,Answer: beignets | Confidence: 90
A,Qwen/Qwen2-VL-2B-Instruct,fp16,fewshot,rotation,3,77,beignets,beignets,0.9,0.9920906821886698,1,exact,3,Answer: beignets | Confidence: 90
A,Qwen/Qwen2-VL-2B-Instruct,fp16,fewshot,rotation,3,78,beignets,beignets,0.9,0.9881718357404072,1,exact,3,Answer: beignets | Confidence: 90
A,Qwen/Qwen2-VL-2B-Instruct,fp16,fewshot,rotation,3,79,beignets,beignets,0.9,0.9930893182754515,1,exact,3,Answer: beignets | Confidence: 90
A,Qwen/Qwen2-VL-2B-Instruct,fp16,fewshot,rotation,3,80,beignets,beignets,0.9,0.9900075991948446,1,exact,3,Answer: beignets | Confidence: 90
A,Qwen/Qwen2-VL-2B-Instruct,fp16,fewshot,rotation,3,81,beignets,beignets,0.9,0.9537146687507628,1,exact,3,Answer: beignets | Confidence: 90
A,Qwen/Qwen2-VL-2B-Instruct,fp16,fewshot,rotation,3,82,beignets,beignets,0.9,0.9761283993721008,1,exact,3,Answer: beignets | Confidence: 90
A,Qwen/Qwen2-VL-2B-Instruct,fp16,fewshot,rotation,3,83,beignets,beignets,0.9,0.9909277359644572,1,exact,3,Answer: beignets | Confidence: 90
A,Qwen/Qwen2-VL-2B-Instruct,fp16,fewshot,rotation,3,84,beignets,beignets,0.9,0.993433117866516,1,exact,3,Answer: beignets | Confidence: 90
A,Qwen/Qwen2-VL-2B-Instruct,fp16,fewshot,rotation,3,85,beignets,beignets,0.9,0.9560640454292296,1,exact,3,Answer: beignets | Confidence: 90
A,Qwen/Qwen2-VL-2B-Instruct,fp16,fewshot,rotation,3,86,beignets,beignets,0.9,0.9784676631291708,1,exact,3,Answer: beignets | Confidence: 90
A,Qwen/Qwen2-VL-2B-Instruct,fp16,fewshot,rotation,3,87,beignets,beignets,0.9,0.9804054896036783,1,exact,3,Answer: beignets | Confidence: 90
A,Qwen/Qwen2-VL-2B-Instruct,fp16,fewshot,rotation,3,88,beignets,beignets,0.9,0.9885390400886536,1,exact,3,Answer: beignets | Confidence: 90
A,Qwen/Qwen2-VL-2B-Instruct,fp16,fewshot,rotation,3,89,beignets,bread pudding,0.9,0.9360932111740112,0,contains,2,Answer: bread pudding | Confidence: 90
A,Qwen/Qwen2-VL-2B-Instruct,fp16,fewshot,rotation,3,90,beignets,beignets,0.9,0.9921013116836548,1,exact,3,Answer: beignets | Confidence: 90
A,Qwen/Qwen2-VL-2B-Instruct,fp16,fewshot,rotation,3,91,beignets,beignets,0.9,0.9937016367912292,1,exact,3,Answer: beignets | Confidence: 90
A,Qwen/Qwen2-VL-2B-Instruct,fp16,fewshot,rotation,3,92,beignets,beignets,0.9,0.9956194361050924,1,exact,3,Answer: beignets | Confidence: 90
A,Qwen/Qwen2-VL-2B-Instruct,fp16,fewshot,rotation,3,93,beignets,beignets,0.9,0.9824811418851216,1,exact,3,Answer: beignets | Confidence: 90
A,Qwen/Qwen2-VL-2B-Instruct,fp16,fewshot,rotation,3,94,beignets,beignets,0.9,0.9902985095977784,1,exact,3,Answer: beignets | Confidence: 90
A,Qwen/Qwen2-VL-2B-Instruct,fp16,fewshot,rotation,3,95,beignets,beignets,0.9,0.994616667429606,1,exact,3,Answer: beignets | Confidence: 90
A,Qwen/Qwen2-VL-2B-Instruct,fp16,fewshot,rotation,3,96,beignets,beignets,0.9,0.992726186911265,1,exact,3,Answer: beignets | Confidence: 90
A,Qwen/Qwen2-VL-2B-Instruct,fp16,fewshot,rotation,3,97,beignets,beignets,0.8,0.9839328527450562,1,exact,3,Answer: beignets | Confidence: 80
A,Qwen/Qwen2-VL-2B-Instruct,fp16,fewshot,rotation,3,98,beignets,beignets,0.9,0.9886468052864076,1,exact,3,Answer: beignets | Confidence: 90
A,Qwen/Qwen2-VL-2B-Instruct,fp16,fewshot,rotation,3,99,beignets,beignets,0.9,0.9936906298001608,1,exact,3,Answer: beignets | Confidence: 90
