arm,model,precision,template,degradation,severity,item,gold,answer,verbalized,internal,correct,match_method,n_answer_tokens,raw
C,Qwen/Qwen2-VL-7B-Instruct,nf4,fewshot,clean,0,0,beignets,beignets,0.95,0.9987738728523254,1,exact,3,Answer: beignets | Confidence: 95
C,Qwen/Qwen2-VL-7B-Instruct,nf4,fewshot,clean,0,1,beignets,beignets,0.9,0.9958210786183676,1,exact,3,Answer: beignets | Confidence: 90
C,Qwen/Qwen2-VL-7B-Instruct,nf4,fewshot,clean,0,2,beignets,beignets,0.95,0.9992316762606304,1,exact,3,Answer: beignets | Confidence: 95
C,Qwen/Qwen2-VL-7B-Instruct,nf4,fewshot,clean,0,3,beignets,beignets,0.95,0.9988258282343546,1,exact,3,Answer: beignets | Confidence: 95
C,Qwen/Qwen2-VL-7B-Instruct,nf4,fewshot,clean,0,4,beignets,beignets,0.95,0.9994385441144308,1,exact,3,Answer: beignets | Confidence: 95
C,Qwen/Qwen2-VL-7B-Instruct,nf4,fewshot,clean,0,5,beignets,beignets,0.95,0.9987316131591796,1,exact,3,Answer: beignets | Confidence: 95
C,Qwen/Qwen2-VL-7B-Instruct,nf4,fewshot,clean,0,6,beignets,beignets,0.95,0.9988942742347716,1,exact,3,Answer: beignets | Confidence: 95
C,Qwen/Qwen2-VL-7B-Instruct,nf4,fewshot,clean,0,7,beignets,beignets,0.95,0.998916486899058,1,exact,3,Answer: beignets | Confidence: 95
C,Qwen/Qwen2-VL-7B-Instruct,nf4,fewshot,clean,0,8,beignets,beignets,0.9,0.8595377405484518,1,exact,3,Answer: beignets | Confidence: 90
C,Qwen/Qwen2-VL-7B-Instruct,nf4,fewshot,clean,0,9,beignets,beignets,0.95,0.9985151290893556,1,exact,3,Answer: beignets | Confidence: 95
C,Qwen/Qwen2-VL-7B-Instruct,nf4,fewshot,clean,0,10,beignets,beignets,0.9,0.9866236249605814,1,exact,3,Answer: beignets | Confidence: 90
C,Qwen/Qwen2-VL-7B-Instruct,nf4,fewshot,clean,0,11,beignets,beignets,0.95,0.9992678165435792,1,exact,3,Answer: beignets | Confidence: 95
C,Qwen/Qwen2-VL-7B-Instruct,nf4,fewshot,clean,0,12,beignets,beignets,0.95,0.9977004329363504,1,exact,3,Answer: beignets | Confidence: 95
C,Qwen/Qwen2-VL-7B-Instruct,nf4,fewshot,clean,0,13,beignets,beignets,0.95,0.9994860887527466,1,exact,3,Answer: beignets | Confidence: 95
C,Qwen/Qwen2-VL-7B-Instruct,nf4,fewshot,clean,0,14,beignets,beignets,0.95,0.9991696874300638,1,exact,3,Answer: beignets | Confidence: 95
C,Qwen/Qwen2-VL-7B-Instruct,nf4,fewshot,clean,0,15,beignets,beignets,0.9,0.9985175132751464,1,exact,3,Answer: beignets | Confidence: 90
C,Qwen/Qwen2-VL-7B-Instruct,nf4,fewshot,clean,0,16,beignets,beignets,0.95,0.9977721174558004,1,exact,3,Answer: beignets | Confidence: 95
C,Qwen/Qwen2-VL-7B-Instruct,nf4,fewshot,clean,0,17,beignets,beignets,0.95,0.9972339669863384,1,exact,3,Answer: beignets | Confidence: 95
C,Qwen/Qwen2-VL-7B-Instruct,nf4,fewshot,clean,0,18,beignets,beignets,0.95,0.9979518453280132,1,exact,3,Answer: beignets | Confidence: 95
C,Qwen/Qwen2-VL-7B-Instruct,nf4,fewshot,clean,0,19,beignets,beignets,0.9,0.9548660119374592,1,exact,3,Answer: beignets | Confidence: 90
C,Qwen/Qwen2-VL-7B-Instruct,nf4,fewshot,clean,0,20,beignets,beignets,0.95,0.9970801671346028,1,exact,3,Answer: beignets | Confidence: 95
C,Qwen/Qwen2-VL-7B-Instruct,nf4,fewshot,clean,0,21,beignets,beignets,0.9,0.980027457078298,1,exact,3,Answer: beignets | Confidence: 90
C,Qwen/Qwen2-VL-7B-Instruct,nf4,fewshot,clean,0,22,beignets,beignets,0.95,0.9984348018964132,1,exact,3,Answer: beignets | Confidence: 95
C,Qwen/Qwen2-VL-7B-Instruct,nf4,fewshot,clean,0,23,beignets,beignets,0.95,0.9984073241551716,1,exact,3,Answer: beignets | Confidence: 95
C,Qwen/Qwen2-VL-7B-Instruct,nf4,fewshot,clean,0,24,beignets,beignets,0.95,0.9959272146224976,1,exact,3,Answer: beignets | Confidence: 95
C,Qwen/Qwen2-VL-7B-Instruct,nf4,fewshot,clean,0,25,beignets,beignets,0.95,0.9992579023043314,1,exact,3,Answer: beignets | Confidence: 95
C,Qwen/Qwen2-VL-7B-Instruct,nf4,fewshot,clean,0,26,beignets,beignets,0.95,0.9935969909032186,1,exact,3,Answer: beignets | Confidence: 95
C,Qwen/Qwen2-VL-7B-Instruct,nf4,fewshot,clean,0,27,beignets,beignets,0.95,0.9988497098286948,1,exact,3,Answer: beignets | Confidence: 95
C,Qwen/Qwen2-VL-7B-Instruct,nf4,fewshot,clean,0,28,beignets,beignets,0.95,0.9983598192532858,1,exact,3,Answer: beignets | Confidence: 95
C,Qwen/Qwen2-VL-7B-Instruct,nf4,fewshot,clean,0,29,beignets,beignets,0.95,0.999327818552653,1,exact,3,Answer: beignets | Confidence: 95
C,Qwen/Qwen2-VL-7B-Instruct,nf4,fewshot,clean,0,30,beignets,beignets,0.95,0.9991294940312704,1,exact,3,Answer: beignets | Confidence: 95
C,Qwen/Qwen2-VL-7B-Instruct,nf4,fewshot,clean,0,31,beignets,beignets,0.9,0.9609485268592834,1,exact,3,Answer: beignets | Confidence: 90
C,Qwen/Qwen2-VL-7B-Instruct,nf4,fewshot,clean,0,32,beignets,beignets,0.9,0.9937474131584167,1,exact,3,Answer: beignets | Confidence: 90
C,Qwen/Qwen2-VL-7B-Instruct,nf4,fewshot,clean,0,33,beignets,beignets,0.95,0.9970072507858276,1,exact,3,Answer: beignets | Confidence: 95
C,Qwen/Qwen2-VL-7B-Instruct,nf4,fewshot,clean,0,34,beignets,beignets,0.95,0.9981983304023744,1,exact,3,Answer: beignets | Confidence: 95
C,Qwen/Qwen2-VL-7B-Instruct,nf4,fewshot,clean,0,35,beignets,beignets,0.9,0.9989044268925984,1,exact,3,Answer: beignets | Confidence: 90
C,Qwen/Qwen2-VL-7B-Instruct,nf4,fewshot,clean,0,36,beignets,beignets,0.95,0.9981689850489298,1,exact,3,Answer: beignets | Confidence: 95
C,Qwen/Qwen2-VL-7B-Instruct,nf4,fewshot,clean,0,37,beignets,beignets,0.95,0.9967926343282064,1,exact,3,Answer: beignets | Confidence: 95
C,Qwen/Qwen2-VL-7B-Instruct,nf4,fewshot,clean,0,38,beignets,beignets,0.95,0.9981767932573954,1,exact,3,Answer: beignets | Confidence: 95
C,Qwen/Qwen2-VL-7B-Instruct,nf4,fewshot,clean,0,39,beignets,beignets,0.95,0.99821271498998,1,exact,3,Answer: beignets | Confidence: 95
C,Qwen/Qwen2-VL-7B-Instruct,nf4,fewshot,clean,0,40,beignets,beignets,0.95,0.998000959555308,1,exact,3,Answer: beignets | Confidence: 95
C,Qwen/Qwen2-VL-7B-Instruct,nf4,fewshot,clean,0,41,beignets,beignets,0.95,0.9992957512537638,1,exact,3,Answer: beignets | Confidence: 95
C,Qwen/Qwen2-VL-7B-Instruct,nf4,fewshot,clean,0,42,beignets,beignets,0.95,0.9919719497362772,1,exact,3,Answer: beignets | Confidence: 95
C,Qwen/Qwen2-VL-7B-Instruct,nf4,fewshot,clean,0,43,beignets,beignets,0.95,0.9978360136349996,1,exact,3,Answer: beignets | Confidence: 95
C,Qwen/Qwen2-VL-7B-Instruct,nf4,fewshot,clean,0,44,beignets,beignets,0.95,0.9989724357922872,1,exact,3,Answer: beignets | Confidence: 95
C,Qwen/Qwen2-VL-7B-Instruct,nf4,fewshot,clean,0,45,beignets,beignets,0.95,0.993059515953064,1,exact,3,Answer: beignets | Confidence: 95
C,Qwen/Qwen2-VL-7B-Instruct,nf4,fewshot,clean,0,46,beignets,beignets,0.95,0.9978500405947368,1,exact,3,Answer: beignets | Confidence: 95
C,Qwen/Qwen2-VL-7B-Instruct,nf4,fewshot,clean,0,47,beignets,beignets,0.95,0.995106836160024,1,exact,3,Answer: beignets | Confidence: 95
C,Qwen/Qwen2-VL-7B-Instruct,nf4,fewshot,clean,0,48,beignets,beignets,0.95,0.9993285735448202,1,exact,3,Answer: beignets | Confidence: 95
C,Qwen/Qwen2-VL-7B-Instruct,nf4,fewshot,clean,0,49,beignets,beignets,0.95,0.999441126982371,1,exact,3,Answer: beignets | Confidence: 95
C,Qwen/Qwen2-VL-7B-Instruct,nf4,fewshot,clean,0,50,beignets,beignets,0.95,0.99838654200236,1,exact,3,Answer: beignets | Confidence: 95
C,Qwen/Qwen2-VL-7B-Instruct,nf4,fewshot,clean,0,51,beignets,beignets,0.95,0.9968218207359314,1,exact,3,Answer: beignets | Confidence: 95
C,Qwen/Qwen2-VL-7B-Instruct,nf4,fewshot,clean,0,52,beignets,beignets,0.95,0.9991727471351624,1,exact,3,Answer: beignets | Confidence: 95
C,Qwen/Qwen2-VL-7B-Instruct,nf4,fewshot,clean,0,53,beignets,beignets,0.95,0.9986707170804342,1,exact,3,Answer: beignets | Confidence: 95
C,Qwen/Qwen2-VL-7B-Instruct,nf4,fewshot,clean,0,54,beignets,beignets,0.95,0.9984904328982036,1,exact,3,Answer: beignets | Confidence: 95
C,Qwen/Qwen2-VL-7B-Instruct,nf4,fewshot,clean,0,55,beignets,beignets,0.95,0.9993306597073872,1,exact,3,Answer: beignets | Confidence: 95
C,Qwen/Qwen2-VL-7B-Instruct,nf4,fewshot,clean,0,56,beignets,beignets,0.95,0.9982804656028748,1,exact,3,Answer: beignets | Confidence: 95
C,Qwen/Qwen2-VL-7B-Instruct,nf4,fewshot,clean,0,57,beignets,beignets,0.95,0.9880424539248148,1,exact,3,Answer: beignets | Confidence: 95
C,Qwen/Qwen2-VL-7B-Instruct,nf4,fewshot,clean,0,58,beignets,beignets,0.95,0.9979424476623536,1,exact,3,Answer: beignets | Confidence: 95
C,Qwen/Qwen2-VL-7B-Instruct,nf4,fewshot,clean,0,59,beignets,beignets,0.95,0.9967150688171388,1,exact,3,Answer: beignets | Confidence: 95
C,Qwen/Qwen2-VL-7B-Instruct,nf4,fewshot,clean,0,60,beignets,beignets,0.9,0.8950294852256775,1,exact,3,Answer: beignets | Confidence: 90
C,Qwen/Qwen2-VL-7B-Instruct,nf4,fewshot,clean,0,61,beignets,beignets,0.95,0.9989612897237142,1,exact,3,Answer: beignets | Confidence: 95
C,Qwen/Qwen2-VL-7B-Instruct,nf4,fewshot,clean,0,62,beignets,beignets,0.95,0.993623673915863,1,exact,3,Answer: beignets | Confidence: 95
C,Qwen/Qwen2-VL-7B-Instruct,nf4,fewshot,clean,0,63,beignets,beignets,0.9,0.9969120621681212,1,exact,3,Answer: beignets | Confidence: 90
C,Qwen/Qwen2-VL-7B-Instruct,nf4,fewshot,clean,0,64,beignets,beignets,0.95,0.9986169735590616,1,exact,3,Answer: beignets | Confidence: 95
C,Qwen/Qwen2-VL-7B-Instruct,nf4,fewshot,clean,0,65,beignets,beignets,0.95,0.9991202354431152,1,exact,3,Answer: beignets | Confidence: 95
C,Qwen/Qwen2-VL-7B-Instruct,nf4,fewshot,clean,0,66,beignets,beignets,0.95,0.9976036349932352,1,exact,3,Answer: beignets | Confidence: 95
C,Qwen/Qwen2-VL-7B-Instruct,nf4,fewshot,clean,0,67,beignets,beignets,0.9,0.9965738654136658,1,exact,3,Answer: beignets | Confidence: 90
C,Qwen/Qwen2-VL-7B-Instruct,nf4,fewshot,clean,0,68,beignets,beignets,0.95,0.9987486004829408,1,exact,3,Answer: beignets | Confidence: 95
C,Qwen/Qwen2-VL-7B-Instruct,nf4,fewshot,clean,0,69,beignets,beignets,0.95,0.9979235927263896,1,exact,3,Answer: beignets | Confidence: 95
C,Qwen/Qwen2-VL-7B-Instruct,nf4,fewshot,clean,0,70,beignets,beignets,0.95,0.9982526302337646,1,exact,3,Answer: beignets | Confidence: 95
C,Qwen/Qwen2-VL-7B-Instruct,nf4,fewshot,clean,0,71,beignets,beignets,0.95,0.99858295917511,1,exact,3,Answer: beignets | Confidence: 95
C,Qwen/Qwen2-VL-7B-Instruct,nf4,fewshot,clean,0,72,beignets,beignets,0.95,0.9984036485354104,1,exact,3,Answer: beignets | Confidence: 95
C,Qwen/Qwen2-VL-7B-Instruct,nf4,fewshot,clean,0,73,beignets,beignets,0.9,0.998801052570343,1,exact,3,Answer: beignets | Confidence: 90
C,Qwen/Qwen2-VL-7B-Instruct,nf4,fewshot,clean,0,74,beignets,beignets,0.95,0.9945800503094993,1,exact,3,Answer: beignets | Confidence: 95
C,Qwen/Qwen2-VL-7B-Instruct,nf4,fewshot,clean,0,75,beignets,beignets,0.95,0.9986675182978312,1,exact,3,Answer: beignets | Confidence: 95
C,Qwen/Qwen2-VL-7B-Instruct,nf4,fewshot,clean,0,76,beignets,beignets,0.95,0.997864802678426,1,exact,3,Answer: beignets | Confidence: 95
C,Qwen/Qwen2-VL-7B-Instruct,nf4,fewshot,clean,0,77,beignets,beignets,0.95,0.9992469946543376,1,exact,3,Answer: beignets | Confidence: 95
C,Qwen/Qwen2-VL-7B-Instruct,nf4,fewshot,clean,0,78,beignets,beignets,0.95,0.9988354444503784,1,exact,3,Answer: beignets | Confidence: 95
C,Qwen/Qwen2-VL-7B-Instruct,nf4,fewshot,clean,0,79,beignets,beignets,0.95,0.9992411136627196,1,exact,3,Answer: beignets | Confidence: 95
C,Qwen/Qwen2-VL-7B-Instruct,nf4,fewshot,clean,0,80,beignets,beignets,0.95,0.9976993600527444,1,exact,3,Answer: beignets | Confidence: 95
C,Qwen/Qwen2-VL-7B-Instruct,nf4,fewshot,clean,0,81,beignets,beignets,0.95,0.99248868227005,1,exact,3,Answer: beignets | Confidence: 95
C,Qwen/Qwen2-VL-7B-Instruct,nf4,fewshot,clean,0,82,beignets,beignets,0.95,0.9990865389506022,1,exact,3,Answer: beignets | Confidence: 95
C,Qwen/Qwen2-VL-7B-Instruct,nf4,fewshot,clean,0,83,beignets,beignets,0.9,0.993235965569814,1,exact,3,Answer: beignets | Confidence: 90
C,Qwen/Qwen2-VL-7B-Instruct,nf4,fewshot,clean,0,84,beignets,beignets,0.9,0.9721106886863708,1,exact,3,Answer: beignets | Confidence: 90
C,Qwen/Qwen2-VL-7B-Instruct,nf4,fewshot,clean,0,85,beignets,beignets,0.95,0.9988452394803364,1,exact,3,Answer: beignets | Confidence: 95
C,Qwen/Qwen2-VL-7B-Instruct,nf4,fewshot,clean,0,86,beignets,beignets,0.95,0.9987063010533652,1,exact,3,Answer: beignets | Confidence: 95
C,Qwen/Qwen2-VL-7B-Instruct,nf4,fewshot,clean,0,87,beignets,beignets,0.95,0.9972408612569174,1,exact,3,Answer: beignets | Confidence: 95
C,Qwen/Qwen2-VL-7B-Instruct,nf4,fewshot,clean,0,88,beignets,beignets,0.9,0.9816895922025044,1,exact,3,Answer: beignets | Confidence: 90
C,Qwen/Qwen2-VL-7B-Instruct,nf4,fewshot,clean,0,89,beignets,fried calamari,0.9,0.8361322482426962,0,contains,3,Answer: fried calamari | Confidence: 90
C,Qwen/Qwen2-VL-7B-Instruct,nf4,fewshot,clean,0,90,beignets,beignets,0.95,0.9988518555959066,1,exact,3,Answer: beignets | Confidence: 95
C,Qwen/Qwen2-VL-7B-Instruct,nf4,fewshot,clean,0,91,beignets,beignets,0.95,0.9990262985229492,1,exact,3,Answer: beignets | Confidence: 95
C,Qwen/Qwen2-VL-7B-Instruct,nf4,fewshot,clean,0,92,beignets,beignets,0.95,0.999175488948822,1,exact,3,Answer: beignets | Confidence: 95
C,Qwen/Qwen2-VL-7B-Instruct,nf4,fewshot,clean,0,93,beignets,beignets,0.95,0.9982841610908508,1,exact,3,Answer: beignets | Confidence: 95
C,Qwen/Qwen2-VL-7B-Instruct,nf4,fewshot,clean,0,94,beignets,beignets,0.95,0.999360700448354,1,exact,3,Answer: beignets | Confidence: 95
C,Qwen/Qwen2-VL-7B-Instruct,nf4,fewshot,clean,0,95,beignets,beignets,0.95,0.9989150365193684,1,exact,3,Answer: beignets | Confidence: 95
C,Qwen/Qwen2-VL-7B-Instruct,nf4,fewshot,clean,0,96,beignets,beignets,0.95,0.9981119235356648,1,exact,3,Answer: beignets | Confidence: 95
C,Qwen/Qwen2-VL-7B-Instruct,nf4,fewshot,clean,0,97,beignets,beignets,0.9,0.9479171435038248,1,exact,3,Answer: beignets | Confidence: 90
C,Qwen/Qwen2-VL-7B-Instruct,nf4,fewshot,clean,0,98,beignets,beignets,0.9,0.9988935589790344,1,exact,3,Answer: beignets | Confidence: 90
C,Qwen/Qwen2-VL-7B-Instruct,nf4,fewshot,clean,0,99,beignets,beignets,0.95,0.999185045560201,1,exact,3,Answer: beignets | Confidence: 95
C,Qwen/Qwen2-VL-7B-Instruct,nf4,fewshot,glare,1,0,beignets,beignets,0.9,0.9786948561668396,1,exact,3,Answer: beignets | Confidence: 90
C,Qwen/Qwen2-VL-7B-Instruct,nf4,fewshot,glare,1,1,beignets,beignets,0.9,0.9944182435671488,1,exact,3,Answer: beignets | Confidence: 90
C,Qwen/Qwen2-VL-7B-Instruct,nf4,fewshot,glare,1,2,beignets,beignets,0.95,0.9991335272789,1,exact,3,Answer: beignets | Confidence: 95
C,Qwen/Qwen2-VL-7B-Instruct,nf4,fewshot,glare,1,3,beignets,beignets,0.95,0.998573124408722,1,exact,3,Answer: beignets | Confidence: 95
C,Qwen/Qwen2-VL-7B-Instruct,nf4,fewshot,glare,1,4,beignets,beignets,0.95,0.9993812839190164,1,exact,3,Answer: beignets | Confidence: 95
C,Qwen/Qwen2-VL-7B-Instruct,nf4,fewshot,glare,1,5,beignets,beignets,0.95,0.9987020492553712,1,exact,3,Answer: beignets | Confidence: 95
C,Qwen/Qwen2-VL-7B-Instruct,nf4,fewshot,glare,1,6,beignets,beignets,0.95,0.9991065661112468,1,exact,3,Answer: beignets | Confidence: 95
C,Qwen/Qwen2-VL-7B-Instruct,nf4,fewshot,glare,1,7,beignets,beignets,0.95,0.9986432194709778,1,exact,3,Answer: beignets | Confidence: 95
C,Qwen/Qwen2-VL-7B-Instruct,nf4,fewshot,glare,1,8,beignets,dumplings,0.9,0.7380866259336472,0,contains,2,Answer: dumplings | Confidence: 90
C,Qwen/Qwen2-VL-7B-Instruct,nf4,fewshot,glare,1,9,beignets,beignets,0.95,0.997455676396688,1,exact,3,Answer: beignets | Confidence: 95
C,Qwen/Qwen2-VL-7B-Instruct,nf4,fewshot,glare,1,10,beignets,beignets,0.9,0.9850264390309652,1,exact,3,Answer: beignets | Confidence: 90
C,Qwen/Qwen2-VL-7B-Instruct,nf4,fewshot,glare,1,11,beignets,beignets,0.9,0.9992236693700156,1,exact,3,Answer: beignets | Confidence: 90
C,Qwen/Qwen2-VL-7B-Instruct,nf4,fewshot,glare,1,12,beignets,beignets,0.9,0.9908424019813538,1,exact,3,Answer: beignets | Confidence: 90
C,Qwen/Qwen2-VL-7B-Instruct,nf4,fewshot,glare,1,13,beignets,beignets,0.95,0.9995428919792176,1,exact,3,Answer: beignets | Confidence: 95
C,Qwen/Qwen2-VL-7B-Instruct,nf4,fewshot,glare,1,14,beignets,beignets,0.9,0.9995974699656168,1,exact,3,Answer: beignets | Confidence: 90
C,Qwen/Qwen2-VL-7B-Instruct,nf4,fewshot,glare,1,15,beignets,beignets,0.9,0.9984487096468608,1,exact,3,Answer: beignets | Confidence: 90
C,Qwen/Qwen2-VL-7B-Instruct,nf4,fewshot,glare,1,16,beignets,beignets,0.9,0.9980368614196776,1,exact,3,Answer: beignets | Confidence: 90
C,Qwen/Qwen2-VL-7B-Instruct,nf4,fewshot,glare,1,17,beignets,beignets,0.9,0.9939051866531372,1,exact,3,Answer: beignets | Confidence: 90
C,Qwen/Qwen2-VL-7B-Instruct,nf4,fewshot,glare,1,18,beignets,beignets,0.95,0.9983146985371908,1,exact,3,Answer: beignets | Confidence: 95
C,Qwen/Qwen2-VL-7B-Instruct,nf4,fewshot,glare,1,19,beignets,bread,0.9,0.4456363916397095,0,nomatch,1,Answer: bread | Confidence: 90
C,Qwen/Qwen2-VL-7B-Instruct,nf4,fewshot,glare,1,20,beignets,beignets,0.9,0.998101512591044,1,exact,3,Answer: beignets | Confidence: 90
C,Qwen/Qwen2-VL-7B-Instruct,nf4,fewshot,glare,1,21,beignets,beignets,0.9,0.9693978230158488,1,exact,3,Answer: beignets | Confidence: 90
C,Qwen/Qwen2-VL-7B-Instruct,nf4,fewshot,glare,1,22,beignets,beignets,0.9,0.997682293256124,1,exact,3,Answer: beignets | Confidence: 90
C,Qwen/Qwen2-VL-7B-Instruct,nf4,fewshot,glare,1,23,beignets,beignets,0.95,0.998106042544047,1,exact,3,Answer: beignets | Confidence: 95
C,Qwen/Qwen2-VL-7B-Instruct,nf4,fewshot,glare,1,24,beignets,beignets,0.95,0.9973583221435548,1,exact,3,Answer: beignets | Confidence: 95
C,Qwen/Qwen2-VL-7B-Instruct,nf4,fewshot,glare,1,25,beignets,beignets,0.95,0.999060869216919,1,exact,3,Answer: beignets | Confidence: 95
C,Qwen/Qwen2-VL-7B-Instruct,nf4,fewshot,glare,1,26,beignets,beignets,0.95,0.9881111979484558,1,exact,3,Answer: beignets | Confidence: 95
C,Qwen/Qwen2-VL-7B-Instruct,nf4,fewshot,glare,1,27,beignets,beignets,0.95,0.9987059235572816,1,exact,3,Answer: beignets | Confidence: 95
C,Qwen/Qwen2-VL-7B-Instruct,nf4,fewshot,glare,1,28,beignets,beignets,0.95,0.997413158416748,1,exact,3,Answer: beignets | Confidence: 95
C,Qwen/Qwen2-VL-7B-Instruct,nf4,fewshot,glare,1,29,beignets,beignets,0.95,0.9991889595985411,1,exact,3,Answer: beignets | Confidence: 95
C,Qwen/Qwen2-VL-7B-Instruct,nf4,fewshot,glare,1,30,beignets,beignets,0.95,0.9989002744356792,1,exact,3,Answer: beignets | Confidence: 95
C,Qwen/Qwen2-VL-7B-Instruct,nf4,fewshot,glare,1,31,beignets,beignets,0.9,0.9133616288503013,1,exact,3,Answer: beignets | Confidence: 90
C,Qwen/Qwen2-VL-7B-Instruct,nf4,fewshot,glare,1,32,beignets,beignets,0.9,0.9001784722010294,1,exact,3,Answer: beignets | Confidence: 90
C,Qwen/Qwen2-VL-7B-Instruct,nf4,fewshot,glare,1,33,beignets,beignets,0.95,0.9964293241500854,1,exact,3,Answer: beignets | Confidence: 95
C,Qwen/Qwen2-VL-7B-Instruct,nf4,fewshot,glare,1,34,beignets,beignets,0.95,0.9976807236671448,1,exact,3,Answer: beignets | Confidence: 95
C,Qwen/Qwen2-VL-7B-Instruct,nf4,fewshot,glare,1,35,beignets,pancakes,0.9,0.3316032588481903,0,contains,1,Answer: pancakes | Confidence: 90
C,Qwen/Qwen2-VL-7B-Instruct,nf4,fewshot,glare,1,36,beignets,beignets,0.9,0.8620137969652811,1,exact,3,Answer: beignets | Confidence: 90
C,Qwen/Qwen2-VL-7B-Instruct,nf4,fewshot,glare,1,37,beignets,beignets,0.95,0.9963624080022176,1,exact,3,Answer: beignets | Confidence: 95
C,Qwen/Qwen2-VL-7B-Instruct,nf4,fewshot,glare,1,38,beignets,beignets,0.95,0.9976241191228232,1,exact,3,Answer: beignets | Confidence: 95
C,Qwen/Qwen2-VL-7B-Instruct,nf4,fewshot,glare,1,39,beignets,beignets,0.95,0.9984324177106222,1,exact,3,Answer: beignets | Confidence: 95
C,Qwen/Qwen2-VL-7B-Instruct,nf4,fewshot,glare,1,40,beignets,beignets,0.9,0.997840960820516,1,exact,3,Answer: beignets | Confidence: 90
C,Qwen/Qwen2-VL-7B-Instruct,nf4,fewshot,glare,1,41,beignets,beignets,0.95,0.999544084072113,1,exact,3,Answer: beignets | Confidence: 95
C,Qwen/Qwen2-VL-7B-Instruct,nf4,fewshot,glare,1,42,beignets,beignets,0.95,0.9925916989644368,1,exact,3,Answer: beignets | Confidence: 95
C,Qwen/Qwen2-VL-7B-Instruct,nf4,fewshot,glare,1,43,beignets,beignets,0.9,0.9980064034461976,1,exact,3,Answer: beignets | Confidence: 90
C,Qwen/Qwen2-VL-7B-Instruct,nf4,fewshot,glare,1,44,beignets,beignets,0.95,0.9991570512453716,1,exact,3,Answer: beignets | Confidence: 95
C,Qwen/Qwen2-VL-7B-Instruct,nf4,fewshot,glare,1,45,beignets,beignets,0.9,0.9734756549199424,1,exact,3,Answer: beignets | Confidence: 90
C,Qwen/Qwen2-VL-7B-Instruct,nf4,fewshot,glare,1,46,beignets,beignets,0.95,0.9970350662867228,1,exact,3,Answer: beignets | Confidence: 95
C,Qwen/Qwen2-VL-7B-Instruct,nf4,fewshot,glare,1,47,beignets,beignets,0.95,0.9946565628051758,1,exact,3,Answer: beignets | Confidence: 95
C,Qwen/Qwen2-VL-7B-Instruct,nf4,fewshot,glare,1,48,beignets,beignets,0.9,0.9982410470644631,1,exact,3,Answer: beignets | Confidence: 90
C,Qwen/Qwen2-VL-7B-Instruct,nf4,fewshot,glare,1,49,beignets,beignets,0.95,0.9991856018702188,1,exact,3,Answer: beignets | Confidence: 95
C,Qwen/Qwen2-VL-7B-Instruct,nf4,fewshot,glare,1,50,beignets,beignets,0.95,0.9974938829739888,1,exact,3,Answer: beignets | Confidence: 95
C,Qwen/Qwen2-VL-7B-Instruct,nf4,fewshot,glare,1,51,beignets,beignets,0.95,0.9964615106582642,1,exact,3,Answer: beignets | Confidence: 95
C,Qwen/Qwen2-VL-7B-Instruct,nf4,fewshot,glare,1,52,beignets,beignets,0.95,0.9989851514498392,1,exact,3,Answer: beignets | Confidence: 95
C,Qwen/Qwen2-VL-7B-Instruct,nf4,fewshot,glare,1,53,beignets,beignets,0.95,0.9983543356259664,1,exact,3,Answer: beignets | Confidence: 95
C,Qwen/Qwen2-VL-7B-Instruct,nf4,fewshot,glare,1,54,beignets,beignets,0.95,0.9978201190630596,1,exact,3,Answer: beignets | Confidence: 95
C,Qwen/Qwen2-VL-7B-Instruct,nf4,fewshot,glare,1,55,beignets,beignets,0.95,0.9990928570429484,1,exact,3,Answer: beignets | Confidence: 95
C,Qwen/Qwen2-VL-7B-Instruct,nf4,fewshot,glare,1,56,beignets,beignets,0.95,0.9977626005808512,1,exact,3,Answer: beignets | Confidence: 95
C,Qwen/Qwen2-VL-7B-Instruct,nf4,fewshot,glare,1,57,beignets,beignets,0.95,0.980201800664266,1,exact,3,Answer: beignets | Confidence: 95
C,Qwen/Qwen2-VL-7B-Instruct,nf4,fewshot,glare,1,58,beignets,beignets,0.95,0.9983576138814292,1,exact,3,Answer: beignets | Confidence: 95
C,Qwen/Qwen2-VL-7B-Instruct,nf4,fewshot,glare,1,59,beignets,beignets,0.95,0.9973347385724386,1,exact,3,Answer: beignets | Confidence: 95
C,Qwen/Qwen2-VL-7B-Instruct,nf4,fewshot,glare,1,60,beignets,beignets,0.9,0.7969377835591634,1,exact,3,Answer: beignets | Confidence: 90
C,Qwen/Qwen2-VL-7B-Instruct,nf4,fewshot,glare,1,61,beignets,beignets,0.95,0.9983319838841757,1,exact,3,Answer: beignets | Confidence: 95
C,Qwen/Qwen2-VL-7B-Instruct,nf4,fewshot,glare,1,62,beignets,beignets,0.9,0.9952715635299684,1,exact,3,Answer: beignets | Confidence: 90
C,Qwen/Qwen2-VL-7B-Instruct,nf4,fewshot,glare,1,63,beignets,beignets,0.9,0.9960820476214092,1,exact,3,Answer: beignets | Confidence: 90
C,Qwen/Qwen2-VL-7B-Instruct,nf4,fewshot,glare,1,64,beignets,beignets,0.95,0.9989808599154154,1,exact,3,Answer: beignets | Confidence: 95
C,Qwen/Qwen2-VL-7B-Instruct,nf4,fewshot,glare,1,65,beignets,beignets,0.95,0.999321719010671,1,exact,3,Answer: beignets | Confidence: 95
C,Qwen/Qwen2-VL-7B-Instruct,nf4,fewshot,glare,1,66,beignets,beignets,0.9,0.9976873199145,1,exact,3,Answer: beignets | Confidence: 90
C,Qwen/Qwen2-VL-7B-Instruct,nf4,fewshot,glare,1,67,beignets,beignets,0.9,0.9951879382133484,1,exact,3,Answer: beignets | Confidence: 90
C,Qwen/Qwen2-VL-7B-Instruct,nf4,fewshot,glare,1,68,beignets,beignets,0.95,0.9988067150115968,1,exact,3,Answer: beignets | Confidence: 95
C,Qwen/Qwen2-VL-7B-Instruct,nf4,fewshot,glare,1,69,beignets,beignets,0.95,0.998180369536082,1,exact,3,Answer: beignets | Confidence: 95
C,Qwen/Qwen2-VL-7B-Instruct,nf4,fewshot,glare,1,70,beignets,beignets,0.95,0.9977286458015442,1,exact,3,Answer: beignets | Confidence: 95
C,Qwen/Qwen2-VL-7B-Instruct,nf4,fewshot,glare,1,71,beignets,beignets,0.95,0.9986085693041484,1,exact,3,Answer: beignets | Confidence: 95
C,Qwen/Qwen2-VL-7B-Instruct,nf4,fewshot,glare,1,72,beignets,beignets,0.95,0.9981961647669474,1,exact,3,Answer: beignets | Confidence: 95
C,Qwen/Qwen2-VL-7B-Instruct,nf4,fewshot,glare,1,73,beignets,beignets,0.9,0.9979098439216614,1,exact,3,Answer: beignets | Confidence: 90
C,Qwen/Qwen2-VL-7B-Instruct,nf4,fewshot,glare,1,74,beignets,beignets,0.95,0.9945593476295472,1,exact,3,Answer: beignets | Confidence: 95
C,Qwen/Qwen2-VL-7B-Instruct,nf4,fewshot,glare,1,75,beignets,beignets,0.95,0.9983688394228616,1,exact,3,Answer: beignets | Confidence: 95
C,Qwen/Qwen2-VL-7B-Instruct,nf4,fewshot,glare,1,76,beignets,beignets,0.95,0.9984368880589805,1,exact,3,Answer: beignets | Confidence: 95
C,Qwen/Qwen2-VL-7B-Instruct,nf4,fewshot,glare,1,77,beignets,beignets,0.95,0.9989862442016602,1,exact,3,Answer: beignets | Confidence: 95
C,Qwen/Qwen2-VL-7B-Instruct,nf4,fewshot,glare,1,78,beignets,beignets,0.95,0.9983099897702536,1,exact,3,Answer: beignets | Confidence: 95
C,Qwen/Qwen2-VL-7B-Instruct,nf4,fewshot,glare,1,79,beignets,beignets,0.9,0.9954490264256796,1,exact,3,Answer: beignets | Confidence: 90
C,Qwen/Qwen2-VL-7B-Instruct,nf4,fewshot,glare,1,80,beignets,beignets,0.95,0.9981971581776936,1,exact,3,Answer: beignets | Confidence: 95
C,Qwen/Qwen2-VL-7B-Instruct,nf4,fewshot,glare,1,81,beignets,beignets,0.95,0.9916350245475768,1,exact,3,Answer: beignets | Confidence: 95
C,Qwen/Qwen2-VL-7B-Instruct,nf4,fewshot,glare,1,82,beignets,beignets,0.95,0.999157726764679,1,exact,3,Answer: beignets | Confidence: 95
C,Qwen/Qwen2-VL-7B-Instruct,nf4,fewshot,glare,1,83,beignets,beignets,0.9,0.9968390663464864,1,exact,3,Answer: beignets | Confidence: 90
C,Qwen/Qwen2-VL-7B-Instruct,nf4,fewshot,glare,1,84,beignets,beignets,0.9,0.9628607233365376,1,exact,3,Answer: beignets | Confidence: 90
C,Qwen/Qwen2-VL-7B-Instruct,nf4,fewshot,glare,1,85,beignets,beignets,0.95,0.9988337755203248,1,exact,3,Answer: beignets | Confidence: 95
C,Qwen/Qwen2-VL-7B-Instruct,nf4,fewshot,glare,1,86,beignets,beignets,0.9,0.9983838597933452,1,exact,3,Answer: beignets | Confidence: 90
C,Qwen/Qwen2-VL-7B-Instruct,nf4,fewshot,glare,1,87,beignets,beignets,0.9,0.9824870228767396,1,exact,3,Answer: beignets | Confidence: 90
C,Qwen/Qwen2-VL-7B-Instruct,nf4,fewshot,glare,1,88,beignets,bread pudding,0.9,0.7581431269645691,0,contains,2,Answer: bread pudding | Confidence: 90
C,Qwen/Qwen2-VL-7B-Instruct,nf4,fewshot,glare,1,89,beignets,fried calamari,0.9,0.8058574696381887,0,contains,3,Answer: fried calamari | Confidence: 90
C,Qwen/Qwen2-VL-7B-Instruct,nf4,fewshot,glare,1,90,beignets,beignets,0.95,0.9987965027491252,1,exact,3,Answer: beignets | Confidence: 95
C,Qwen/Qwen2-VL-7B-Instruct,nf4,fewshot,glare,1,91,beignets,beignets,0.95,0.99864528576533,1,exact,3,Answer: beignets | Confidence: 95
C,Qwen/Qwen2-VL-7B-Instruct,nf4,fewshot,glare,1,92,beignets,beignets,0.95,0.9990302920341492,1,exact,3,Answer: beignets | Confidence: 95
C,Qwen/Qwen2-VL-7B-Instruct,nf4,fewshot,glare,1,93,beignets,beignets,0.9,0.9982812603314718,1,exact,3,Answer: beignets | Confidence: 90
C,Qwen/Qwen2-VL-7B-Instruct,nf4,fewshot,glare,1,94,beignets,beignets,0.95,0.9991300106048584,1,exact,3,Answer: beignets | Confidence: 95
C,Qwen/Qwen2-VL-7B-Instruct,nf4,fewshot,glare,1,95,beignets,beignets,0.9,0.998935600121816,1,exact,3,Answer: beignets | Confidence: 90
C,Qwen/Qwen2-VL-7B-Instruct,nf4,fewshot,glare,1,96,beignets,beignets,0.95,0.9985491832097372,1,exact,3,Answer: beignets | Confidence: 95
C,Qwen/Qwen2-VL-7B-Instruct,nf4,fewshot,glare,1,97,beignets,beignets,0.9,0.9548822045326232,1,exact,3,Answer: beignets | Confidence: 90
C,Qwen/Qwen2-VL-7B-Instruct,nf4,fewshot,glare,1,98,beignets,beignets,0.9,0.998384435971578,1,exact,3,Answer: beignets | Confidence: 90
C,Qwen/Qwen2-VL-7B-Instruct,nf4,fewshot,glare,1,99,beignets,beignets,0.9,0.9964645504951476,1,exact,3,Answer: beignets | Confidence: 90
C,Qwen/Qwen2-VL-7B-Instruct,nf4,fewshot,glare,2,0,beignets,beignets,0.9,0.9461064140001932,1,exact,3,Answer: beignets | Confidence: 90
C,Qwen/Qwen2-VL-7B-Instruct,nf4,fewshot,glare,2,1,beignets,beignets,0.9,0.9923062125841776,1,exact,3,Answer: beignets | Confidence: 90
C,Qwen/Qwen2-VL-7B-Instruct,nf4,fewshot,glare,2,2,beignets,beignets,0.95,0.9976284702618916,1,exact,3,Answer: beignets | Confidence: 95
C,Qwen/Qwen2-VL-7B-Instruct,nf4,fewshot,glare,2,3,beignets,beignets,0.9,0.926244020462036,1,exact,3,Answer: beignets | Confidence: 90
C,Qwen/Qwen2-VL-7B-Instruct,nf4,fewshot,glare,2,4,beignets,beignets,0.95,0.99905792872111,1,exact,3,Answer: beignets | Confidence: 95
C,Qwen/Qwen2-VL-7B-Instruct,nf4,fewshot,glare,2,5,beignets,beignets,0.95,0.9987741907437644,1,exact,3,Answer: beignets | Confidence: 95
C,Qwen/Qwen2-VL-7B-Instruct,nf4,fewshot,glare,2,6,beignets,beignets,0.95,0.9992809096972148,1,exact,3,Answer: beignets | Confidence: 95
C,Qwen/Qwen2-VL-7B-Instruct,nf4,fewshot,glare,2,7,beignets,beignets,0.95,0.9989315867424012,1,exact,3,Answer: beignets | Confidence: 95
C,Qwen/Qwen2-VL-7B-Instruct,nf4,fewshot,glare,2,8,beignets,beignets,0.9,0.8530818819999695,1,exact,3,Answer: beignets | Confidence: 90
C,Qwen/Qwen2-VL-7B-Instruct,nf4,fewshot,glare,2,9,beignets,beignets,0.95,0.9969218174616497,1,exact,3,Answer: beignets | Confidence: 95
C,Qwen/Qwen2-VL-7B-Instruct,nf4,fewshot,glare,2,10,beignets,beignets,0.9,0.9842363397280376,1,exact,3,Answer: beignets | Confidence: 90
C,Qwen/Qwen2-VL-7B-Instruct,nf4,fewshot,glare,2,11,beignets,beignets,0.9,0.9993494550387064,1,exact,3,Answer: beignets | Confidence: 90
C,Qwen/Qwen2-VL-7B-Instruct,nf4,fewshot,glare,2,12,beignets,beignets,0.9,0.9893676241238912,1,exact,3,Answer: beignets | Confidence: 90
C,Qwen/Qwen2-VL-7B-Instruct,nf4,fewshot,glare,2,13,beignets,beignets,0.9,0.9986948370933532,1,exact,3,Answer: beignets | Confidence: 90
C,Qwen/Qwen2-VL-7B-Instruct,nf4,fewshot,glare,2,14,beignets,beignets,0.9,0.999517579873403,1,exact,3,Answer: beignets | Confidence: 90
C,Qwen/Qwen2-VL-7B-Instruct,nf4,fewshot,glare,2,15,beignets,beignets,0.9,0.9981440107027688,1,exact,3,Answer: beignets | Confidence: 90
C,Qwen/Qwen2-VL-7B-Instruct,nf4,fewshot,glare,2,16,beignets,beignets,0.9,0.988916277885437,1,exact,3,Answer: beignets | Confidence: 90
C,Qwen/Qwen2-VL-7B-Instruct,nf4,fewshot,glare,2,17,beignets,beignets,0.9,0.9515201846758524,1,exact,3,Answer: beignets | Confidence: 90
C,Qwen/Qwen2-VL-7B-Instruct,nf4,fewshot,glare,2,18,beignets,beignets,0.9,0.992806096871694,1,exact,3,Answer: beignets | Confidence: 90
C,Qwen/Qwen2-VL-7B-Instruct,nf4,fewshot,glare,2,19,beignets,beignets,0.9,0.9680188496907552,1,exact,3,Answer: beignets | Confidence: 90
C,Qwen/Qwen2-VL-7B-Instruct,nf4,fewshot,glare,2,20,beignets,beignets,0.9,0.997711976369222,1,exact,3,Answer: beignets | Confidence: 90
C,Qwen/Qwen2-VL-7B-Instruct,nf4,fewshot,glare,2,21,beignets,beignets,0.9,0.8118063608805338,1,exact,3,Answer: beignets | Confidence: 90
C,Qwen/Qwen2-VL-7B-Instruct,nf4,fewshot,glare,2,22,beignets,pizza,0.9,0.6558853983879089,0,nomatch,1,Answer: pizza | Confidence: 90
C,Qwen/Qwen2-VL-7B-Instruct,nf4,fewshot,glare,2,23,beignets,beignets,0.95,0.9982660412788392,1,exact,3,Answer: beignets | Confidence: 95
C,Qwen/Qwen2-VL-7B-Instruct,nf4,fewshot,glare,2,24,beignets,beignets,0.9,0.9955643018086752,1,exact,3,Answer: beignets | Confidence: 90
C,Qwen/Qwen2-VL-7B-Instruct,nf4,fewshot,glare,2,25,beignets,beignets,0.9,0.9989087382952372,1,exact,3,Answer: beignets | Confidence: 90
C,Qwen/Qwen2-VL-7B-Instruct,nf4,fewshot,glare,2,26,beignets,beignets,0.9,0.8172761797904968,1,exact,3,Answer: beignets | Confidence: 90
C,Qwen/Qwen2-VL-7B-Instruct,nf4,fewshot,glare,2,27,beignets,beignets,0.95,0.9990156292915344,1,exact,3,Answer: beignets | Confidence: 95
C,Qwen/Qwen2-VL-7B-Instruct,nf4,fewshot,glare,2,28,beignets,beignets,0.95,0.9974638223648072,1,exact,3,Answer: beignets | Confidence: 95
C,Qwen/Qwen2-VL-7B-Instruct,nf4,fewshot,glare,2,29,beignets,beignets,0.95,0.9989333152770996,1,exact,3,Answer: beignets | Confidence: 95
C,Qwen/Qwen2-VL-7B-Instruct,nf4,fewshot,glare,2,30,beignets,beignets,0.9,0.9987549781799316,1,exact,3,Answer: beignets | Confidence: 90
C,Qwen/Qwen2-VL-7B-Instruct,nf4,fewshot,glare,2,31,beignets,creme brulee,0.9,0.9773865342140198,0,contains,5,Answer: creme brulee | Confidence: 90
C,Qwen/Qwen2-VL-7B-Instruct,nf4,fewshot,glare,2,32,beignets,beignets,0.9,0.824045310417811,1,exact,3,Answer: beignets | Confidence: 90
C,Qwen/Qwen2-VL-7B-Instruct,nf4,fewshot,glare,2,33,beignets,beignets,0.95,0.9963125189145406,1,exact,3,Answer: beignets | Confidence: 95
C,Qwen/Qwen2-VL-7B-Instruct,nf4,fewshot,glare,2,34,beignets,beignets,0.95,0.9986174702644348,1,exact,3,Answer: beignets | Confidence: 95
C,Qwen/Qwen2-VL-7B-Instruct,nf4,fewshot,glare,2,35,beignets,pizza,0.9,0.447623997926712,0,nomatch,1,Answer: pizza | Confidence: 90
C,Qwen/Qwen2-VL-7B-Instruct,nf4,fewshot,glare,2,36,beignets,fried calamari,0.9,0.8210666875044504,0,contains,3,Answer: fried calamari | Confidence: 90
C,Qwen/Qwen2-VL-7B-Instruct,nf4,fewshot,glare,2,37,beignets,beignets,0.95,0.9961313009262084,1,exact,3,Answer: beignets | Confidence: 95
C,Qwen/Qwen2-VL-7B-Instruct,nf4,fewshot,glare,2,38,beignets,beignets,0.95,0.9970969557762146,1,exact,3,Answer: beignets | Confidence: 95
C,Qwen/Qwen2-VL-7B-Instruct,nf4,fewshot,glare,2,39,beignets,beignets,0.9,0.9972500999768577,1,exact,3,Answer: beignets | Confidence: 90
C,Qwen/Qwen2-VL-7B-Instruct,nf4,fewshot,glare,2,40,beignets,beignets,0.9,0.9960310260454812,1,exact,3,Answer: beignets | Confidence: 90
C,Qwen/Qwen2-VL-7B-Instruct,nf4,fewshot,glare,2,41,beignets,beignets,0.9,0.9995026389757792,1,exact,3,Answer: beignets | Confidence: 90
C,Qwen/Qwen2-VL-7B-Instruct,nf4,fewshot,glare,2,42,beignets,beignets,0.95,0.9855369925498962,1,exact,3,Answer: beignets | Confidence: 95
C,Qwen/Qwen2-VL-7B-Instruct,nf4,fewshot,glare,2,43,beignets,beignets,0.9,0.7891938587029775,1,exact,3,Answer: beignets | Confidence: 90
C,Qwen/Qwen2-VL-7B-Instruct,nf4,fewshot,glare,2,44,beignets,beignets,0.95,0.9985718329747518,1,exact,3,Answer: beignets | Confidence: 95
C,Qwen/Qwen2-VL-7B-Instruct,nf4,fewshot,glare,2,45,beignets,beignets,0.9,0.9779983758926392,1,exact,3,Answer: beignets | Confidence: 90
C,Qwen/Qwen2-VL-7B-Instruct,nf4,fewshot,glare,2,46,beignets,beignets,0.95,0.9978014826774596,1,exact,3,Answer: beignets | Confidence: 95
C,Qwen/Qwen2-VL-7B-Instruct,nf4,fewshot,glare,2,47,beignets,beignets,0.95,0.9948030511538188,1,exact,3,Answer: beignets | Confidence: 95
C,Qwen/Qwen2-VL-7B-Instruct,nf4,fewshot,glare,2,48,beignets,beignets,0.9,0.9984574715296428,1,exact,3,Answer: beignets | Confidence: 90
C,Qwen/Qwen2-VL-7B-Instruct,nf4,fewshot,glare,2,49,beignets,beignets,0.95,0.9990508953730264,1,exact,3,Answer: beignets | Confidence: 95
C,Qwen/Qwen2-VL-7B-Instruct,nf4,fewshot,glare,2,50,beignets,beignets,0.95,0.997774581114451,1,exact,3,Answer: beignets | Confidence: 95
C,Qwen/Qwen2-VL-7B-Instruct,nf4,fewshot,glare,2,51,beignets,beignets,0.9,0.9967852433522544,1,exact,3,Answer: beignets | Confidence: 90
C,Qwen/Qwen2-VL-7B-Instruct,nf4,fewshot,glare,2,52,beignets,beignets,0.95,0.9986636837323508,1,exact,3,Answer: beignets | Confidence: 95
C,Qwen/Qwen2-VL-7B-Instruct,nf4,fewshot,glare,2,53,beignets,beignets,0.9,0.9951878388722738,1,exact,3,Answer: beignets | Confidence: 90
C,Qwen/Qwen2-VL-7B-Instruct,nf4,fewshot,glare,2,54,beignets,beignets,0.95,0.9979580640792848,1,exact,3,Answer: beignets | Confidence: 95
C,Qwen/Qwen2-VL-7B-Instruct,nf4,fewshot,glare,2,55,beignets,beignets,0.9,0.9991487860679626,1,exact,3,Answer: beignets | Confidence: 90
C,Qwen/Qwen2-VL-7B-Instruct,nf4,fewshot,glare,2,56,beignets,pizza,0.9,0.8847174048423767,0,contains,1,Answer: pizza | Confidence: 90
C,Qwen/Qwen2-VL-7B-Instruct,nf4,fewshot,glare,2,57,beignets,fried calamari,0.9,0.9797703822453816,0,contains,3,Answer: fried calamari | Confidence: 90
C,Qwen/Qwen2-VL-7B-Instruct,nf4,fewshot,glare,2,58,beignets,beignets,0.9,0.9603509505589805,1,exact,3,Answer: beignets | Confidence: 90
C,Qwen/Qwen2-VL-7B-Instruct,nf4,fewshot,glare,2,59,beignets,beignets,0.9,0.9940529863039652,1,exact,3,Answer: beignets | Confidence: 90
C,Qwen/Qwen2-VL-7B-Instruct,nf4,fewshot,glare,2,60,beignets,beignets,0.9,0.8416502475738525,1,exact,3,Answer: beignets | Confidence: 90
C,Qwen/Qwen2-VL-7B-Instruct,nf4,fewshot,glare,2,61,beignets,beignets,0.9,0.9986807107925416,1,exact,3,Answer: beignets | Confidence: 90
C,Qwen/Qwen2-VL-7B-Instruct,nf4,fewshot,glare,2,62,beignets,beignets,0.9,0.9952937364578248,1,exact,3,Answer: beignets | Confidence: 90
C,Qwen/Qwen2-VL-7B-Instruct,nf4,fewshot,glare,2,63,beignets,beignets,0.9,0.9960280656814576,1,exact,3,Answer: beignets | Confidence: 90
C,Qwen/Qwen2-VL-7B-Instruct,nf4,fewshot,glare,2,64,beignets,beignets,0.9,0.9984912077585856,1,exact,3,Answer: beignets | Confidence: 90
C,Qwen/Qwen2-VL-7B-Instruct,nf4,fewshot,glare,2,65,beignets,beignets,0.95,0.9993927280108134,1,exact,3,Answer: beignets | Confidence: 95
C,Qwen/Qwen2-VL-7B-Instruct,nf4,fewshot,glare,2,66,beignets,beignets,0.9,0.9974201718966166,1,exact,3,Answer: beignets | Confidence: 90
C,Qwen/Qwen2-VL-7B-Instruct,nf4,fewshot,glare,2,67,beignets,beignets,0.9,0.9230203827222188,1,exact,3,Answer: beignets | Confidence: 90
C,Qwen/Qwen2-VL-7B-Instruct,nf4,fewshot,glare,2,68,beignets,beignets,0.9,0.998192528883616,1,exact,3,Answer: beignets | Confidence: 90
C,Qwen/Qwen2-VL-7B-Instruct,nf4,fewshot,glare,2,69,beignets,beignets,0.9,0.9983805616696676,1,exact,3,Answer: beignets | Confidence: 90
C,Qwen/Qwen2-VL-7B-Instruct,nf4,fewshot,glare,2,70,beignets,beignets,0.95,0.9977309505144756,1,exact,3,Answer: beignets | Confidence: 95
C,Qwen/Qwen2-VL-7B-Instruct,nf4,fewshot,glare,2,71,beignets,beignets,0.9,0.9973986347516378,1,exact,3,Answer: beignets | Confidence: 90
C,Qwen/Qwen2-VL-7B-Instruct,nf4,fewshot,glare,2,72,beignets,beignets,0.95,0.9982106486956278,1,exact,3,Answer: beignets | Confidence: 95
C,Qwen/Qwen2-VL-7B-Instruct,nf4,fewshot,glare,2,73,beignets,beignets,0.9,0.9954910079638164,1,exact,3,Answer: beignets | Confidence: 90
C,Qwen/Qwen2-VL-7B-Instruct,nf4,fewshot,glare,2,74,beignets,pizza,0.9,0.6366519927978516,0,nomatch,1,Answer: pizza | Confidence: 90
C,Qwen/Qwen2-VL-7B-Instruct,nf4,fewshot,glare,2,75,beignets,beignets,0.9,0.9957890510559082,1,exact,3,Answer: beignets | Confidence: 90
C,Qwen/Qwen2-VL-7B-Instruct,nf4,fewshot,glare,2,76,beignets,beignets,0.9,0.9975783824920654,1,exact,3,Answer: beignets | Confidence: 90
C,Qwen/Qwen2-VL-7B-Instruct,nf4,fewshot,glare,2,77,beignets,beignets,0.9,0.8680069843928019,1,exact,3,Answer: beignets | Confidence: 90
C,Qwen/Qwen2-VL-7B-Instruct,nf4,fewshot,glare,2,78,beignets,beignets,0.9,0.9948154091835022,1,exact,3,Answer: beignets | Confidence: 90
C,Qwen/Qwen2-VL-7B-Instruct,nf4,fewshot,glare,2,79,beignets,lobster roll sandwich,0.9,0.7808853586514791,0,contains,3,Answer: lobster roll sandwich | Confidence: 90
C,Qwen/Qwen2-VL-7B-Instruct,nf4,fewshot,glare,2,80,beignets,beignets,0.9,0.9980892936388652,1,exact,3,Answer: beignets | Confidence: 90
C,Qwen/Qwen2-VL-7B-Instruct,nf4,fewshot,glare,2,81,beignets,beignets,0.9,0.992108960946401,1,exact,3,Answer: beignets | Confidence: 90
C,Qwen/Qwen2-VL-7B-Instruct,nf4,fewshot,glare,2,82,beignets,beignets,0.9,0.9986730416615804,1,exact,3,Answer: beignets | Confidence: 90
C,Qwen/Qwen2-VL-7B-Instruct,nf4,fewshot,glare,2,83,beignets,beignets,0.9,0.9965596199035645,1,exact,3,Answer: beignets | Confidence: 90
C,Qwen/Qwen2-VL-7B-Instruct,nf4,fewshot,glare,2,84,beignets,beignets,0.9,0.9552436073621114,1,exact,3,Answer: beignets | Confidence: 90
C,Qwen/Qwen2-VL-7B-Instruct,nf4,fewshot,glare,2,85,beignets,beignets,0.9,0.993853191534678,1,exact,3,Answer: beignets | Confidence: 90
C,Qwen/Qwen2-VL-7B-Instruct,nf4,fewshot,glare,2,86,beignets,beignets,0.95,0.9982176621754963,1,exact,3,Answer: beignets | Confidence: 95
C,Qwen/Qwen2-VL-7B-Instruct,nf4,fewshot,glare,2,87,beignets,beignets,0.9,0.9948784907658896,1,exact,3,Answer: beignets | Confidence: 90
C,Qwen/Qwen2-VL-7B-Instruct,nf4,fewshot,glare,2,88,beignets,bread pudding,0.9,0.7016498744487762,0,contains,2,Answer: bread pudding | Confidence: 90
C,Qwen/Qwen2-VL-7B-Instruct,nf4,fewshot,glare,2,89,beignets,bread pudding,0.9,0.647211030125618,0,contains,2,Answer: bread pudding | Confidence: 90
C,Qwen/Qwen2-VL-7B-Instruct,nf4,fewshot,glare,2,90,beignets,beignets,0.95,0.9982985258102416,1,exact,3,Answer: beignets | Confidence: 95
C,Qwen/Qwen2-VL-7B-Instruct,nf4,fewshot,glare,2,91,beignets,beignets,0.9,0.9970312913258872,1,exact,3,Answer: beignets | Confidence: 90
C,Qwen/Qwen2-VL-7B-Instruct,nf4,fewshot,glare,2,92,beignets,beignets,0.95,0.999006470044454,1,exact,3,Answer: beignets | Confidence: 95
C,Qwen/Qwen2-VL-7B-Instruct,nf4,fewshot,glare,2,93,beignets,beignets,0.9,0.9983402689297994,1,exact,3,Answer: beignets | Confidence: 90
C,Qwen/Qwen2-VL-7B-Instruct,nf4,fewshot,glare,2,94,beignets,beignets,0.9,0.998784363269806,1,exact,3,Answer: beignets | Confidence: 90
C,Qwen/Qwen2-VL-7B-Instruct,nf4,fewshot,glare,2,95,beignets,beignets,0.9,0.9989253481229148,1,exact,3,Answer: beignets | Confidence: 90
C,Qwen/Qwen2-VL-7B-Instruct,nf4,fewshot,glare,2,96,beignets,beignets,0.95,0.998509685198466,1,exact,3,Answer: beignets | Confidence: 95
C,Qwen/Qwen2-VL-7B-Instruct,nf4,fewshot,glare,2,97,beignets,beignets,0.9,0.9412087599436442,1,exact,3,Answer: beignets | Confidence: 90
C,Qwen/Qwen2-VL-7B-Instruct,nf4,fewshot,glare,2,98,beignets,beignets,0.9,0.9979430039723716,1,exact,3,Answer: beignets | Confidence: 90
C,Qwen/Qwen2-VL-7B-Instruct,nf4,fewshot,glare,2,99,beignets,beignets,0.9,0.9665601054827372,1,exact,3,Answer: beignets | Confidence: 90
C,Qwen/Qwen2-VL-7B-Instruct,nf4,fewshot,glare,3,0,beignets,beignets,0.9,0.8562379280726115,1,exact,3,Answer: beignets | Confidence: 90
C,Qwen/Qwen2-VL-7B-Instruct,nf4,fewshot,glare,3,1,beignets,beignets,0.9,0.9850438435872396,1,exact,3,Answer: beignets | Confidence: 90
C,Qwen/Qwen2-VL-7B-Instruct,nf4,fewshot,glare,3,2,beignets,beignets,0.9,0.909848670164744,1,exact,3,Answer: beignets | Confidence: 90
C,Qwen/Qwen2-VL-7B-Instruct,nf4,fewshot,glare,3,3,beignets,pizza,0.9,0.5401887893676758,0,nomatch,1,Answer: pizza | Confidence: 90
C,Qwen/Qwen2-VL-7B-Instruct,nf4,fewshot,glare,3,4,beignets,beignets,0.9,0.9982062180836996,1,exact,3,Answer: beignets | Confidence: 90
C,Qwen/Qwen2-VL-7B-Instruct,nf4,fewshot,glare,3,5,beignets,beignets,0.95,0.9985860784848531,1,exact,3,Answer: beignets | Confidence: 95
C,Qwen/Qwen2-VL-7B-Instruct,nf4,fewshot,glare,3,6,beignets,beignets,0.95,0.9990830818812052,1,exact,3,Answer: beignets | Confidence: 95
C,Qwen/Qwen2-VL-7B-Instruct,nf4,fewshot,glare,3,7,beignets,beignets,0.9,0.9983956217765808,1,exact,3,Answer: beignets | Confidence: 90
C,Qwen/Qwen2-VL-7B-Instruct,nf4,fewshot,glare,3,8,beignets,beignets,0.9,0.8399616479873657,1,exact,3,Answer: beignets | Confidence: 90
C,Qwen/Qwen2-VL-7B-Instruct,nf4,fewshot,glare,3,9,beignets,beignets,0.9,0.9967190225919088,1,exact,3,Answer: beignets | Confidence: 90
C,Qwen/Qwen2-VL-7B-Instruct,nf4,fewshot,glare,3,10,beignets,beignets,0.9,0.9877799153327942,1,exact,3,Answer: beignets | Confidence: 90
C,Qwen/Qwen2-VL-7B-Instruct,nf4,fewshot,glare,3,11,beignets,beignets,0.9,0.9990635712941488,1,exact,3,Answer: beignets | Confidence: 90
C,Qwen/Qwen2-VL-7B-Instruct,nf4,fewshot,glare,3,12,beignets,beignets,0.9,0.9530791838963828,1,exact,3,Answer: beignets | Confidence: 90
C,Qwen/Qwen2-VL-7B-Instruct,nf4,fewshot,glare,3,13,beignets,beignets,0.9,0.9960118929545084,1,exact,3,Answer: beignets | Confidence: 90
C,Qwen/Qwen2-VL-7B-Instruct,nf4,fewshot,glare,3,14,beignets,beignets,0.9,0.9990260402361552,1,exact,3,Answer: beignets | Confidence: 90
C,Qwen/Qwen2-VL-7B-Instruct,nf4,fewshot,glare,3,15,beignets,scallops,0.9,0.9159334003925323,0,contains,2,Answer: scallops | Confidence: 90
C,Qwen/Qwen2-VL-7B-Instruct,nf4,fewshot,glare,3,16,beignets,beignets,0.9,0.7990141113599142,1,exact,3,Answer: beignets | Confidence: 90
C,Qwen/Qwen2-VL-7B-Instruct,nf4,fewshot,glare,3,17,beignets,beignets,0.9,0.8681414326032003,1,exact,3,Answer: beignets | Confidence: 90
C,Qwen/Qwen2-VL-7B-Instruct,nf4,fewshot,glare,3,18,beignets,beignets,0.9,0.791575680176417,1,exact,3,Answer: beignets | Confidence: 90
C,Qwen/Qwen2-VL-7B-Instruct,nf4,fewshot,glare,3,19,beignets,bread,0.9,0.4992709755897522,0,nomatch,1,Answer: bread | Confidence: 90
C,Qwen/Qwen2-VL-7B-Instruct,nf4,fewshot,glare,3,20,beignets,beignets,0.9,0.9958144823710124,1,exact,3,Answer: beignets | Confidence: 90
C,Qwen/Qwen2-VL-7B-Instruct,nf4,fewshot,glare,3,21,beignets,chocolate mousse,0.9,0.7674691577752432,0,contains,3,Answer: chocolate mousse | Confidence: 90
C,Qwen/Qwen2-VL-7B-Instruct,nf4,fewshot,glare,3,22,beignets,pizza,0.9,0.7190728783607483,0,nomatch,1,Answer: pizza | Confidence: 90
C,Qwen/Qwen2-VL-7B-Instruct,nf4,fewshot,glare,3,23,beignets,beignets,0.9,0.99507866303126,1,exact,3,Answer: beignets | Confidence: 90
C,Qwen/Qwen2-VL-7B-Instruct,nf4,fewshot,glare,3,24,beignets,beignets,0.9,0.9661224881807964,1,exact,3,Answer: beignets | Confidence: 90
C,Qwen/Qwen2-VL-7B-Instruct,nf4,fewshot,glare,3,25,beignets,beignets,0.9,0.9699856638908386,1,exact,3,Answer: beignets | Confidence: 90
C,Qwen/Qwen2-VL-7B-Instruct,nf4,fewshot,glare,3,26,beignets,bread pudding,0.9,0.8408627808094025,0,contains,2,Answer: bread pudding | Confidence: 90
C,Qwen/Qwen2-VL-7B-Instruct,nf4,fewshot,glare,3,27,beignets,beignets,0.95,0.9987301031748452,1,exact,3,Answer: beignets | Confidence: 95
C,Qwen/Qwen2-VL-7B-Instruct,nf4,fewshot,glare,3,28,beignets,beignets,0.95,0.9972461462020874,1,exact,3,Answer: beignets | Confidence: 95
C,Qwen/Qwen2-VL-7B-Instruct,nf4,fewshot,glare,3,29,beignets,beignets,0.9,0.9980080922444662,1,exact,3,Answer: beignets | Confidence: 90
C,Qwen/Qwen2-VL-7B-Instruct,nf4,fewshot,glare,3,30,beignets,beignets,0.9,0.9982126553853352,1,exact,3,Answer: beignets | Confidence: 90
C,Qwen/Qwen2-VL-7B-Instruct,nf4,fewshot,glare,3,31,beignets,creme brulee,0.9,0.9691548705101012,0,contains,5,Answer: creme brulee | Confidence: 90
C,Qwen/Qwen2-VL-7B-Instruct,nf4,fewshot,glare,3,32,beignets,beignets,0.9,0.8161063194274902,1,exact,3,Answer: beignets | Confidence: 90
C,Qwen/Qwen2-VL-7B-Instruct,nf4,fewshot,glare,3,33,beignets,beignets,0.95,0.9967427849769592,1,exact,3,Answer: beignets | Confidence: 95
C,Qwen/Qwen2-VL-7B-Instruct,nf4,fewshot,glare,3,34,beignets,beignets,0.9,0.9979270497957864,1,exact,3,Answer: beignets | Confidence: 90
C,Qwen/Qwen2-VL-7B-Instruct,nf4,fewshot,glare,3,35,beignets,pizza,0.9,0.636649489402771,0,nomatch,1,Answer: pizza | Confidence: 90
C,Qwen/Qwen2-VL-7B-Instruct,nf4,fewshot,glare,3,36,beignets,sushi,0.9,0.41593998670578,0,contains,1,Answer: sushi | Confidence: 90
C,Qwen/Qwen2-VL-7B-Instruct,nf4,fewshot,glare,3,37,beignets,beignets,0.9,0.996073603630066,1,exact,3,Answer: beignets | Confidence: 90
C,Qwen/Qwen2-VL-7B-Instruct,nf4,fewshot,glare,3,38,beignets,beignets,0.9,0.9959593812624612,1,exact,3,Answer: beignets | Confidence: 90
C,Qwen/Qwen2-VL-7B-Instruct,nf4,fewshot,glare,3,39,beignets,beignets,0.9,0.952474852403005,1,exact,3,Answer: beignets | Confidence: 90
C,Qwen/Qwen2-VL-7B-Instruct,nf4,fewshot,glare,3,40,beignets,beignets,0.9,0.962610145409902,1,exact,3,Answer: beignets | Confidence: 90
C,Qwen/Qwen2-VL-7B-Instruct,nf4,fewshot,glare,3,41,beignets,beignets,0.9,0.9993806878725688,1,exact,3,Answer: beignets | Confidence: 90
C,Qwen/Qwen2-VL-7B-Instruct,nf4,fewshot,glare,3,42,beignets,beignets,0.9,0.9371650020281472,1,exact,3,Answer: beignets | Confidence: 90
C,Qwen/Qwen2-VL-7B-Instruct,nf4,fewshot,glare,3,43,beignets,breakfast burrito,0.9,0.7543288469314575,0,contains,3,Answer: breakfast burrito | Confidence: 90
C,Qwen/Qwen2-VL-7B-Instruct,nf4,fewshot,glare,3,44,beignets,beignets,0.9,0.988808294137319,1,exact,3,Answer: beignets | Confidence: 90
C,Qwen/Qwen2-VL-7B-Instruct,nf4,fewshot,glare,3,45,beignets,beignets,0.9,0.9283164739608764,1,exact,3,Answer: beignets | Confidence: 90
C,Qwen/Qwen2-VL-7B-Instruct,nf4,fewshot,glare,3,46,beignets,beignets,0.9,0.9982360204060872,1,exact,3,Answer: beignets | Confidence: 90
C,Qwen/Qwen2-VL-7B-Instruct,nf4,fewshot,glare,3,47,beignets,beignets,0.9,0.9211141665776572,1,exact,3,Answer: beignets | Confidence: 90
C,Qwen/Qwen2-VL-7B-Instruct,nf4,fewshot,glare,3,48,beignets,beignets,0.9,0.9289459983507792,1,exact,3,Answer: beignets | Confidence: 90
C,Qwen/Qwen2-VL-7B-Instruct,nf4,fewshot,glare,3,49,beignets,beignets,0.9,0.8996545076370239,1,exact,3,Answer: beignets | Confidence: 90
C,Qwen/Qwen2-VL-7B-Instruct,nf4,fewshot,glare,3,50,beignets,beignets,0.9,0.9943190813064576,1,exact,3,Answer: beignets | Confidence: 90
C,Qwen/Qwen2-VL-7B-Instruct,nf4,fewshot,glare,3,51,beignets,beignets,0.9,0.940630038579305,1,exact,3,Answer: beignets | Confidence: 90
C,Qwen/Qwen2-VL-7B-Instruct,nf4,fewshot,glare,3,52,beignets,beignets,0.9,0.9980617562929788,1,exact,3,Answer: beignets | Confidence: 90
C,Qwen/Qwen2-VL-7B-Instruct,nf4,fewshot,glare,3,53,beignets,beignets,0.9,0.956614077091217,1,exact,3,Answer: beignets | Confidence: 90
C,Qwen/Qwen2-VL-7B-Instruct,nf4,fewshot,glare,3,54,beignets,beignets,0.95,0.998135268688202,1,exact,3,Answer: beignets | Confidence: 95
C,Qwen/Qwen2-VL-7B-Instruct,nf4,fewshot,glare,3,55,beignets,beignets,0.9,0.9788496096928916,1,exact,3,Answer: beignets | Confidence: 90
C,Qwen/Qwen2-VL-7B-Instruct,nf4,fewshot,glare,3,56,beignets,pizza,0.9,0.9734833240509032,0,contains,1,Answer: pizza | Confidence: 90
C,Qwen/Qwen2-VL-7B-Instruct,nf4,fewshot,glare,3,57,beignets,fried calamari,0.9,0.928232967853546,0,contains,3,Answer: fried calamari | Confidence: 90
C,Qwen/Qwen2-VL-7B-Instruct,nf4,fewshot,glare,3,58,beignets,chocolate cake,0.9,0.7910297811031342,0,contains,2,Answer: chocolate cake | Confidence: 90
C,Qwen/Qwen2-VL-7B-Instruct,nf4,fewshot,glare,3,59,beignets,beignets,0.9,0.9448176225026448,1,exact,3,Answer: beignets | Confidence: 90
C,Qwen/Qwen2-VL-7B-Instruct,nf4,fewshot,glare,3,60,beignets,beignets,0.9,0.8446505467096964,1,exact,3,Answer: beignets | Confidence: 90
C,Qwen/Qwen2-VL-7B-Instruct,nf4,fewshot,glare,3,61,beignets,beignets,0.9,0.9949414332707724,1,exact,3,Answer: beignets | Confidence: 90
C,Qwen/Qwen2-VL-7B-Instruct,nf4,fewshot,glare,3,62,beignets,beignets,0.9,0.9949840704600016,1,exact,3,Answer: beignets | Confidence: 90
C,Qwen/Qwen2-VL-7B-Instruct,nf4,fewshot,glare,3,63,beignets,beignets,0.9,0.9938205480575562,1,exact,3,Answer: beignets | Confidence: 90
C,Qwen/Qwen2-VL-7B-Instruct,nf4,fewshot,glare,3,64,beignets,beignets,0.9,0.9517972866694132,1,exact,3,Answer: beignets | Confidence: 90
C,Qwen/Qwen2-VL-7B-Instruct,nf4,fewshot,glare,3,65,beignets,beignets,0.95,0.9993910988171896,1,exact,3,Answer: beignets | Confidence: 95
C,Qwen/Qwen2-VL-7B-Instruct,nf4,fewshot,glare,3,66,beignets,beignets,0.9,0.9963167508443196,1,exact,3,Answer: beignets | Confidence: 90
C,Qwen/Qwen2-VL-7B-Instruct,nf4,fewshot,glare,3,67,beignets,pizza,0.9,0.9028512835502625,0,nomatch,1,Answer: pizza | Confidence: 90
C,Qwen/Qwen2-VL-7B-Instruct,nf4,fewshot,glare,3,68,beignets,beignets,0.9,0.980331520239512,1,exact,3,Answer: beignets | Confidence: 90
C,Qwen/Qwen2-VL-7B-Instruct,nf4,fewshot,glare,3,69,beignets,beignets,0.9,0.9699932336807252,1,exact,3,Answer: beignets | Confidence: 90
C,Qwen/Qwen2-VL-7B-Instruct,nf4,fewshot,glare,3,70,beignets,beignets,0.9,0.9962104757626852,1,exact,3,Answer: beignets | Confidence: 90
C,Qwen/Qwen2-VL-7B-Instruct,nf4,fewshot,glare,3,71,beignets,beignets,0.9,0.9926434954007468,1,exact,3,Answer: beignets | Confidence: 90
C,Qwen/Qwen2-VL-7B-Instruct,nf4,fewshot,glare,3,72,beignets,beignets,0.95,0.9977171619733176,1,exact,3,Answer: beignets | Confidence: 95
C,Qwen/Qwen2-VL-7B-Instruct,nf4,fewshot,glare,3,73,beignets,beignets,0.9,0.99279522895813,1,exact,3,Answer: beignets | Confidence: 90
C,Qwen/Qwen2-VL-7B-Instruct,nf4,fewshot,glare,3,74,beignets,pizza,0.9,0.5121321082115173,0,nomatch,1,Answer: pizza | Confidence: 90
C,Qwen/Qwen2-VL-7B-Instruct,nf4,fewshot,glare,3,75,beignets,beignets,0.9,0.8150871793429056,1,exact,3,Answer: beignets | Confidence: 90
C,Qwen/Qwen2-VL-7B-Instruct,nf4,fewshot,glare,3,76,beignets,beignets,0.9,0.9870826005935668,1,exact,3,Answer: beignets | Confidence: 90
C,Qwen/Qwen2-VL-7B-Instruct,nf4,fewshot,glare,3,77,beignets,fried rice,0.9,0.7187650501728058,0,contains,2,Answer: fried rice | Confidence: 90
C,Qwen/Qwen2-VL-7B-Instruct,nf4,fewshot,glare,3,78,beignets,chicken quesadilla,0.9,0.9578636288642884,0,contains,4,Answer: chicken quesadilla | Confidence: 90
C,Qwen/Qwen2-VL-7B-Instruct,nf4,fewshot,glare,3,79,beignets,spring rolls,0.9,0.6828320324420929,0,contains,2,Answer: spring rolls | Confidence: 90
C,Qwen/Qwen2-VL-7B-Instruct,nf4,fewshot,glare,3,80,beignets,beignets,0.9,0.9977427124977112,1,exact,3,Answer: beignets | Confidence: 90
C,Qwen/Qwen2-VL-7B-Instruct,nf4,fewshot,glare,3,81,beignets,beignets,0.9,0.9890954494476318,1,exact,3,Answer: beignets | Confidence: 90
C,Qwen/Qwen2-VL-7B-Instruct,nf4,fewshot,glare,3,82,beignets,beignets,0.9,0.993318816026052,1,exact,3,Answer: beignets | Confidence: 90
C,Qwen/Qwen2-VL-7B-Instruct,nf4,fewshot,glare,3,83,beignets,beignets,0.9,0.9896547396977744,1,exact,3,Answer: beignets | Confidence: 90
C,Qwen/Qwen2-VL-7B-Instruct,nf4,fewshot,glare,3,84,beignets,beignets,0.9,0.9798897902170816,1,exact,3,Answer: beignets | Confidence: 90
C,Qwen/Qwen2-VL-7B-Instruct,nf4,fewshot,glare,3,85,beignets,pizza,0.9,0.6646875739097595,0,contains,1,Answer: pizza | Confidence: 90
C,Qwen/Qwen2-VL-7B-Instruct,nf4,fewshot,glare,3,86,beignets,beignets,0.9,0.9985166390736898,1,exact,3,Answer: beignets | Confidence: 90
C,Qwen/Qwen2-VL-7B-Instruct,nf4,fewshot,glare,3,87,beignets,beignets,0.9,0.994864543279012,1,exact,3,Answer: beignets | Confidence: 90
C,Qwen/Qwen2-VL-7B-Instruct,nf4,fewshot,glare,3,88,beignets,beignets,0.9,0.7821227411429087,1,exact,3,Answer: beignets | Confidence: 90
C,Qwen/Qwen2-VL-7B-Instruct,nf4,fewshot,glare,3,89,beignets,bread pudding,0.9,0.7268828898668289,0,contains,2,Answer: bread pudding | Confidence: 90
C,Qwen/Qwen2-VL-7B-Instruct,nf4,fewshot,glare,3,90,beignets,beignets,0.9,0.997912327448527,1,exact,3,Answer: beignets | Confidence: 90
C,Qwen/Qwen2-VL-7B-Instruct,nf4,fewshot,glare,3,91,beignets,beignets,0.9,0.9557116429011028,1,exact,3,Answer: beignets | Confidence: 90
C,Qwen/Qwen2-VL-7B-Instruct,nf4,fewshot,glare,3,92,beignets,pizza,0.9,0.3292573988437652,0,nomatch,1,Answer: pizza | Confidence: 90
C,Qwen/Qwen2-VL-7B-Instruct,nf4,fewshot,glare,3,93,beignets,beignets,0.9,0.9984731276830038,1,exact,3,Answer: beignets | Confidence: 90
C,Qwen/Qwen2-VL-7B-Instruct,nf4,fewshot,glare,3,94,beignets,beignets,0.9,0.9899818102518716,1,exact,3,Answer: beignets | Confidence: 90
C,Qwen/Qwen2-VL-7B-Instruct,nf4,fewshot,glare,3,95,beignets,beignets,0.9,0.9971374273300172,1,exact,3,Answer: beignets | Confidence: 90
C,Qwen/Qwen2-VL-7B-Instruct,nf4,fewshot,glare,3,96,beignets,beignets,0.95,0.9979122281074524,1,exact,3,Answer: beignets | Confidence: 95
C,Qwen/Qwen2-VL-7B-Instruct,nf4,fewshot,glare,3,97,beignets,beignets,0.9,0.92858757575353,1,exact,3,Answer: beignets | Confidence: 90
C,Qwen/Qwen2-VL-7B-Instruct,nf4,fewshot,glare,3,98,beignets,beignets,0.9,0.9455352425575256,1,exact,3,Answer: beignets | Confidence: 90
C,Qwen/Qwen2-VL-7B-Instruct,nf4,fewshot,glare,3,99,beignets,garlic bread,0.9,0.7119290679693222,0,contains,2,Answer: garlic bread | Confidence: 90
C,Qwen/Qwen2-VL-7B-Instruct,nf4,fewshot,jpeg,1,0,beignets,beignets,0.95,0.9981710116068522,1,exact,3,Answer: beignets | Confidence: 95
C,Qwen/Qwen2-VL-7B-Instruct,nf4,fewshot,jpeg,1,1,beignets,beignets,0.9,0.988534450531006,1,exact,3,Answer: beignets | Confidence: 90
C,Qwen/Qwen2-VL-7B-Instruct,nf4,fewshot,jpeg,1,2,beignets,beignets,0.95,0.9990626573562622,1,exact,3,Answer: beignets | Confidence: 95
C,Qwen/Qwen2-VL-7B-Instruct,nf4,fewshot,jpeg,1,3,beignets,beignets,0.95,0.9986861149470012,1,exact,3,Answer: beignets | Confidence: 95
C,Qwen/Qwen2-VL-7B-Instruct,nf4,fewshot,jpeg,1,4,beignets,beignets,0.95,0.9994265039761862,1,exact,3,Answer: beignets | Confidence: 95
C,Qwen/Qwen2-VL-7B-Instruct,nf4,fewshot,jpeg,1,5,beignets,beignets,0.95,0.9987425605456034,1,exact,3,Answer: beignets | Confidence: 95
C,Qwen/Qwen2-VL-7B-Instruct,nf4,fewshot,jpeg,1,6,beignets,beignets,0.95,0.9988863269488016,1,exact,3,Answer: beignets | Confidence: 95
C,Qwen/Qwen2-VL-7B-Instruct,nf4,fewshot,jpeg,1,7,beignets,beignets,0.95,0.9989982644716898,1,exact,3,Answer: beignets | Confidence: 95
C,Qwen/Qwen2-VL-7B-Instruct,nf4,fewshot,jpeg,1,8,beignets,beignets,0.9,0.8741387526194254,1,exact,3,Answer: beignets | Confidence: 90
C,Qwen/Qwen2-VL-7B-Instruct,nf4,fewshot,jpeg,1,9,beignets,beignets,0.95,0.9978239337603252,1,exact,3,Answer: beignets | Confidence: 95
C,Qwen/Qwen2-VL-7B-Instruct,nf4,fewshot,jpeg,1,10,beignets,beignets,0.9,0.980031947294871,1,exact,3,Answer: beignets | Confidence: 90
C,Qwen/Qwen2-VL-7B-Instruct,nf4,fewshot,jpeg,1,11,beignets,beignets,0.95,0.9992671012878418,1,exact,3,Answer: beignets | Confidence: 95
C,Qwen/Qwen2-VL-7B-Instruct,nf4,fewshot,jpeg,1,12,beignets,beignets,0.95,0.997135063012441,1,exact,3,Answer: beignets | Confidence: 95
C,Qwen/Qwen2-VL-7B-Instruct,nf4,fewshot,jpeg,1,13,beignets,beignets,0.95,0.999374012152354,1,exact,3,Answer: beignets | Confidence: 95
C,Qwen/Qwen2-VL-7B-Instruct,nf4,fewshot,jpeg,1,14,beignets,beignets,0.95,0.999215523401896,1,exact,3,Answer: beignets | Confidence: 95
C,Qwen/Qwen2-VL-7B-Instruct,nf4,fewshot,jpeg,1,15,beignets,beignets,0.9,0.9981349309285482,1,exact,3,Answer: beignets | Confidence: 90
C,Qwen/Qwen2-VL-7B-Instruct,nf4,fewshot,jpeg,1,16,beignets,beignets,0.9,0.9975881377855936,1,exact,3,Answer: beignets | Confidence: 90
C,Qwen/Qwen2-VL-7B-Instruct,nf4,fewshot,jpeg,1,17,beignets,beignets,0.95,0.9968846837679544,1,exact,3,Answer: beignets | Confidence: 95
C,Qwen/Qwen2-VL-7B-Instruct,nf4,fewshot,jpeg,1,18,beignets,beignets,0.95,0.9981527725855508,1,exact,3,Answer: beignets | Confidence: 95
C,Qwen/Qwen2-VL-7B-Instruct,nf4,fewshot,jpeg,1,19,beignets,bread,0.95,0.3749324381351471,0,nomatch,1,Answer: bread | Confidence: 95
C,Qwen/Qwen2-VL-7B-Instruct,nf4,fewshot,jpeg,1,20,beignets,beignets,0.95,0.9972267548243204,1,exact,3,Answer: beignets | Confidence: 95
C,Qwen/Qwen2-VL-7B-Instruct,nf4,fewshot,jpeg,1,21,beignets,beignets,0.9,0.9816166957219442,1,exact,3,Answer: beignets | Confidence: 90
C,Qwen/Qwen2-VL-7B-Instruct,nf4,fewshot,jpeg,1,22,beignets,beignets,0.95,0.9967020153999328,1,exact,3,Answer: beignets | Confidence: 95
C,Qwen/Qwen2-VL-7B-Instruct,nf4,fewshot,jpeg,1,23,beignets,beignets,0.95,0.9982752005259196,1,exact,3,Answer: beignets | Confidence: 95
C,Qwen/Qwen2-VL-7B-Instruct,nf4,fewshot,jpeg,1,24,beignets,beignets,0.95,0.9878647724787394,1,exact,3,Answer: beignets | Confidence: 95
C,Qwen/Qwen2-VL-7B-Instruct,nf4,fewshot,jpeg,1,25,beignets,beignets,0.95,0.999012291431427,1,exact,3,Answer: beignets | Confidence: 95
C,Qwen/Qwen2-VL-7B-Instruct,nf4,fewshot,jpeg,1,26,beignets,beignets,0.9,0.9263315200805664,1,exact,3,Answer: beignets | Confidence: 90
C,Qwen/Qwen2-VL-7B-Instruct,nf4,fewshot,jpeg,1,27,beignets,beignets,0.95,0.9984855651855468,1,exact,3,Answer: beignets | Confidence: 95
C,Qwen/Qwen2-VL-7B-Instruct,nf4,fewshot,jpeg,1,28,beignets,beignets,0.95,0.9981149037679036,1,exact,3,Answer: beignets | Confidence: 95
C,Qwen/Qwen2-VL-7B-Instruct,nf4,fewshot,jpeg,1,29,beignets,beignets,0.95,0.9993778069814048,1,exact,3,Answer: beignets | Confidence: 95
C,Qwen/Qwen2-VL-7B-Instruct,nf4,fewshot,jpeg,1,30,beignets,beignets,0.9,0.999145289262136,1,exact,3,Answer: beignets | Confidence: 90
C,Qwen/Qwen2-VL-7B-Instruct,nf4,fewshot,jpeg,1,31,beignets,beignets,0.9,0.91221288839976,1,exact,3,Answer: beignets | Confidence: 90
C,Qwen/Qwen2-VL-7B-Instruct,nf4,fewshot,jpeg,1,32,beignets,beignets,0.9,0.9932018319765726,1,exact,3,Answer: beignets | Confidence: 90
C,Qwen/Qwen2-VL-7B-Instruct,nf4,fewshot,jpeg,1,33,beignets,beignets,0.95,0.9968848625818888,1,exact,3,Answer: beignets | Confidence: 95
C,Qwen/Qwen2-VL-7B-Instruct,nf4,fewshot,jpeg,1,34,beignets,beignets,0.95,0.9978021581967672,1,exact,3,Answer: beignets | Confidence: 95
C,Qwen/Qwen2-VL-7B-Instruct,nf4,fewshot,jpeg,1,35,beignets,beignets,0.9,0.9985000689824424,1,exact,3,Answer: beignets | Confidence: 90
C,Qwen/Qwen2-VL-7B-Instruct,nf4,fewshot,jpeg,1,36,beignets,beignets,0.95,0.9978732069333396,1,exact,3,Answer: beignets | Confidence: 95
C,Qwen/Qwen2-VL-7B-Instruct,nf4,fewshot,jpeg,1,37,beignets,beignets,0.9,0.9951622486114502,1,exact,3,Answer: beignets | Confidence: 90
C,Qwen/Qwen2-VL-7B-Instruct,nf4,fewshot,jpeg,1,38,beignets,beignets,0.95,0.9978434443473816,1,exact,3,Answer: beignets | Confidence: 95
C,Qwen/Qwen2-VL-7B-Instruct,nf4,fewshot,jpeg,1,39,beignets,beignets,0.95,0.9984448154767356,1,exact,3,Answer: beignets | Confidence: 95
C,Qwen/Qwen2-VL-7B-Instruct,nf4,fewshot,jpeg,1,40,beignets,beignets,0.9,0.997739593187968,1,exact,3,Answer: beignets | Confidence: 90
C,Qwen/Qwen2-VL-7B-Instruct,nf4,fewshot,jpeg,1,41,beignets,beignets,0.95,0.9995157519976298,1,exact,3,Answer: beignets | Confidence: 95
C,Qwen/Qwen2-VL-7B-Instruct,nf4,fewshot,jpeg,1,42,beignets,beignets,0.95,0.992720663547516,1,exact,3,Answer: beignets | Confidence: 95
C,Qwen/Qwen2-VL-7B-Instruct,nf4,fewshot,jpeg,1,43,beignets,beignets,0.95,0.9982144435246786,1,exact,3,Answer: beignets | Confidence: 95
C,Qwen/Qwen2-VL-7B-Instruct,nf4,fewshot,jpeg,1,44,beignets,beignets,0.95,0.9991483887036642,1,exact,3,Answer: beignets | Confidence: 95
C,Qwen/Qwen2-VL-7B-Instruct,nf4,fewshot,jpeg,1,45,beignets,beignets,0.95,0.9668826262156168,1,exact,3,Answer: beignets | Confidence: 95
C,Qwen/Qwen2-VL-7B-Instruct,nf4,fewshot,jpeg,1,46,beignets,beignets,0.95,0.9978357752164204,1,exact,3,Answer: beignets | Confidence: 95
C,Qwen/Qwen2-VL-7B-Instruct,nf4,fewshot,jpeg,1,47,beignets,beignets,0.95,0.993939479192098,1,exact,3,Answer: beignets | Confidence: 95
C,Qwen/Qwen2-VL-7B-Instruct,nf4,fewshot,jpeg,1,48,beignets,beignets,0.95,0.999001959959666,1,exact,3,Answer: beignets | Confidence: 95
C,Qwen/Qwen2-VL-7B-Instruct,nf4,fewshot,jpeg,1,49,beignets,beignets,0.95,0.9992348353068032,1,exact,3,Answer: beignets | Confidence: 95
C,Qwen/Qwen2-VL-7B-Instruct,nf4,fewshot,jpeg,1,50,beignets,beignets,0.95,0.9979857206344604,1,exact,3,Answer: beignets | Confidence: 95
C,Qwen/Qwen2-VL-7B-Instruct,nf4,fewshot,jpeg,1,51,beignets,beignets,0.95,0.9973567724227904,1,exact,3,Answer: beignets | Confidence: 95
C,Qwen/Qwen2-VL-7B-Instruct,nf4,fewshot,jpeg,1,52,beignets,beignets,0.95,0.9992703199386596,1,exact,3,Answer: beignets | Confidence: 95
C,Qwen/Qwen2-VL-7B-Instruct,nf4,fewshot,jpeg,1,53,beignets,beignets,0.95,0.9981068968772888,1,exact,3,Answer: beignets | Confidence: 95
C,Qwen/Qwen2-VL-7B-Instruct,nf4,fewshot,jpeg,1,54,beignets,beignets,0.95,0.998628576596578,1,exact,3,Answer: beignets | Confidence: 95
C,Qwen/Qwen2-VL-7B-Instruct,nf4,fewshot,jpeg,1,55,beignets,beignets,0.95,0.9988758365313212,1,exact,3,Answer: beignets | Confidence: 95
C,Qwen/Qwen2-VL-7B-Instruct,nf4,fewshot,jpeg,1,56,beignets,beignets,0.95,0.9972002108891804,1,exact,3,Answer: beignets | Confidence: 95
C,Qwen/Qwen2-VL-7B-Instruct,nf4,fewshot,jpeg,1,57,beignets,beignets,0.95,0.9881684382756551,1,exact,3,Answer: beignets | Confidence: 95
C,Qwen/Qwen2-VL-7B-Instruct,nf4,fewshot,jpeg,1,58,beignets,beignets,0.95,0.9974925518035888,1,exact,3,Answer: beignets | Confidence: 95
C,Qwen/Qwen2-VL-7B-Instruct,nf4,fewshot,jpeg,1,59,beignets,beignets,0.95,0.9973421295483909,1,exact,3,Answer: beignets | Confidence: 95
C,Qwen/Qwen2-VL-7B-Instruct,nf4,fewshot,jpeg,1,60,beignets,strawberry shortcake,0.9,0.8136973877747854,0,contains,3,Answer: strawberry shortcake | Confidence: 90
C,Qwen/Qwen2-VL-7B-Instruct,nf4,fewshot,jpeg,1,61,beignets,beignets,0.95,0.998717705408732,1,exact,3,Answer: beignets | Confidence: 95
C,Qwen/Qwen2-VL-7B-Instruct,nf4,fewshot,jpeg,1,62,beignets,beignets,0.95,0.9943179488182068,1,exact,3,Answer: beignets | Confidence: 95
C,Qwen/Qwen2-VL-7B-Instruct,nf4,fewshot,jpeg,1,63,beignets,beignets,0.9,0.996463437875112,1,exact,3,Answer: beignets | Confidence: 90
C,Qwen/Qwen2-VL-7B-Instruct,nf4,fewshot,jpeg,1,64,beignets,beignets,0.95,0.99857759475708,1,exact,3,Answer: beignets | Confidence: 95
C,Qwen/Qwen2-VL-7B-Instruct,nf4,fewshot,jpeg,1,65,beignets,beignets,0.95,0.9990090529123942,1,exact,3,Answer: beignets | Confidence: 95
C,Qwen/Qwen2-VL-7B-Instruct,nf4,fewshot,jpeg,1,66,beignets,beignets,0.95,0.9977651039759318,1,exact,3,Answer: beignets | Confidence: 95
C,Qwen/Qwen2-VL-7B-Instruct,nf4,fewshot,jpeg,1,67,beignets,beignets,0.9,0.995516002178192,1,exact,3,Answer: beignets | Confidence: 90
C,Qwen/Qwen2-VL-7B-Instruct,nf4,fewshot,jpeg,1,68,beignets,beignets,0.95,0.9984126289685568,1,exact,3,Answer: beignets | Confidence: 95
C,Qwen/Qwen2-VL-7B-Instruct,nf4,fewshot,jpeg,1,69,beignets,beignets,0.95,0.9974135955174764,1,exact,3,Answer: beignets | Confidence: 95
C,Qwen/Qwen2-VL-7B-Instruct,nf4,fewshot,jpeg,1,70,beignets,beignets,0.95,0.9974849820137024,1,exact,3,Answer: beignets | Confidence: 95
C,Qwen/Qwen2-VL-7B-Instruct,nf4,fewshot,jpeg,1,71,beignets,beignets,0.9,0.9983365734418234,1,exact,3,Answer: beignets | Confidence: 90
C,Qwen/Qwen2-VL-7B-Instruct,nf4,fewshot,jpeg,1,72,beignets,beignets,0.95,0.997744063536326,1,exact,3,Answer: beignets | Confidence: 95
C,Qwen/Qwen2-VL-7B-Instruct,nf4,fewshot,jpeg,1,73,beignets,beignets,0.95,0.9990096688270568,1,exact,3,Answer: beignets | Confidence: 95
C,Qwen/Qwen2-VL-7B-Instruct,nf4,fewshot,jpeg,1,74,beignets,beignets,0.95,0.9938093821207682,1,exact,3,Answer: beignets | Confidence: 95
C,Qwen/Qwen2-VL-7B-Instruct,nf4,fewshot,jpeg,1,75,beignets,beignets,0.95,0.9984336694081624,1,exact,3,Answer: beignets | Confidence: 95
C,Qwen/Qwen2-VL-7B-Instruct,nf4,fewshot,jpeg,1,76,beignets,beignets,0.95,0.9977925817171732,1,exact,3,Answer: beignets | Confidence: 95
C,Qwen/Qwen2-VL-7B-Instruct,nf4,fewshot,jpeg,1,77,beignets,beignets,0.95,0.9990418752034506,1,exact,3,Answer: beignets | Confidence: 95
C,Qwen/Qwen2-VL-7B-Instruct,nf4,fewshot,jpeg,1,78,beignets,beignets,0.95,0.9987228711446128,1,exact,3,Answer: beignets | Confidence: 95
C,Qwen/Qwen2-VL-7B-Instruct,nf4,fewshot,jpeg,1,79,beignets,beignets,0.95,0.9990637302398682,1,exact,3,Answer: beignets | Confidence: 95
C,Qwen/Qwen2-VL-7B-Instruct,nf4,fewshot,jpeg,1,80,beignets,beignets,0.95,0.997782568136851,1,exact,3,Answer: beignets | Confidence: 95
C,Qwen/Qwen2-VL-7B-Instruct,nf4,fewshot,jpeg,1,81,beignets,beignets,0.95,0.9919386903444926,1,exact,3,Answer: beignets | Confidence: 95
C,Qwen/Qwen2-VL-7B-Instruct,nf4,fewshot,jpeg,1,82,beignets,beignets,0.95,0.9987388451894124,1,exact,3,Answer: beignets | Confidence: 95
C,Qwen/Qwen2-VL-7B-Instruct,nf4,fewshot,jpeg,1,83,beignets,beignets,0.9,0.9952243566513062,1,exact,3,Answer: beignets | Confidence: 90
C,Qwen/Qwen2-VL-7B-Instruct,nf4,fewshot,jpeg,1,84,beignets,beignets,0.9,0.9895310004552206,1,exact,3,Answer: beignets | Confidence: 90
C,Qwen/Qwen2-VL-7B-Instruct,nf4,fewshot,jpeg,1,85,beignets,beignets,0.95,0.9989140232404072,1,exact,3,Answer: beignets | Confidence: 95
C,Qwen/Qwen2-VL-7B-Instruct,nf4,fewshot,jpeg,1,86,beignets,beignets,0.9,0.9981960455576578,1,exact,3,Answer: beignets | Confidence: 90
C,Qwen/Qwen2-VL-7B-Instruct,nf4,fewshot,jpeg,1,87,beignets,beignets,0.95,0.9978692134221396,1,exact,3,Answer: beignets | Confidence: 95
C,Qwen/Qwen2-VL-7B-Instruct,nf4,fewshot,jpeg,1,88,beignets,beignets,0.9,0.963526487350464,1,exact,3,Answer: beignets | Confidence: 90
C,Qwen/Qwen2-VL-7B-Instruct,nf4,fewshot,jpeg,1,89,beignets,bread pudding,0.95,0.7864028513431549,0,contains,2,Answer: bread pudding | Confidence: 95
C,Qwen/Qwen2-VL-7B-Instruct,nf4,fewshot,jpeg,1,90,beignets,beignets,0.95,0.9984305500984192,1,exact,3,Answer: beignets | Confidence: 95
C,Qwen/Qwen2-VL-7B-Instruct,nf4,fewshot,jpeg,1,91,beignets,beignets,0.95,0.9987573424975076,1,exact,3,Answer: beignets | Confidence: 95
C,Qwen/Qwen2-VL-7B-Instruct,nf4,fewshot,jpeg,1,92,beignets,beignets,0.95,0.9991656343142192,1,exact,3,Answer: beignets | Confidence: 95
C,Qwen/Qwen2-VL-7B-Instruct,nf4,fewshot,jpeg,1,93,beignets,beignets,0.9,0.9982729156812032,1,exact,3,Answer: beignets | Confidence: 90
C,Qwen/Qwen2-VL-7B-Instruct,nf4,fewshot,jpeg,1,94,beignets,beignets,0.95,0.9990836381912231,1,exact,3,Answer: beignets | Confidence: 95
C,Qwen/Qwen2-VL-7B-Instruct,nf4,fewshot,jpeg,1,95,beignets,beignets,0.95,0.9986653725306192,1,exact,3,Answer: beignets | Confidence: 95
C,Qwen/Qwen2-VL-7B-Instruct,nf4,fewshot,jpeg,1,96,beignets,beignets,0.95,0.9975621501604716,1,exact,3,Answer: beignets | Confidence: 95
C,Qwen/Qwen2-VL-7B-Instruct,nf4,fewshot,jpeg,1,97,beignets,beignets,0.9,0.9505807360013326,1,exact,3,Answer: beignets | Confidence: 90
C,Qwen/Qwen2-VL-7B-Instruct,nf4,fewshot,jpeg,1,98,beignets,beignets,0.9,0.9990031719207764,1,exact,3,Answer: beignets | Confidence: 90
C,Qwen/Qwen2-VL-7B-Instruct,nf4,fewshot,jpeg,1,99,beignets,beignets,0.95,0.9992961486180624,1,exact,3,Answer: beignets | Confidence: 95
C,Qwen/Qwen2-VL-7B-Instruct,nf4,fewshot,jpeg,2,0,beignets,beignets,0.95,0.9986122250556946,1,exact,3,Answer: beignets | Confidence: 95
C,Qwen/Qwen2-VL-7B-Instruct,nf4,fewshot,jpeg,2,1,beignets,beignets,0.9,0.9846107363700868,1,exact,3,Answer: beignets | Confidence: 90
C,Qwen/Qwen2-VL-7B-Instruct,nf4,fewshot,jpeg,2,2,beignets,beignets,0.95,0.9992047746976216,1,exact,3,Answer: beignets | Confidence: 95
C,Qwen/Qwen2-VL-7B-Instruct,nf4,fewshot,jpeg,2,3,beignets,beignets,0.95,0.9986578226089478,1,exact,3,Answer: beignets | Confidence: 95
C,Qwen/Qwen2-VL-7B-Instruct,nf4,fewshot,jpeg,2,4,beignets,beignets,0.95,0.9995299379030864,1,exact,3,Answer: beignets | Confidence: 95
C,Qwen/Qwen2-VL-7B-Instruct,nf4,fewshot,jpeg,2,5,beignets,beignets,0.95,0.9992717107137044,1,exact,3,Answer: beignets | Confidence: 95
C,Qwen/Qwen2-VL-7B-Instruct,nf4,fewshot,jpeg,2,6,beignets,beignets,0.95,0.9992567896842957,1,exact,3,Answer: beignets | Confidence: 95
C,Qwen/Qwen2-VL-7B-Instruct,nf4,fewshot,jpeg,2,7,beignets,beignets,0.95,0.9991309444109598,1,exact,3,Answer: beignets | Confidence: 95
C,Qwen/Qwen2-VL-7B-Instruct,nf4,fewshot,jpeg,2,8,beignets,dumplings,0.9,0.769305944442749,0,contains,2,Answer: dumplings | Confidence: 90
C,Qwen/Qwen2-VL-7B-Instruct,nf4,fewshot,jpeg,2,9,beignets,beignets,0.95,0.9982793728510538,1,exact,3,Answer: beignets | Confidence: 95
C,Qwen/Qwen2-VL-7B-Instruct,nf4,fewshot,jpeg,2,10,beignets,beignets,0.9,0.9865697026252748,1,exact,3,Answer: beignets | Confidence: 90
C,Qwen/Qwen2-VL-7B-Instruct,nf4,fewshot,jpeg,2,11,beignets,beignets,0.9,0.998990754286448,1,exact,3,Answer: beignets | Confidence: 90
C,Qwen/Qwen2-VL-7B-Instruct,nf4,fewshot,jpeg,2,12,beignets,beignets,0.95,0.9975553949673972,1,exact,3,Answer: beignets | Confidence: 95
C,Qwen/Qwen2-VL-7B-Instruct,nf4,fewshot,jpeg,2,13,beignets,beignets,0.95,0.9993965824445088,1,exact,3,Answer: beignets | Confidence: 95
C,Qwen/Qwen2-VL-7B-Instruct,nf4,fewshot,jpeg,2,14,beignets,beignets,0.95,0.9994642933209738,1,exact,3,Answer: beignets | Confidence: 95
C,Qwen/Qwen2-VL-7B-Instruct,nf4,fewshot,jpeg,2,15,beignets,beignets,0.9,0.9985280632972716,1,exact,3,Answer: beignets | Confidence: 90
C,Qwen/Qwen2-VL-7B-Instruct,nf4,fewshot,jpeg,2,16,beignets,beignets,0.95,0.9982798298199972,1,exact,3,Answer: beignets | Confidence: 95
C,Qwen/Qwen2-VL-7B-Instruct,nf4,fewshot,jpeg,2,17,beignets,beignets,0.95,0.997822086016337,1,exact,3,Answer: beignets | Confidence: 95
C,Qwen/Qwen2-VL-7B-Instruct,nf4,fewshot,jpeg,2,18,beignets,beignets,0.95,0.9984683593114216,1,exact,3,Answer: beignets | Confidence: 95
C,Qwen/Qwen2-VL-7B-Instruct,nf4,fewshot,jpeg,2,19,beignets,beignets,0.9,0.7448550661404928,1,exact,3,Answer: beignets | Confidence: 90
C,Qwen/Qwen2-VL-7B-Instruct,nf4,fewshot,jpeg,2,20,beignets,beignets,0.9,0.989132046699524,1,exact,3,Answer: beignets | Confidence: 90
C,Qwen/Qwen2-VL-7B-Instruct,nf4,fewshot,jpeg,2,21,beignets,beignets,0.9,0.9884337385495504,1,exact,3,Answer: beignets | Confidence: 90
C,Qwen/Qwen2-VL-7B-Instruct,nf4,fewshot,jpeg,2,22,beignets,beignets,0.9,0.9937644402186075,1,exact,3,Answer: beignets | Confidence: 90
C,Qwen/Qwen2-VL-7B-Instruct,nf4,fewshot,jpeg,2,23,beignets,beignets,0.9,0.9981337189674376,1,exact,3,Answer: beignets | Confidence: 90
C,Qwen/Qwen2-VL-7B-Instruct,nf4,fewshot,jpeg,2,24,beignets,beignets,0.95,0.997720201810201,1,exact,3,Answer: beignets | Confidence: 95
C,Qwen/Qwen2-VL-7B-Instruct,nf4,fewshot,jpeg,2,25,beignets,beignets,0.95,0.9990020394325256,1,exact,3,Answer: beignets | Confidence: 95
C,Qwen/Qwen2-VL-7B-Instruct,nf4,fewshot,jpeg,2,26,beignets,beignets,0.95,0.9908692042032876,1,exact,3,Answer: beignets | Confidence: 95
C,Qwen/Qwen2-VL-7B-Instruct,nf4,fewshot,jpeg,2,27,beignets,beignets,0.95,0.9988354047139486,1,exact,3,Answer: beignets | Confidence: 95
C,Qwen/Qwen2-VL-7B-Instruct,nf4,fewshot,jpeg,2,28,beignets,beignets,0.95,0.9988808433214824,1,exact,3,Answer: beignets | Confidence: 95
C,Qwen/Qwen2-VL-7B-Instruct,nf4,fewshot,jpeg,2,29,beignets,beignets,0.95,0.99953426917394,1,exact,3,Answer: beignets | Confidence: 95
C,Qwen/Qwen2-VL-7B-Instruct,nf4,fewshot,jpeg,2,30,beignets,beignets,0.95,0.9993104338645936,1,exact,3,Answer: beignets | Confidence: 95
C,Qwen/Qwen2-VL-7B-Instruct,nf4,fewshot,jpeg,2,31,beignets,creme brulee,0.9,0.9360711216926576,0,contains,5,Answer: creme brulee | Confidence: 90
C,Qwen/Qwen2-VL-7B-Instruct,nf4,fewshot,jpeg,2,32,beignets,beignets,0.95,0.995206356048584,1,exact,3,Answer: beignets | Confidence: 95
C,Qwen/Qwen2-VL-7B-Instruct,nf4,fewshot,jpeg,2,33,beignets,beignets,0.95,0.996780514717102,1,exact,3,Answer: beignets | Confidence: 95
C,Qwen/Qwen2-VL-7B-Instruct,nf4,fewshot,jpeg,2,34,beignets,beignets,0.95,0.998097856839498,1,exact,3,Answer: beignets | Confidence: 95
C,Qwen/Qwen2-VL-7B-Instruct,nf4,fewshot,jpeg,2,35,beignets,beignets,0.9,0.9958186546961466,1,exact,3,Answer: beignets | Confidence: 90
C,Qwen/Qwen2-VL-7B-Instruct,nf4,fewshot,jpeg,2,36,beignets,beignets,0.95,0.9985555211702982,1,exact,3,Answer: beignets | Confidence: 95
C,Qwen/Qwen2-VL-7B-Instruct,nf4,fewshot,jpeg,2,37,beignets,beignets,0.95,0.9952079653739928,1,exact,3,Answer: beignets | Confidence: 95
C,Qwen/Qwen2-VL-7B-Instruct,nf4,fewshot,jpeg,2,38,beignets,beignets,0.95,0.9987674752871196,1,exact,3,Answer: beignets | Confidence: 95
C,Qwen/Qwen2-VL-7B-Instruct,nf4,fewshot,jpeg,2,39,beignets,beignets,0.95,0.9980441530545552,1,exact,3,Answer: beignets | Confidence: 95
C,Qwen/Qwen2-VL-7B-Instruct,nf4,fewshot,jpeg,2,40,beignets,beignets,0.95,0.9982421199480692,1,exact,3,Answer: beignets | Confidence: 95
C,Qwen/Qwen2-VL-7B-Instruct,nf4,fewshot,jpeg,2,41,beignets,beignets,0.95,0.9994476238886516,1,exact,3,Answer: beignets | Confidence: 95
C,Qwen/Qwen2-VL-7B-Instruct,nf4,fewshot,jpeg,2,42,beignets,beignets,0.95,0.9939094384511312,1,exact,3,Answer: beignets | Confidence: 95
C,Qwen/Qwen2-VL-7B-Instruct,nf4,fewshot,jpeg,2,43,beignets,beignets,0.95,0.9985247453053792,1,exact,3,Answer: beignets | Confidence: 95
C,Qwen/Qwen2-VL-7B-Instruct,nf4,fewshot,jpeg,2,44,beignets,beignets,0.95,0.999251921971639,1,exact,3,Answer: beignets | Confidence: 95
C,Qwen/Qwen2-VL-7B-Instruct,nf4,fewshot,jpeg,2,45,beignets,beignets,0.95,0.8833381136258444,1,exact,3,Answer: beignets | Confidence: 95
C,Qwen/Qwen2-VL-7B-Instruct,nf4,fewshot,jpeg,2,46,beignets,beignets,0.9,0.9981552163759868,1,exact,3,Answer: beignets | Confidence: 90
C,Qwen/Qwen2-VL-7B-Instruct,nf4,fewshot,jpeg,2,47,beignets,beignets,0.95,0.9937193592389424,1,exact,3,Answer: beignets | Confidence: 95
C,Qwen/Qwen2-VL-7B-Instruct,nf4,fewshot,jpeg,2,48,beignets,beignets,0.95,0.99905530611674,1,exact,3,Answer: beignets | Confidence: 95
C,Qwen/Qwen2-VL-7B-Instruct,nf4,fewshot,jpeg,2,49,beignets,beignets,0.95,0.9994147419929504,1,exact,3,Answer: beignets | Confidence: 95
C,Qwen/Qwen2-VL-7B-Instruct,nf4,fewshot,jpeg,2,50,beignets,beignets,0.9,0.9900234738985696,1,exact,3,Answer: beignets | Confidence: 90
C,Qwen/Qwen2-VL-7B-Instruct,nf4,fewshot,jpeg,2,51,beignets,beignets,0.95,0.9969045321146648,1,exact,3,Answer: beignets | Confidence: 95
C,Qwen/Qwen2-VL-7B-Instruct,nf4,fewshot,jpeg,2,52,beignets,beignets,0.95,0.9992614189783732,1,exact,3,Answer: beignets | Confidence: 95
C,Qwen/Qwen2-VL-7B-Instruct,nf4,fewshot,jpeg,2,53,beignets,beignets,0.95,0.9982966979344686,1,exact,3,Answer: beignets | Confidence: 95
C,Qwen/Qwen2-VL-7B-Instruct,nf4,fewshot,jpeg,2,54,beignets,beignets,0.95,0.9989887674649556,1,exact,3,Answer: beignets | Confidence: 95
C,Qwen/Qwen2-VL-7B-Instruct,nf4,fewshot,jpeg,2,55,beignets,beignets,0.95,0.999207595984141,1,exact,3,Answer: beignets | Confidence: 95
C,Qwen/Qwen2-VL-7B-Instruct,nf4,fewshot,jpeg,2,56,beignets,beignets,0.9,0.97950412829717,1,exact,3,Answer: beignets | Confidence: 90
C,Qwen/Qwen2-VL-7B-Instruct,nf4,fewshot,jpeg,2,57,beignets,beignets,0.95,0.985210100809733,1,exact,3,Answer: beignets | Confidence: 95
C,Qwen/Qwen2-VL-7B-Instruct,nf4,fewshot,jpeg,2,58,beignets,beignets,0.95,0.997874915599823,1,exact,3,Answer: beignets | Confidence: 95
C,Qwen/Qwen2-VL-7B-Instruct,nf4,fewshot,jpeg,2,59,beignets,beignets,0.9,0.996369500954946,1,exact,3,Answer: beignets | Confidence: 90
C,Qwen/Qwen2-VL-7B-Instruct,nf4,fewshot,jpeg,2,60,beignets,bread,0.9,0.2643251121044159,0,nomatch,1,Answer: bread | Confidence: 90
C,Qwen/Qwen2-VL-7B-Instruct,nf4,fewshot,jpeg,2,61,beignets,beignets,0.95,0.99911097685496,1,exact,3,Answer: beignets | Confidence: 95
C,Qwen/Qwen2-VL-7B-Instruct,nf4,fewshot,jpeg,2,62,beignets,beignets,0.95,0.9949591358502706,1,exact,3,Answer: beignets | Confidence: 95
C,Qwen/Qwen2-VL-7B-Instruct,nf4,fewshot,jpeg,2,63,beignets,beignets,0.9,0.994949221611023,1,exact,3,Answer: beignets | Confidence: 90
C,Qwen/Qwen2-VL-7B-Instruct,nf4,fewshot,jpeg,2,64,beignets,beignets,0.95,0.998612384001414,1,exact,3,Answer: beignets | Confidence: 95
C,Qwen/Qwen2-VL-7B-Instruct,nf4,fewshot,jpeg,2,65,beignets,beignets,0.95,0.9993070761362712,1,exact,3,Answer: beignets | Confidence: 95
C,Qwen/Qwen2-VL-7B-Instruct,nf4,fewshot,jpeg,2,66,beignets,beignets,0.95,0.997248351573944,1,exact,3,Answer: beignets | Confidence: 95
C,Qwen/Qwen2-VL-7B-Instruct,nf4,fewshot,jpeg,2,67,beignets,beignets,0.9,0.9961807131767272,1,exact,3,Answer: beignets | Confidence: 90
C,Qwen/Qwen2-VL-7B-Instruct,nf4,fewshot,jpeg,2,68,beignets,beignets,0.95,0.9987359841664633,1,exact,3,Answer: beignets | Confidence: 95
C,Qwen/Qwen2-VL-7B-Instruct,nf4,fewshot,jpeg,2,69,beignets,beignets,0.95,0.9978728095690408,1,exact,3,Answer: beignets | Confidence: 95
C,Qwen/Qwen2-VL-7B-Instruct,nf4,fewshot,jpeg,2,70,beignets,beignets,0.95,0.9978110194206238,1,exact,3,Answer: beignets | Confidence: 95
C,Qwen/Qwen2-VL-7B-Instruct,nf4,fewshot,jpeg,2,71,beignets,beignets,0.95,0.9980525970458984,1,exact,3,Answer: beignets | Confidence: 95
C,Qwen/Qwen2-VL-7B-Instruct,nf4,fewshot,jpeg,2,72,beignets,beignets,0.95,0.9979933897654216,1,exact,3,Answer: beignets | Confidence: 95
C,Qwen/Qwen2-VL-7B-Instruct,nf4,fewshot,jpeg,2,73,beignets,beignets,0.95,0.9992064634958904,1,exact,3,Answer: beignets | Confidence: 95
C,Qwen/Qwen2-VL-7B-Instruct,nf4,fewshot,jpeg,2,74,beignets,beignets,0.95,0.9940738677978516,1,exact,3,Answer: beignets | Confidence: 95
C,Qwen/Qwen2-VL-7B-Instruct,nf4,fewshot,jpeg,2,75,beignets,beignets,0.95,0.99855375289917,1,exact,3,Answer: beignets | Confidence: 95
C,Qwen/Qwen2-VL-7B-Instruct,nf4,fewshot,jpeg,2,76,beignets,beignets,0.95,0.9984210530916848,1,exact,3,Answer: beignets | Confidence: 95
C,Qwen/Qwen2-VL-7B-Instruct,nf4,fewshot,jpeg,2,77,beignets,beignets,0.95,0.9986773530642192,1,exact,3,Answer: beignets | Confidence: 95
C,Qwen/Qwen2-VL-7B-Instruct,nf4,fewshot,jpeg,2,78,beignets,beignets,0.95,0.9987758795420328,1,exact,3,Answer: beignets | Confidence: 95
C,Qwen/Qwen2-VL-7B-Instruct,nf4,fewshot,jpeg,2,79,beignets,beignets,0.95,0.9994196891784668,1,exact,3,Answer: beignets | Confidence: 95
C,Qwen/Qwen2-VL-7B-Instruct,nf4,fewshot,jpeg,2,80,beignets,beignets,0.95,0.9979133605957032,1,exact,3,Answer: beignets | Confidence: 95
C,Qwen/Qwen2-VL-7B-Instruct,nf4,fewshot,jpeg,2,81,beignets,beignets,0.95,0.9926095008850098,1,exact,3,Answer: beignets | Confidence: 95
C,Qwen/Qwen2-VL-7B-Instruct,nf4,fewshot,jpeg,2,82,beignets,beignets,0.95,0.9992869893709818,1,exact,3,Answer: beignets | Confidence: 95
C,Qwen/Qwen2-VL-7B-Instruct,nf4,fewshot,jpeg,2,83,beignets,beignets,0.9,0.9615591963132224,1,exact,3,Answer: beignets | Confidence: 90
C,Qwen/Qwen2-VL-7B-Instruct,nf4,fewshot,jpeg,2,84,beignets,beignets,0.9,0.9765845139821372,1,exact,3,Answer: beignets | Confidence: 90
C,Qwen/Qwen2-VL-7B-Instruct,nf4,fewshot,jpeg,2,85,beignets,beignets,0.95,0.9984473983446756,1,exact,3,Answer: beignets | Confidence: 95
C,Qwen/Qwen2-VL-7B-Instruct,nf4,fewshot,jpeg,2,86,beignets,beignets,0.9,0.99871430794398,1,exact,3,Answer: beignets | Confidence: 90
C,Qwen/Qwen2-VL-7B-Instruct,nf4,fewshot,jpeg,2,87,beignets,beignets,0.95,0.9980246623357136,1,exact,3,Answer: beignets | Confidence: 95
C,Qwen/Qwen2-VL-7B-Instruct,nf4,fewshot,jpeg,2,88,beignets,bread pudding,0.9,0.7081205695867538,0,contains,2,Answer: bread pudding | Confidence: 90
C,Qwen/Qwen2-VL-7B-Instruct,nf4,fewshot,jpeg,2,89,beignets,bread pudding,0.9,0.8496673107147217,0,contains,2,Answer: bread pudding | Confidence: 90
C,Qwen/Qwen2-VL-7B-Instruct,nf4,fewshot,jpeg,2,90,beignets,beignets,0.95,0.9984876116116842,1,exact,3,Answer: beignets | Confidence: 95
C,Qwen/Qwen2-VL-7B-Instruct,nf4,fewshot,jpeg,2,91,beignets,beignets,0.95,0.998920758565267,1,exact,3,Answer: beignets | Confidence: 95
C,Qwen/Qwen2-VL-7B-Instruct,nf4,fewshot,jpeg,2,92,beignets,beignets,0.9,0.997445285320282,1,exact,3,Answer: beignets | Confidence: 90
C,Qwen/Qwen2-VL-7B-Instruct,nf4,fewshot,jpeg,2,93,beignets,beignets,0.9,0.9986289739608764,1,exact,3,Answer: beignets | Confidence: 90
C,Qwen/Qwen2-VL-7B-Instruct,nf4,fewshot,jpeg,2,94,beignets,beignets,0.95,0.9991910656293234,1,exact,3,Answer: beignets | Confidence: 95
C,Qwen/Qwen2-VL-7B-Instruct,nf4,fewshot,jpeg,2,95,beignets,beignets,0.95,0.9990768829981486,1,exact,3,Answer: beignets | Confidence: 95
C,Qwen/Qwen2-VL-7B-Instruct,nf4,fewshot,jpeg,2,96,beignets,beignets,0.95,0.9979539314905802,1,exact,3,Answer: beignets | Confidence: 95
C,Qwen/Qwen2-VL-7B-Instruct,nf4,fewshot,jpeg,2,97,beignets,beignets,0.9,0.936448891957601,1,exact,3,Answer: beignets | Confidence: 90
C,Qwen/Qwen2-VL-7B-Instruct,nf4,fewshot,jpeg,2,98,beignets,beignets,0.9,0.9990119735399882,1,exact,3,Answer: beignets | Confidence: 90
C,Qwen/Qwen2-VL-7B-Instruct,nf4,fewshot,jpeg,2,99,beignets,beignets,0.95,0.9993866880734762,1,exact,3,Answer: beignets | Confidence: 95
C,Qwen/Qwen2-VL-7B-Instruct,nf4,fewshot,jpeg,3,0,beignets,beignets,0.9,0.9924084146817526,1,exact,3,Answer: beignets | Confidence: 90
C,Qwen/Qwen2-VL-7B-Instruct,nf4,fewshot,jpeg,3,1,beignets,bread,0.9,0.6829321980476379,0,nomatch,1,Answer: bread | Confidence: 90
C,Qwen/Qwen2-VL-7B-Instruct,nf4,fewshot,jpeg,3,2,beignets,beignets,0.95,0.9988336364428202,1,exact,3,Answer: beignets | Confidence: 95
C,Qwen/Qwen2-VL-7B-Instruct,nf4,fewshot,jpeg,3,3,beignets,beignets,0.9,0.9317277669906616,1,exact,3,Answer: beignets | Confidence: 90
C,Qwen/Qwen2-VL-7B-Instruct,nf4,fewshot,jpeg,3,4,beignets,beignets,0.95,0.9994253714879354,1,exact,3,Answer: beignets | Confidence: 95
C,Qwen/Qwen2-VL-7B-Instruct,nf4,fewshot,jpeg,3,5,beignets,beignets,0.95,0.9988411863644918,1,exact,3,Answer: beignets | Confidence: 95
C,Qwen/Qwen2-VL-7B-Instruct,nf4,fewshot,jpeg,3,6,beignets,beignets,0.95,0.999242921670278,1,exact,3,Answer: beignets | Confidence: 95
C,Qwen/Qwen2-VL-7B-Instruct,nf4,fewshot,jpeg,3,7,beignets,beignets,0.95,0.9989937345186868,1,exact,3,Answer: beignets | Confidence: 95
C,Qwen/Qwen2-VL-7B-Instruct,nf4,fewshot,jpeg,3,8,beignets,fried calamari,0.9,0.7827359239260355,0,contains,3,Answer: fried calamari | Confidence: 90
C,Qwen/Qwen2-VL-7B-Instruct,nf4,fewshot,jpeg,3,9,beignets,beignets,0.95,0.9979482293128968,1,exact,3,Answer: beignets | Confidence: 95
C,Qwen/Qwen2-VL-7B-Instruct,nf4,fewshot,jpeg,3,10,beignets,beignets,0.9,0.9823964238166808,1,exact,3,Answer: beignets | Confidence: 90
C,Qwen/Qwen2-VL-7B-Instruct,nf4,fewshot,jpeg,3,11,beignets,beignets,0.95,0.9988335967063904,1,exact,3,Answer: beignets | Confidence: 95
C,Qwen/Qwen2-VL-7B-Instruct,nf4,fewshot,jpeg,3,12,beignets,beignets,0.9,0.969190239906311,1,exact,3,Answer: beignets | Confidence: 90
C,Qwen/Qwen2-VL-7B-Instruct,nf4,fewshot,jpeg,3,13,beignets,beignets,0.95,0.9993730584780376,1,exact,3,Answer: beignets | Confidence: 95
C,Qwen/Qwen2-VL-7B-Instruct,nf4,fewshot,jpeg,3,14,beignets,beignets,0.95,0.9995749990145364,1,exact,3,Answer: beignets | Confidence: 95
C,Qwen/Qwen2-VL-7B-Instruct,nf4,fewshot,jpeg,3,15,beignets,beignets,0.9,0.9847546815872192,1,exact,3,Answer: beignets | Confidence: 90
C,Qwen/Qwen2-VL-7B-Instruct,nf4,fewshot,jpeg,3,16,beignets,beignets,0.9,0.8067028323809305,1,exact,3,Answer: beignets | Confidence: 90
C,Qwen/Qwen2-VL-7B-Instruct,nf4,fewshot,jpeg,3,17,beignets,beignets,0.95,0.9973299900690714,1,exact,3,Answer: beignets | Confidence: 95
C,Qwen/Qwen2-VL-7B-Instruct,nf4,fewshot,jpeg,3,18,beignets,beignets,0.95,0.996092677116394,1,exact,3,Answer: beignets | Confidence: 95
C,Qwen/Qwen2-VL-7B-Instruct,nf4,fewshot,jpeg,3,19,beignets,prime rib,0.9,0.7858882248401642,0,contains,2,Answer: prime rib | Confidence: 90
C,Qwen/Qwen2-VL-7B-Instruct,nf4,fewshot,jpeg,3,20,beignets,beignets,0.9,0.8394266168276469,1,exact,3,Answer: beignets | Confidence: 90
C,Qwen/Qwen2-VL-7B-Instruct,nf4,fewshot,jpeg,3,21,beignets,beignets,0.9,0.8740113774935404,1,exact,3,Answer: beignets | Confidence: 90
C,Qwen/Qwen2-VL-7B-Instruct,nf4,fewshot,jpeg,3,22,beignets,pizza,0.9,0.4216241538524627,0,nomatch,1,Answer: pizza | Confidence: 90
C,Qwen/Qwen2-VL-7B-Instruct,nf4,fewshot,jpeg,3,23,beignets,beignets,0.9,0.9597786863644918,1,exact,3,Answer: beignets | Confidence: 90
C,Qwen/Qwen2-VL-7B-Instruct,nf4,fewshot,jpeg,3,24,beignets,cannoli,0.9,0.6908533126115799,0,contains,2,Answer: cannoli | Confidence: 90
C,Qwen/Qwen2-VL-7B-Instruct,nf4,fewshot,jpeg,3,25,beignets,beignets,0.95,0.998876949151357,1,exact,3,Answer: beignets | Confidence: 95
C,Qwen/Qwen2-VL-7B-Instruct,nf4,fewshot,jpeg,3,26,beignets,beignets,0.9,0.9433176716168722,1,exact,3,Answer: beignets | Confidence: 90
C,Qwen/Qwen2-VL-7B-Instruct,nf4,fewshot,jpeg,3,27,beignets,beignets,0.9,0.995104710261027,1,exact,3,Answer: beignets | Confidence: 90
C,Qwen/Qwen2-VL-7B-Instruct,nf4,fewshot,jpeg,3,28,beignets,beignets,0.95,0.9982376495997112,1,exact,3,Answer: beignets | Confidence: 95
C,Qwen/Qwen2-VL-7B-Instruct,nf4,fewshot,jpeg,3,29,beignets,beignets,0.95,0.9989637136459352,1,exact,3,Answer: beignets | Confidence: 95
C,Qwen/Qwen2-VL-7B-Instruct,nf4,fewshot,jpeg,3,30,beignets,beignets,0.9,0.9199116230010986,1,exact,3,Answer: beignets | Confidence: 90
C,Qwen/Qwen2-VL-7B-Instruct,nf4,fewshot,jpeg,3,31,beignets,creme brulee,0.9,0.9794697046279908,0,contains,5,Answer: creme brulee | Confidence: 90
C,Qwen/Qwen2-VL-7B-Instruct,nf4,fewshot,jpeg,3,32,beignets,beignets,0.9,0.9925326108932496,1,exact,3,Answer: beignets | Confidence: 90
C,Qwen/Qwen2-VL-7B-Instruct,nf4,fewshot,jpeg,3,33,beignets,beignets,0.95,0.9972826441129048,1,exact,3,Answer: beignets | Confidence: 95
C,Qwen/Qwen2-VL-7B-Instruct,nf4,fewshot,jpeg,3,34,beignets,beignets,0.9,0.9913231134414672,1,exact,3,Answer: beignets | Confidence: 90
C,Qwen/Qwen2-VL-7B-Instruct,nf4,fewshot,jpeg,3,35,beignets,beignets,0.9,0.8350982864697775,1,exact,3,Answer: beignets | Confidence: 90
C,Qwen/Qwen2-VL-7B-Instruct,nf4,fewshot,jpeg,3,36,beignets,fried calamari,0.9,0.8503499825795492,0,contains,3,Answer: fried calamari | Confidence: 90
C,Qwen/Qwen2-VL-7B-Instruct,nf4,fewshot,jpeg,3,37,beignets,beignets,0.9,0.994430402914683,1,exact,3,Answer: beignets | Confidence: 90
C,Qwen/Qwen2-VL-7B-Instruct,nf4,fewshot,jpeg,3,38,beignets,beignets,0.95,0.9971714814503988,1,exact,3,Answer: beignets | Confidence: 95
C,Qwen/Qwen2-VL-7B-Instruct,nf4,fewshot,jpeg,3,39,beignets,beignets,0.9,0.9975393414497375,1,exact,3,Answer: beignets | Confidence: 90
C,Qwen/Qwen2-VL-7B-Instruct,nf4,fewshot,jpeg,3,40,beignets,beignets,0.9,0.8846193552017212,1,exact,3,Answer: beignets | Confidence: 90
C,Qwen/Qwen2-VL-7B-Instruct,nf4,fewshot,jpeg,3,41,beignets,beignets,0.95,0.9992149670918784,1,exact,3,Answer: beignets | Confidence: 95
C,Qwen/Qwen2-VL-7B-Instruct,nf4,fewshot,jpeg,3,42,beignets,beignets,0.95,0.9673457344373068,1,exact,3,Answer: beignets | Confidence: 95
C,Qwen/Qwen2-VL-7B-Instruct,nf4,fewshot,jpeg,3,43,beignets,beignets,0.95,0.9981620113054912,1,exact,3,Answer: beignets | Confidence: 95
C,Qwen/Qwen2-VL-7B-Instruct,nf4,fewshot,jpeg,3,44,beignets,beignets,0.95,0.9976690808931986,1,exact,3,Answer: beignets | Confidence: 95
C,Qwen/Qwen2-VL-7B-Instruct,nf4,fewshot,jpeg,3,45,beignets,french toast,0.95,0.7156297564506531,0,contains,2,Answer: french toast | Confidence: 95
C,Qwen/Qwen2-VL-7B-Instruct,nf4,fewshot,jpeg,3,46,beignets,beignets,0.9,0.9972179532051086,1,exact,3,Answer: beignets | Confidence: 90
C,Qwen/Qwen2-VL-7B-Instruct,nf4,fewshot,jpeg,3,47,beignets,scallops,0.9,0.7075657397508621,0,contains,2,Answer: scallops | Confidence: 90
C,Qwen/Qwen2-VL-7B-Instruct,nf4,fewshot,jpeg,3,48,beignets,beignets,0.95,0.9988941748936973,1,exact,3,Answer: beignets | Confidence: 95
C,Qwen/Qwen2-VL-7B-Instruct,nf4,fewshot,jpeg,3,49,beignets,beignets,0.95,0.9992711146672568,1,exact,3,Answer: beignets | Confidence: 95
C,Qwen/Qwen2-VL-7B-Instruct,nf4,fewshot,jpeg,3,50,beignets,beignets,0.9,0.8272835711638132,1,exact,3,Answer: beignets | Confidence: 90
C,Qwen/Qwen2-VL-7B-Instruct,nf4,fewshot,jpeg,3,51,beignets,beignets,0.9,0.9293770790100098,1,exact,3,Answer: beignets | Confidence: 90
C,Qwen/Qwen2-VL-7B-Instruct,nf4,fewshot,jpeg,3,52,beignets,beignets,0.95,0.998293399810791,1,exact,3,Answer: beignets | Confidence: 95
C,Qwen/Qwen2-VL-7B-Instruct,nf4,fewshot,jpeg,3,53,beignets,beignets,0.95,0.998269518216451,1,exact,3,Answer: beignets | Confidence: 95
C,Qwen/Qwen2-VL-7B-Instruct,nf4,fewshot,jpeg,3,54,beignets,beignets,0.95,0.9973031083742776,1,exact,3,Answer: beignets | Confidence: 95
C,Qwen/Qwen2-VL-7B-Instruct,nf4,fewshot,jpeg,3,55,beignets,beignets,0.95,0.9986842274665833,1,exact,3,Answer: beignets | Confidence: 95
C,Qwen/Qwen2-VL-7B-Instruct,nf4,fewshot,jpeg,3,56,beignets,pizza,0.9,0.945605456829071,0,contains,1,Answer: pizza | Confidence: 90
C,Qwen/Qwen2-VL-7B-Instruct,nf4,fewshot,jpeg,3,57,beignets,fried calamari,0.9,0.8386436899503072,0,contains,3,Answer: fried calamari | Confidence: 90
C,Qwen/Qwen2-VL-7B-Instruct,nf4,fewshot,jpeg,3,58,beignets,beignets,0.95,0.997930943965912,1,exact,3,Answer: beignets | Confidence: 95
C,Qwen/Qwen2-VL-7B-Instruct,nf4,fewshot,jpeg,3,59,beignets,beignets,0.9,0.9566614031791688,1,exact,3,Answer: beignets | Confidence: 90
C,Qwen/Qwen2-VL-7B-Instruct,nf4,fewshot,jpeg,3,60,beignets,strawberry shortcake,0.9,0.7448971817890803,0,contains,3,Answer: strawberry shortcake | Confidence: 90
C,Qwen/Qwen2-VL-7B-Instruct,nf4,fewshot,jpeg,3,61,beignets,beignets,0.9,0.9940662185351054,1,exact,3,Answer: beignets | Confidence: 90
C,Qwen/Qwen2-VL-7B-Instruct,nf4,fewshot,jpeg,3,62,beignets,beignets,0.95,0.986324151357015,1,exact,3,Answer: beignets | Confidence: 95
C,Qwen/Qwen2-VL-7B-Instruct,nf4,fewshot,jpeg,3,63,beignets,beignets,0.9,0.8752508958180746,1,exact,3,Answer: beignets | Confidence: 90
C,Qwen/Qwen2-VL-7B-Instruct,nf4,fewshot,jpeg,3,64,beignets,beignets,0.9,0.9974370002746582,1,exact,3,Answer: beignets | Confidence: 90
C,Qwen/Qwen2-VL-7B-Instruct,nf4,fewshot,jpeg,3,65,beignets,beignets,0.95,0.9992103179295858,1,exact,3,Answer: beignets | Confidence: 95
C,Qwen/Qwen2-VL-7B-Instruct,nf4,fewshot,jpeg,3,66,beignets,beignets,0.9,0.9901671409606934,1,exact,3,Answer: beignets | Confidence: 90
C,Qwen/Qwen2-VL-7B-Instruct,nf4,fewshot,jpeg,3,67,beignets,pizza,0.9,0.8251538276672363,0,nomatch,1,Answer: pizza | Confidence: 90
C,Qwen/Qwen2-VL-7B-Instruct,nf4,fewshot,jpeg,3,68,beignets,beignets,0.9,0.904854416847229,1,exact,3,Answer: beignets | Confidence: 90
C,Qwen/Qwen2-VL-7B-Instruct,nf4,fewshot,jpeg,3,69,beignets,beignets,0.9,0.9761487444241842,1,exact,3,Answer: beignets | Confidence: 90
C,Qwen/Qwen2-VL-7B-Instruct,nf4,fewshot,jpeg,3,70,beignets,beignets,0.95,0.9978113571802776,1,exact,3,Answer: beignets | Confidence: 95
C,Qwen/Qwen2-VL-7B-Instruct,nf4,fewshot,jpeg,3,71,beignets,beignets,0.9,0.903361181418101,1,exact,3,Answer: beignets | Confidence: 90
C,Qwen/Qwen2-VL-7B-Instruct,nf4,fewshot,jpeg,3,72,beignets,beignets,0.95,0.9975484808286031,1,exact,3,Answer: beignets | Confidence: 95
C,Qwen/Qwen2-VL-7B-Instruct,nf4,fewshot,jpeg,3,73,beignets,beignets,0.95,0.9994733532269796,1,exact,3,Answer: beignets | Confidence: 95
C,Qwen/Qwen2-VL-7B-Instruct,nf4,fewshot,jpeg,3,74,beignets,beignets,0.9,0.8241466184457144,1,exact,3,Answer: beignets | Confidence: 90
C,Qwen/Qwen2-VL-7B-Instruct,nf4,fewshot,jpeg,3,75,beignets,beignets,0.9,0.9140380223592124,1,exact,3,Answer: beignets | Confidence: 90
C,Qwen/Qwen2-VL-7B-Instruct,nf4,fewshot,jpeg,3,76,beignets,beignets,0.95,0.9984085957209268,1,exact,3,Answer: beignets | Confidence: 95
C,Qwen/Qwen2-VL-7B-Instruct,nf4,fewshot,jpeg,3,77,beignets,fried rice,0.9,0.7949943244457245,0,contains,2,Answer: fried rice | Confidence: 90
C,Qwen/Qwen2-VL-7B-Instruct,nf4,fewshot,jpeg,3,78,beignets,beignets,0.9,0.9961562156677246,1,exact,3,Answer: beignets | Confidence: 90
C,Qwen/Qwen2-VL-7B-Instruct,nf4,fewshot,jpeg,3,79,beignets,beignets,0.9,0.7772622406482697,1,exact,3,Answer: beignets | Confidence: 90
C,Qwen/Qwen2-VL-7B-Instruct,nf4,fewshot,jpeg,3,80,beignets,beignets,0.95,0.9980677564938863,1,exact,3,Answer: beignets | Confidence: 95
C,Qwen/Qwen2-VL-7B-Instruct,nf4,fewshot,jpeg,3,81,beignets,beignets,0.95,0.9962407946586608,1,exact,3,Answer: beignets | Confidence: 95
C,Qwen/Qwen2-VL-7B-Instruct,nf4,fewshot,jpeg,3,82,beignets,beignets,0.95,0.9992741545041404,1,exact,3,Answer: beignets | Confidence: 95
C,Qwen/Qwen2-VL-7B-Instruct,nf4,fewshot,jpeg,3,83,beignets,beignets,0.9,0.8396957715352377,1,exact,3,Answer: beignets | Confidence: 90
C,Qwen/Qwen2-VL-7B-Instruct,nf4,fewshot,jpeg,3,84,beignets,beignets,0.9,0.7766072551409403,1,exact,3,Answer: beignets | Confidence: 90
C,Qwen/Qwen2-VL-7B-Instruct,nf4,fewshot,jpeg,3,85,beignets,beignets,0.9,0.8637559215227762,1,exact,3,Answer: beignets | Confidence: 90
C,Qwen/Qwen2-VL-7B-Instruct,nf4,fewshot,jpeg,3,86,beignets,beignets,0.9,0.9979533354441324,1,exact,3,Answer: beignets | Confidence: 90
C,Qwen/Qwen2-VL-7B-Instruct,nf4,fewshot,jpeg,3,87,beignets,beignets,0.95,0.9971351822217306,1,exact,3,Answer: beignets | Confidence: 95
C,Qwen/Qwen2-VL-7B-Instruct,nf4,fewshot,jpeg,3,88,beignets,bread pudding,0.9,0.6658425480127335,0,contains,2,Answer: bread pudding | Confidence: 90
C,Qwen/Qwen2-VL-7B-Instruct,nf4,fewshot,jpeg,3,89,beignets,bread pudding,0.9,0.7654798626899719,0,contains,2,Answer: bread pudding | Confidence: 90
C,Qwen/Qwen2-VL-7B-Instruct,nf4,fewshot,jpeg,3,90,beignets,beignets,0.9,0.9642775456110636,1,exact,3,Answer: beignets | Confidence: 90
C,Qwen/Qwen2-VL-7B-Instruct,nf4,fewshot,jpeg,3,91,beignets,beignets,0.9,0.9461400111516316,1,exact,3,Answer: beignets | Confidence: 90
C,Qwen/Qwen2-VL-7B-Instruct,nf4,fewshot,jpeg,3,92,beignets,beignets,0.9,0.7878112296263377,1,exact,3,Answer: beignets | Confidence: 90
C,Qwen/Qwen2-VL-7B-Instruct,nf4,fewshot,jpeg,3,93,beignets,beignets,0.9,0.9982004165649414,1,exact,3,Answer: beignets | Confidence: 90
C,Qwen/Qwen2-VL-7B-Instruct,nf4,fewshot,jpeg,3,94,beignets,beignets,0.9,0.9981176853179932,1,exact,3,Answer: beignets | Confidence: 90
C,Qwen/Qwen2-VL-7B-Instruct,nf4,fewshot,jpeg,3,95,beignets,beignets,0.95,0.997427463531494,1,exact,3,Answer: beignets | Confidence: 95
C,Qwen/Qwen2-VL-7B-Instruct,nf4,fewshot,jpeg,3,96,beignets,beignets,0.95,0.9966856837272644,1,exact,3,Answer: beignets | Confidence: 95
C,Qwen/Qwen2-VL-7B-Instruct,nf4,fewshot,jpeg,3,97,beignets,beignets,0.9,0.9148480693499248,1,exact,3,Answer: beignets | Confidence: 90
C,Qwen/Qwen2-VL-7B-Instruct,nf4,fewshot,jpeg,3,98,beignets,beignets,0.9,0.9990978240966796,1,exact,3,Answer: beignets | Confidence: 90
C,Qwen/Qwen2-VL-7B-Instruct,nf4,fewshot,jpeg,3,99,beignets,beignets,0.9,0.8149429758389791,1,exact,3,Answer: beignets | Confidence: 90
C,Qwen/Qwen2-VL-7B-Instruct,nf4,fewshot,low_light,1,0,beignets,beignets,0.9,0.9977020025253296,1,exact,3,Answer: beignets | Confidence: 90
C,Qwen/Qwen2-VL-7B-Instruct,nf4,fewshot,low_light,1,1,beignets,beignets,0.9,0.9819765686988832,1,exact,3,Answer: beignets | Confidence: 90
C,Qwen/Qwen2-VL-7B-Instruct,nf4,fewshot,low_light,1,2,beignets,beignets,0.95,0.9984159072240194,1,exact,3,Answer: beignets | Confidence: 95
C,Qwen/Qwen2-VL-7B-Instruct,nf4,fewshot,low_light,1,3,beignets,beignets,0.9,0.9943123658498128,1,exact,3,Answer: beignets | Confidence: 90
C,Qwen/Qwen2-VL-7B-Instruct,nf4,fewshot,low_light,1,4,beignets,beignets,0.9,0.9988370935122172,1,exact,3,Answer: beignets | Confidence: 90
C,Qwen/Qwen2-VL-7B-Instruct,nf4,fewshot,low_light,1,5,beignets,beignets,0.9,0.9984899957974752,1,exact,3,Answer: beignets | Confidence: 90
C,Qwen/Qwen2-VL-7B-Instruct,nf4,fewshot,low_light,1,6,beignets,beignets,0.9,0.9981815417607626,1,exact,3,Answer: beignets | Confidence: 90
C,Qwen/Qwen2-VL-7B-Instruct,nf4,fewshot,low_light,1,7,beignets,beignets,0.9,0.9980414708455404,1,exact,3,Answer: beignets | Confidence: 90
C,Qwen/Qwen2-VL-7B-Instruct,nf4,fewshot,low_light,1,8,beignets,beignets,0.9,0.8911003271738688,1,exact,3,Answer: beignets | Confidence: 90
C,Qwen/Qwen2-VL-7B-Instruct,nf4,fewshot,low_light,1,9,beignets,beignets,0.9,0.9962483843167624,1,exact,3,Answer: beignets | Confidence: 90
C,Qwen/Qwen2-VL-7B-Instruct,nf4,fewshot,low_light,1,10,beignets,beignets,0.9,0.9832159082094828,1,exact,3,Answer: beignets | Confidence: 90
C,Qwen/Qwen2-VL-7B-Instruct,nf4,fewshot,low_light,1,11,beignets,beignets,0.9,0.9990540742874146,1,exact,3,Answer: beignets | Confidence: 90
C,Qwen/Qwen2-VL-7B-Instruct,nf4,fewshot,low_light,1,12,beignets,beignets,0.9,0.9938229123751322,1,exact,3,Answer: beignets | Confidence: 90
C,Qwen/Qwen2-VL-7B-Instruct,nf4,fewshot,low_light,1,13,beignets,beignets,0.95,0.9980331063270568,1,exact,3,Answer: beignets | Confidence: 95
C,Qwen/Qwen2-VL-7B-Instruct,nf4,fewshot,low_light,1,14,beignets,beignets,0.9,0.9987066984176636,1,exact,3,Answer: beignets | Confidence: 90
C,Qwen/Qwen2-VL-7B-Instruct,nf4,fewshot,low_light,1,15,beignets,beignets,0.9,0.99683811267217,1,exact,3,Answer: beignets | Confidence: 90
C,Qwen/Qwen2-VL-7B-Instruct,nf4,fewshot,low_light,1,16,beignets,beignets,0.9,0.997331202030182,1,exact,3,Answer: beignets | Confidence: 90
C,Qwen/Qwen2-VL-7B-Instruct,nf4,fewshot,low_light,1,17,beignets,beignets,0.9,0.9946717619895936,1,exact,3,Answer: beignets | Confidence: 90
C,Qwen/Qwen2-VL-7B-Instruct,nf4,fewshot,low_light,1,18,beignets,beignets,0.95,0.9954503973325094,1,exact,3,Answer: beignets | Confidence: 95
C,Qwen/Qwen2-VL-7B-Instruct,nf4,fewshot,low_light,1,19,beignets,bread,0.9,0.5759564638137817,0,nomatch,1,Answer: bread | Confidence: 90
C,Qwen/Qwen2-VL-7B-Instruct,nf4,fewshot,low_light,1,20,beignets,beignets,0.9,0.9890687465667723,1,exact,3,Answer: beignets | Confidence: 90
C,Qwen/Qwen2-VL-7B-Instruct,nf4,fewshot,low_light,1,21,beignets,beignets,0.9,0.9737847844759624,1,exact,3,Answer: beignets | Confidence: 90
C,Qwen/Qwen2-VL-7B-Instruct,nf4,fewshot,low_light,1,22,beignets,beignets,0.9,0.9937355915705364,1,exact,3,Answer: beignets | Confidence: 90
C,Qwen/Qwen2-VL-7B-Instruct,nf4,fewshot,low_light,1,23,beignets,beignets,0.9,0.9973026514053344,1,exact,3,Answer: beignets | Confidence: 90
C,Qwen/Qwen2-VL-7B-Instruct,nf4,fewshot,low_light,1,24,beignets,beignets,0.9,0.9845755298932394,1,exact,3,Answer: beignets | Confidence: 90
C,Qwen/Qwen2-VL-7B-Instruct,nf4,fewshot,low_light,1,25,beignets,beignets,0.9,0.9988502860069276,1,exact,3,Answer: beignets | Confidence: 90
C,Qwen/Qwen2-VL-7B-Instruct,nf4,fewshot,low_light,1,26,beignets,beignets,0.9,0.9769705732663472,1,exact,3,Answer: beignets | Confidence: 90
C,Qwen/Qwen2-VL-7B-Instruct,nf4,fewshot,low_light,1,27,beignets,beignets,0.9,0.9975602428118387,1,exact,3,Answer: beignets | Confidence: 90
C,Qwen/Qwen2-VL-7B-Instruct,nf4,fewshot,low_light,1,28,beignets,beignets,0.9,0.9975981911023458,1,exact,3,Answer: beignets | Confidence: 90
C,Qwen/Qwen2-VL-7B-Instruct,nf4,fewshot,low_light,1,29,beignets,beignets,0.9,0.9991621573766072,1,exact,3,Answer: beignets | Confidence: 90
C,Qwen/Qwen2-VL-7B-Instruct,nf4,fewshot,low_light,1,30,beignets,beignets,0.9,0.9973434607187908,1,exact,3,Answer: beignets | Confidence: 90
C,Qwen/Qwen2-VL-7B-Instruct,nf4,fewshot,low_light,1,31,beignets,creme brulee,0.9,0.946712839603424,0,contains,5,Answer: creme brulee | Confidence: 90
C,Qwen/Qwen2-VL-7B-Instruct,nf4,fewshot,low_light,1,32,beignets,beignets,0.9,0.9925306638081868,1,exact,3,Answer: beignets | Confidence: 90
C,Qwen/Qwen2-VL-7B-Instruct,nf4,fewshot,low_light,1,33,beignets,beignets,0.9,0.9949996074040732,1,exact,3,Answer: beignets | Confidence: 90
C,Qwen/Qwen2-VL-7B-Instruct,nf4,fewshot,low_light,1,34,beignets,beignets,0.9,0.9962267676989236,1,exact,3,Answer: beignets | Confidence: 90
C,Qwen/Qwen2-VL-7B-Instruct,nf4,fewshot,low_light,1,35,beignets,beignets,0.9,0.9965749979019164,1,exact,3,Answer: beignets | Confidence: 90
C,Qwen/Qwen2-VL-7B-Instruct,nf4,fewshot,low_light,1,36,beignets,beignets,0.9,0.9968386888504028,1,exact,3,Answer: beignets | Confidence: 90
C,Qwen/Qwen2-VL-7B-Instruct,nf4,fewshot,low_light,1,37,beignets,beignets,0.9,0.9930300315221152,1,exact,3,Answer: beignets | Confidence: 90
C,Qwen/Qwen2-VL-7B-Instruct,nf4,fewshot,low_light,1,38,beignets,beignets,0.9,0.996744970480601,1,exact,3,Answer: beignets | Confidence: 90
C,Qwen/Qwen2-VL-7B-Instruct,nf4,fewshot,low_light,1,39,beignets,beignets,0.9,0.997822900613149,1,exact,3,Answer: beignets | Confidence: 90
C,Qwen/Qwen2-VL-7B-Instruct,nf4,fewshot,low_light,1,40,beignets,beignets,0.9,0.9963481624921164,1,exact,3,Answer: beignets | Confidence: 90
C,Qwen/Qwen2-VL-7B-Instruct,nf4,fewshot,low_light,1,41,beignets,beignets,0.9,0.99872754017512,1,exact,3,Answer: beignets | Confidence: 90
C,Qwen/Qwen2-VL-7B-Instruct,nf4,fewshot,low_light,1,42,beignets,beignets,0.9,0.9925809105237324,1,exact,3,Answer: beignets | Confidence: 90
C,Qwen/Qwen2-VL-7B-Instruct,nf4,fewshot,low_light,1,43,beignets,beignets,0.9,0.996986448764801,1,exact,3,Answer: beignets | Confidence: 90
C,Qwen/Qwen2-VL-7B-Instruct,nf4,fewshot,low_light,1,44,beignets,beignets,0.9,0.9981125791867574,1,exact,3,Answer: beignets | Confidence: 90
C,Qwen/Qwen2-VL-7B-Instruct,nf4,fewshot,low_light,1,45,beignets,beignets,0.9,0.9129746754964192,1,exact,3,Answer: beignets | Confidence: 90
C,Qwen/Qwen2-VL-7B-Instruct,nf4,fewshot,low_light,1,46,beignets,beignets,0.9,0.9975764950116476,1,exact,3,Answer: beignets | Confidence: 90
C,Qwen/Qwen2-VL-7B-Instruct,nf4,fewshot,low_light,1,47,beignets,beignets,0.9,0.9187596638997396,1,exact,3,Answer: beignets | Confidence: 90
C,Qwen/Qwen2-VL-7B-Instruct,nf4,fewshot,low_light,1,48,beignets,beignets,0.9,0.99858558177948,1,exact,3,Answer: beignets | Confidence: 90
C,Qwen/Qwen2-VL-7B-Instruct,nf4,fewshot,low_light,1,49,beignets,beignets,0.9,0.99882040421168,1,exact,3,Answer: beignets | Confidence: 90
C,Qwen/Qwen2-VL-7B-Instruct,nf4,fewshot,low_light,1,50,beignets,beignets,0.9,0.9875989158948264,1,exact,3,Answer: beignets | Confidence: 90
C,Qwen/Qwen2-VL-7B-Instruct,nf4,fewshot,low_light,1,51,beignets,beignets,0.9,0.995479166507721,1,exact,3,Answer: beignets | Confidence: 90
C,Qwen/Qwen2-VL-7B-Instruct,nf4,fewshot,low_light,1,52,beignets,beignets,0.95,0.9985484878222148,1,exact,3,Answer: beignets | Confidence: 95
C,Qwen/Qwen2-VL-7B-Instruct,nf4,fewshot,low_light,1,53,beignets,beignets,0.95,0.9974016944567362,1,exact,3,Answer: beignets | Confidence: 95
C,Qwen/Qwen2-VL-7B-Instruct,nf4,fewshot,low_light,1,54,beignets,beignets,0.9,0.9969813426335652,1,exact,3,Answer: beignets | Confidence: 90
C,Qwen/Qwen2-VL-7B-Instruct,nf4,fewshot,low_light,1,55,beignets,beignets,0.9,0.9979493419329324,1,exact,3,Answer: beignets | Confidence: 90
C,Qwen/Qwen2-VL-7B-Instruct,nf4,fewshot,low_light,1,56,beignets,beignets,0.9,0.9486089944839478,1,exact,3,Answer: beignets | Confidence: 90
C,Qwen/Qwen2-VL-7B-Instruct,nf4,fewshot,low_light,1,57,beignets,beignets,0.9,0.9887749950091044,1,exact,3,Answer: beignets | Confidence: 90
C,Qwen/Qwen2-VL-7B-Instruct,nf4,fewshot,low_light,1,58,beignets,beignets,0.95,0.9971479376157124,1,exact,3,Answer: beignets | Confidence: 95
C,Qwen/Qwen2-VL-7B-Instruct,nf4,fewshot,low_light,1,59,beignets,beignets,0.9,0.9944841663042704,1,exact,3,Answer: beignets | Confidence: 90
C,Qwen/Qwen2-VL-7B-Instruct,nf4,fewshot,low_light,1,60,beignets,beignets,0.9,0.7368935396273931,1,exact,3,Answer: beignets | Confidence: 90
C,Qwen/Qwen2-VL-7B-Instruct,nf4,fewshot,low_light,1,61,beignets,beignets,0.9,0.9975401560465494,1,exact,3,Answer: beignets | Confidence: 90
C,Qwen/Qwen2-VL-7B-Instruct,nf4,fewshot,low_light,1,62,beignets,beignets,0.9,0.9936494628588358,1,exact,3,Answer: beignets | Confidence: 90
C,Qwen/Qwen2-VL-7B-Instruct,nf4,fewshot,low_light,1,63,beignets,beignets,0.9,0.9850900769233704,1,exact,3,Answer: beignets | Confidence: 90
C,Qwen/Qwen2-VL-7B-Instruct,nf4,fewshot,low_light,1,64,beignets,beignets,0.9,0.9972325563430786,1,exact,3,Answer: beignets | Confidence: 90
C,Qwen/Qwen2-VL-7B-Instruct,nf4,fewshot,low_light,1,65,beignets,beignets,0.9,0.9980870286623637,1,exact,3,Answer: beignets | Confidence: 90
C,Qwen/Qwen2-VL-7B-Instruct,nf4,fewshot,low_light,1,66,beignets,beignets,0.9,0.9962382713953654,1,exact,3,Answer: beignets | Confidence: 90
C,Qwen/Qwen2-VL-7B-Instruct,nf4,fewshot,low_light,1,67,beignets,pizza,0.9,0.6137400269508362,0,nomatch,1,Answer: pizza | Confidence: 90
C,Qwen/Qwen2-VL-7B-Instruct,nf4,fewshot,low_light,1,68,beignets,beignets,0.95,0.9979219635327656,1,exact,3,Answer: beignets | Confidence: 95
C,Qwen/Qwen2-VL-7B-Instruct,nf4,fewshot,low_light,1,69,beignets,beignets,0.9,0.996230642000834,1,exact,3,Answer: beignets | Confidence: 90
C,Qwen/Qwen2-VL-7B-Instruct,nf4,fewshot,low_light,1,70,beignets,beignets,0.9,0.9971769054730734,1,exact,3,Answer: beignets | Confidence: 90
C,Qwen/Qwen2-VL-7B-Instruct,nf4,fewshot,low_light,1,71,beignets,beignets,0.9,0.9981700778007508,1,exact,3,Answer: beignets | Confidence: 90
C,Qwen/Qwen2-VL-7B-Instruct,nf4,fewshot,low_light,1,72,beignets,beignets,0.95,0.9971302151679992,1,exact,3,Answer: beignets | Confidence: 95
C,Qwen/Qwen2-VL-7B-Instruct,nf4,fewshot,low_light,1,73,beignets,beignets,0.9,0.9990869561831156,1,exact,3,Answer: beignets | Confidence: 90
C,Qwen/Qwen2-VL-7B-Instruct,nf4,fewshot,low_light,1,74,beignets,beignets,0.9,0.991226077079773,1,exact,3,Answer: beignets | Confidence: 90
C,Qwen/Qwen2-VL-7B-Instruct,nf4,fewshot,low_light,1,75,beignets,beignets,0.95,0.9960065484046936,1,exact,3,Answer: beignets | Confidence: 95
C,Qwen/Qwen2-VL-7B-Instruct,nf4,fewshot,low_light,1,76,beignets,beignets,0.9,0.9967272679011028,1,exact,3,Answer: beignets | Confidence: 90
C,Qwen/Qwen2-VL-7B-Instruct,nf4,fewshot,low_light,1,77,beignets,beignets,0.9,0.998351275920868,1,exact,3,Answer: beignets | Confidence: 90
C,Qwen/Qwen2-VL-7B-Instruct,nf4,fewshot,low_light,1,78,beignets,beignets,0.9,0.9971778392791748,1,exact,3,Answer: beignets | Confidence: 90
C,Qwen/Qwen2-VL-7B-Instruct,nf4,fewshot,low_light,1,79,beignets,beignets,0.9,0.997400999069214,1,exact,3,Answer: beignets | Confidence: 90
C,Qwen/Qwen2-VL-7B-Instruct,nf4,fewshot,low_light,1,80,beignets,beignets,0.9,0.997240920861562,1,exact,3,Answer: beignets | Confidence: 90
C,Qwen/Qwen2-VL-7B-Instruct,nf4,fewshot,low_light,1,81,beignets,beignets,0.9,0.9884006778399148,1,exact,3,Answer: beignets | Confidence: 90
C,Qwen/Qwen2-VL-7B-Instruct,nf4,fewshot,low_light,1,82,beignets,beignets,0.9,0.9981597463289896,1,exact,3,Answer: beignets | Confidence: 90
C,Qwen/Qwen2-VL-7B-Instruct,nf4,fewshot,low_light,1,83,beignets,beignets,0.9,0.970274845759074,1,exact,3,Answer: beignets | Confidence: 90
C,Qwen/Qwen2-VL-7B-Instruct,nf4,fewshot,low_light,1,84,beignets,beignets,0.9,0.9421290357907612,1,exact,3,Answer: beignets | Confidence: 90
C,Qwen/Qwen2-VL-7B-Instruct,nf4,fewshot,low_light,1,85,beignets,beignets,0.9,0.9979948798815408,1,exact,3,Answer: beignets | Confidence: 90
C,Qwen/Qwen2-VL-7B-Instruct,nf4,fewshot,low_light,1,86,beignets,beignets,0.9,0.9976552128791808,1,exact,3,Answer: beignets | Confidence: 90
C,Qwen/Qwen2-VL-7B-Instruct,nf4,fewshot,low_light,1,87,beignets,beignets,0.95,0.9973267714182537,1,exact,3,Answer: beignets | Confidence: 95
C,Qwen/Qwen2-VL-7B-Instruct,nf4,fewshot,low_light,1,88,beignets,bread pudding,0.9,0.7229809612035751,0,contains,2,Answer: bread pudding | Confidence: 90
C,Qwen/Qwen2-VL-7B-Instruct,nf4,fewshot,low_light,1,89,beignets,ice cream,0.9,0.6736298948526382,0,nomatch,2,Answer: ice cream | Confidence: 90
C,Qwen/Qwen2-VL-7B-Instruct,nf4,fewshot,low_light,1,90,beignets,beignets,0.9,0.9979756275812784,1,exact,3,Answer: beignets | Confidence: 90
C,Qwen/Qwen2-VL-7B-Instruct,nf4,fewshot,low_light,1,91,beignets,beignets,0.9,0.997893214225769,1,exact,3,Answer: beignets | Confidence: 90
C,Qwen/Qwen2-VL-7B-Instruct,nf4,fewshot,low_light,1,92,beignets,beignets,0.9,0.9985673228899636,1,exact,3,Answer: beignets | Confidence: 90
C,Qwen/Qwen2-VL-7B-Instruct,nf4,fewshot,low_light,1,93,beignets,beignets,0.9,0.9978587627410888,1,exact,3,Answer: beignets | Confidence: 90
C,Qwen/Qwen2-VL-7B-Instruct,nf4,fewshot,low_light,1,94,beignets,beignets,0.9,0.9985095461209617,1,exact,3,Answer: beignets | Confidence: 90
C,Qwen/Qwen2-VL-7B-Instruct,nf4,fewshot,low_light,1,95,beignets,beignets,0.9,0.998587687810262,1,exact,3,Answer: beignets | Confidence: 90
C,Qwen/Qwen2-VL-7B-Instruct,nf4,fewshot,low_light,1,96,beignets,beignets,0.95,0.9956957300504048,1,exact,3,Answer: beignets | Confidence: 95
C,Qwen/Qwen2-VL-7B-Instruct,nf4,fewshot,low_light,1,97,beignets,beignets,0.9,0.964398980140686,1,exact,3,Answer: beignets | Confidence: 90
C,Qwen/Qwen2-VL-7B-Instruct,nf4,fewshot,low_light,1,98,beignets,beignets,0.9,0.9982138474782308,1,exact,3,Answer: beignets | Confidence: 90
C,Qwen/Qwen2-VL-7B-Instruct,nf4,fewshot,low_light,1,99,beignets,beignets,0.9,0.9978594382603964,1,exact,3,Answer: beignets | Confidence: 90
C,Qwen/Qwen2-VL-7B-Instruct,nf4,fewshot,low_light,2,0,beignets,beignets,0.9,0.9935721357663472,1,exact,3,Answer: beignets | Confidence: 90
C,Qwen/Qwen2-VL-7B-Instruct,nf4,fewshot,low_light,2,1,beignets,beignets,0.9,0.9074299335479736,1,exact,3,Answer: beignets | Confidence: 90
C,Qwen/Qwen2-VL-7B-Instruct,nf4,fewshot,low_light,2,2,beignets,beignets,0.9,0.998355229695638,1,exact,3,Answer: beignets | Confidence: 90
C,Qwen/Qwen2-VL-7B-Instruct,nf4,fewshot,low_light,2,3,beignets,beignets,0.9,0.836182435353597,1,exact,3,Answer: beignets | Confidence: 90
C,Qwen/Qwen2-VL-7B-Instruct,nf4,fewshot,low_light,2,4,beignets,beignets,0.9,0.9987232287724812,1,exact,3,Answer: beignets | Confidence: 90
C,Qwen/Qwen2-VL-7B-Instruct,nf4,fewshot,low_light,2,5,beignets,beignets,0.9,0.9983797073364258,1,exact,3,Answer: beignets | Confidence: 90
C,Qwen/Qwen2-VL-7B-Instruct,nf4,fewshot,low_light,2,6,beignets,beignets,0.9,0.9981668591499328,1,exact,3,Answer: beignets | Confidence: 90
C,Qwen/Qwen2-VL-7B-Instruct,nf4,fewshot,low_light,2,7,beignets,beignets,0.9,0.9984848499298096,1,exact,3,Answer: beignets | Confidence: 90
C,Qwen/Qwen2-VL-7B-Instruct,nf4,fewshot,low_light,2,8,beignets,beignets,0.9,0.7994656960169474,1,exact,3,Answer: beignets | Confidence: 90
C,Qwen/Qwen2-VL-7B-Instruct,nf4,fewshot,low_light,2,9,beignets,beignets,0.9,0.9970643122990926,1,exact,3,Answer: beignets | Confidence: 90
C,Qwen/Qwen2-VL-7B-Instruct,nf4,fewshot,low_light,2,10,beignets,beignets,0.9,0.9848100741704304,1,exact,3,Answer: beignets | Confidence: 90
C,Qwen/Qwen2-VL-7B-Instruct,nf4,fewshot,low_light,2,11,beignets,beignets,0.9,0.9988813996315002,1,exact,3,Answer: beignets | Confidence: 90
C,Qwen/Qwen2-VL-7B-Instruct,nf4,fewshot,low_light,2,12,beignets,beignets,0.9,0.9896515011787416,1,exact,3,Answer: beignets | Confidence: 90
C,Qwen/Qwen2-VL-7B-Instruct,nf4,fewshot,low_light,2,13,beignets,beignets,0.9,0.9984209140141804,1,exact,3,Answer: beignets | Confidence: 90
C,Qwen/Qwen2-VL-7B-Instruct,nf4,fewshot,low_light,2,14,beignets,beignets,0.9,0.9986892342567444,1,exact,3,Answer: beignets | Confidence: 90
C,Qwen/Qwen2-VL-7B-Instruct,nf4,fewshot,low_light,2,15,beignets,beignets,0.9,0.993781050046285,1,exact,3,Answer: beignets | Confidence: 90
C,Qwen/Qwen2-VL-7B-Instruct,nf4,fewshot,low_light,2,16,beignets,beignets,0.9,0.9805407722791036,1,exact,3,Answer: beignets | Confidence: 90
C,Qwen/Qwen2-VL-7B-Instruct,nf4,fewshot,low_light,2,17,beignets,beignets,0.9,0.9924497604370116,1,exact,3,Answer: beignets | Confidence: 90
C,Qwen/Qwen2-VL-7B-Instruct,nf4,fewshot,low_light,2,18,beignets,beignets,0.9,0.9954115947087606,1,exact,3,Answer: beignets | Confidence: 90
C,Qwen/Qwen2-VL-7B-Instruct,nf4,fewshot,low_light,2,19,beignets,beignets,0.9,0.8798942764600118,1,exact,3,Answer: beignets | Confidence: 90
C,Qwen/Qwen2-VL-7B-Instruct,nf4,fewshot,low_light,2,20,beignets,beignets,0.9,0.9487750927607218,1,exact,3,Answer: beignets | Confidence: 90
C,Qwen/Qwen2-VL-7B-Instruct,nf4,fewshot,low_light,2,21,beignets,beignets,0.9,0.9188579519589742,1,exact,3,Answer: beignets | Confidence: 90
C,Qwen/Qwen2-VL-7B-Instruct,nf4,fewshot,low_light,2,22,beignets,beignets,0.9,0.9025779167811075,1,exact,3,Answer: beignets | Confidence: 90
C,Qwen/Qwen2-VL-7B-Instruct,nf4,fewshot,low_light,2,23,beignets,beignets,0.9,0.9979149103164672,1,exact,3,Answer: beignets | Confidence: 90
C,Qwen/Qwen2-VL-7B-Instruct,nf4,fewshot,low_light,2,24,beignets,beignets,0.9,0.9813888470331829,1,exact,3,Answer: beignets | Confidence: 90
C,Qwen/Qwen2-VL-7B-Instruct,nf4,fewshot,low_light,2,25,beignets,beignets,0.9,0.998083253701528,1,exact,3,Answer: beignets | Confidence: 90
C,Qwen/Qwen2-VL-7B-Instruct,nf4,fewshot,low_light,2,26,beignets,bread pudding,0.9,0.6718970388174057,0,contains,2,Answer: bread pudding | Confidence: 90
C,Qwen/Qwen2-VL-7B-Instruct,nf4,fewshot,low_light,2,27,beignets,beignets,0.9,0.9975356459617616,1,exact,3,Answer: beignets | Confidence: 90
C,Qwen/Qwen2-VL-7B-Instruct,nf4,fewshot,low_light,2,28,beignets,beignets,0.9,0.9967597723007202,1,exact,3,Answer: beignets | Confidence: 90
C,Qwen/Qwen2-VL-7B-Instruct,nf4,fewshot,low_light,2,29,beignets,beignets,0.9,0.997960368792216,1,exact,3,Answer: beignets | Confidence: 90
C,Qwen/Qwen2-VL-7B-Instruct,nf4,fewshot,low_light,2,30,beignets,beignets,0.9,0.987352192401886,1,exact,3,Answer: beignets | Confidence: 90
C,Qwen/Qwen2-VL-7B-Instruct,nf4,fewshot,low_light,2,31,beignets,creme brulee,0.9,0.9603359222412108,0,contains,5,Answer: creme brulee | Confidence: 90
C,Qwen/Qwen2-VL-7B-Instruct,nf4,fewshot,low_light,2,32,beignets,beignets,0.9,0.9809592962265016,1,exact,3,Answer: beignets | Confidence: 90
C,Qwen/Qwen2-VL-7B-Instruct,nf4,fewshot,low_light,2,33,beignets,beignets,0.9,0.994096597035726,1,exact,3,Answer: beignets | Confidence: 90
C,Qwen/Qwen2-VL-7B-Instruct,nf4,fewshot,low_light,2,34,beignets,beignets,0.9,0.9959417780240376,1,exact,3,Answer: beignets | Confidence: 90
C,Qwen/Qwen2-VL-7B-Instruct,nf4,fewshot,low_light,2,35,beignets,beignets,0.9,0.9861752788225808,1,exact,3,Answer: beignets | Confidence: 90
C,Qwen/Qwen2-VL-7B-Instruct,nf4,fewshot,low_light,2,36,beignets,beignets,0.9,0.9907610416412354,1,exact,3,Answer: beignets | Confidence: 90
C,Qwen/Qwen2-VL-7B-Instruct,nf4,fewshot,low_light,2,37,beignets,beignets,0.9,0.9948789278666178,1,exact,3,Answer: beignets | Confidence: 90
C,Qwen/Qwen2-VL-7B-Instruct,nf4,fewshot,low_light,2,38,beignets,beignets,0.9,0.9961142341295878,1,exact,3,Answer: beignets | Confidence: 90
C,Qwen/Qwen2-VL-7B-Instruct,nf4,fewshot,low_light,2,39,beignets,beignets,0.9,0.9979251623153688,1,exact,3,Answer: beignets | Confidence: 90
C,Qwen/Qwen2-VL-7B-Instruct,nf4,fewshot,low_light,2,40,beignets,beignets,0.9,0.9938624103864034,1,exact,3,Answer: beignets | Confidence: 90
C,Qwen/Qwen2-VL-7B-Instruct,nf4,fewshot,low_light,2,41,beignets,beignets,0.9,0.9988445242245992,1,exact,3,Answer: beignets | Confidence: 90
C,Qwen/Qwen2-VL-7B-Instruct,nf4,fewshot,low_light,2,42,beignets,beignets,0.9,0.992861270904541,1,exact,3,Answer: beignets | Confidence: 90
C,Qwen/Qwen2-VL-7B-Instruct,nf4,fewshot,low_light,2,43,beignets,beignets,0.9,0.9965714812278748,1,exact,3,Answer: beignets | Confidence: 90
C,Qwen/Qwen2-VL-7B-Instruct,nf4,fewshot,low_light,2,44,beignets,beignets,0.9,0.9938648541768392,1,exact,3,Answer: beignets | Confidence: 90
C,Qwen/Qwen2-VL-7B-Instruct,nf4,fewshot,low_light,2,45,beignets,beignets,0.9,0.822274923324585,1,exact,3,Answer: beignets | Confidence: 90
C,Qwen/Qwen2-VL-7B-Instruct,nf4,fewshot,low_light,2,46,beignets,beignets,0.9,0.9943430622418722,1,exact,3,Answer: beignets | Confidence: 90
C,Qwen/Qwen2-VL-7B-Instruct,nf4,fewshot,low_light,2,47,beignets,beignets,0.9,0.8711438775062561,1,exact,3,Answer: beignets | Confidence: 90
C,Qwen/Qwen2-VL-7B-Instruct,nf4,fewshot,low_light,2,48,beignets,beignets,0.9,0.997984210650126,1,exact,3,Answer: beignets | Confidence: 90
C,Qwen/Qwen2-VL-7B-Instruct,nf4,fewshot,low_light,2,49,beignets,beignets,0.9,0.9987541437149048,1,exact,3,Answer: beignets | Confidence: 90
C,Qwen/Qwen2-VL-7B-Instruct,nf4,fewshot,low_light,2,50,beignets,beignets,0.9,0.9470010995864868,1,exact,3,Answer: beignets | Confidence: 90
C,Qwen/Qwen2-VL-7B-Instruct,nf4,fewshot,low_light,2,51,beignets,beignets,0.9,0.9938676158587136,1,exact,3,Answer: beignets | Confidence: 90
C,Qwen/Qwen2-VL-7B-Instruct,nf4,fewshot,low_light,2,52,beignets,beignets,0.9,0.9986756046613058,1,exact,3,Answer: beignets | Confidence: 90
C,Qwen/Qwen2-VL-7B-Instruct,nf4,fewshot,low_light,2,53,beignets,beignets,0.9,0.9976848562558492,1,exact,3,Answer: beignets | Confidence: 90
C,Qwen/Qwen2-VL-7B-Instruct,nf4,fewshot,low_light,2,54,beignets,beignets,0.9,0.9970167279243468,1,exact,3,Answer: beignets | Confidence: 90
C,Qwen/Qwen2-VL-7B-Instruct,nf4,fewshot,low_light,2,55,beignets,beignets,0.9,0.9979053537050884,1,exact,3,Answer: beignets | Confidence: 90
C,Qwen/Qwen2-VL-7B-Instruct,nf4,fewshot,low_light,2,56,beignets,pizza,0.9,0.8887709975242615,0,contains,1,Answer: pizza | Confidence: 90
C,Qwen/Qwen2-VL-7B-Instruct,nf4,fewshot,low_light,2,57,beignets,beignets,0.9,0.8888792196909586,1,exact,3,Answer: beignets | Confidence: 90
C,Qwen/Qwen2-VL-7B-Instruct,nf4,fewshot,low_light,2,58,beignets,beignets,0.95,0.9972888827323914,1,exact,3,Answer: beignets | Confidence: 95
C,Qwen/Qwen2-VL-7B-Instruct,nf4,fewshot,low_light,2,59,beignets,beignets,0.9,0.9898695945739746,1,exact,3,Answer: beignets | Confidence: 90
C,Qwen/Qwen2-VL-7B-Instruct,nf4,fewshot,low_light,2,60,beignets,strawberry shortcake,0.9,0.7679598927497864,0,contains,3,Answer: strawberry shortcake | Confidence: 90
C,Qwen/Qwen2-VL-7B-Instruct,nf4,fewshot,low_light,2,61,beignets,beignets,0.9,0.9977587461471558,1,exact,3,Answer: beignets | Confidence: 90
C,Qwen/Qwen2-VL-7B-Instruct,nf4,fewshot,low_light,2,62,beignets,beignets,0.9,0.993595004081726,1,exact,3,Answer: beignets | Confidence: 90
C,Qwen/Qwen2-VL-7B-Instruct,nf4,fewshot,low_light,2,63,beignets,beignets,0.9,0.9164029955863952,1,exact,3,Answer: beignets | Confidence: 90
C,Qwen/Qwen2-VL-7B-Instruct,nf4,fewshot,low_light,2,64,beignets,beignets,0.9,0.9968299269676208,1,exact,3,Answer: beignets | Confidence: 90
C,Qwen/Qwen2-VL-7B-Instruct,nf4,fewshot,low_light,2,65,beignets,beignets,0.9,0.9980186422665914,1,exact,3,Answer: beignets | Confidence: 90
C,Qwen/Qwen2-VL-7B-Instruct,nf4,fewshot,low_light,2,66,beignets,beignets,0.9,0.9963509241739908,1,exact,3,Answer: beignets | Confidence: 90
C,Qwen/Qwen2-VL-7B-Instruct,nf4,fewshot,low_light,2,67,beignets,pizza,0.9,0.8367087841033936,0,nomatch,1,Answer: pizza | Confidence: 90
C,Qwen/Qwen2-VL-7B-Instruct,nf4,fewshot,low_light,2,68,beignets,beignets,0.9,0.9963342150052388,1,exact,3,Answer: beignets | Confidence: 90
C,Qwen/Qwen2-VL-7B-Instruct,nf4,fewshot,low_light,2,69,beignets,beignets,0.9,0.995936930179596,1,exact,3,Answer: beignets | Confidence: 90
C,Qwen/Qwen2-VL-7B-Instruct,nf4,fewshot,low_light,2,70,beignets,beignets,0.9,0.9961512883504232,1,exact,3,Answer: beignets | Confidence: 90
C,Qwen/Qwen2-VL-7B-Instruct,nf4,fewshot,low_light,2,71,beignets,beignets,0.9,0.900662382443746,1,exact,3,Answer: beignets | Confidence: 90
C,Qwen/Qwen2-VL-7B-Instruct,nf4,fewshot,low_light,2,72,beignets,beignets,0.9,0.996558427810669,1,exact,3,Answer: beignets | Confidence: 90
C,Qwen/Qwen2-VL-7B-Instruct,nf4,fewshot,low_light,2,73,beignets,beignets,0.9,0.9992753863334656,1,exact,3,Answer: beignets | Confidence: 90
C,Qwen/Qwen2-VL-7B-Instruct,nf4,fewshot,low_light,2,74,beignets,beignets,0.9,0.9872759580612184,1,exact,3,Answer: beignets | Confidence: 90
C,Qwen/Qwen2-VL-7B-Instruct,nf4,fewshot,low_light,2,75,beignets,beignets,0.9,0.9947876532872518,1,exact,3,Answer: beignets | Confidence: 90
C,Qwen/Qwen2-VL-7B-Instruct,nf4,fewshot,low_light,2,76,beignets,beignets,0.9,0.9971978068351746,1,exact,3,Answer: beignets | Confidence: 90
C,Qwen/Qwen2-VL-7B-Instruct,nf4,fewshot,low_light,2,77,beignets,beignets,0.9,0.9611071348190308,1,exact,3,Answer: beignets | Confidence: 90
C,Qwen/Qwen2-VL-7B-Instruct,nf4,fewshot,low_light,2,78,beignets,beignets,0.9,0.751241147518158,1,exact,3,Answer: beignets | Confidence: 90
C,Qwen/Qwen2-VL-7B-Instruct,nf4,fewshot,low_light,2,79,beignets,beignets,0.9,0.9906824032465616,1,exact,3,Answer: beignets | Confidence: 90
C,Qwen/Qwen2-VL-7B-Instruct,nf4,fewshot,low_light,2,80,beignets,beignets,0.9,0.9968556960423788,1,exact,3,Answer: beignets | Confidence: 90
C,Qwen/Qwen2-VL-7B-Instruct,nf4,fewshot,low_light,2,81,beignets,beignets,0.9,0.9852367639541626,1,exact,3,Answer: beignets | Confidence: 90
C,Qwen/Qwen2-VL-7B-Instruct,nf4,fewshot,low_light,2,82,beignets,beignets,0.9,0.9975906213124592,1,exact,3,Answer: beignets | Confidence: 90
C,Qwen/Qwen2-VL-7B-Instruct,nf4,fewshot,low_light,2,83,beignets,beignets,0.9,0.94242391983668,1,exact,3,Answer: beignets | Confidence: 90
C,Qwen/Qwen2-VL-7B-Instruct,nf4,fewshot,low_light,2,84,beignets,pizza,0.9,0.3964588344097137,0,nomatch,1,Answer: pizza | Confidence: 90
C,Qwen/Qwen2-VL-7B-Instruct,nf4,fewshot,low_light,2,85,beignets,beignets,0.9,0.99565722544988,1,exact,3,Answer: beignets | Confidence: 90
C,Qwen/Qwen2-VL-7B-Instruct,nf4,fewshot,low_light,2,86,beignets,beignets,0.9,0.9967724283536276,1,exact,3,Answer: beignets | Confidence: 90
C,Qwen/Qwen2-VL-7B-Instruct,nf4,fewshot,low_light,2,87,beignets,beignets,0.9,0.9975193738937378,1,exact,3,Answer: beignets | Confidence: 90
C,Qwen/Qwen2-VL-7B-Instruct,nf4,fewshot,low_light,2,88,beignets,chocolate cake,0.9,0.6587178707122803,0,contains,2,Answer: chocolate cake | Confidence: 90
C,Qwen/Qwen2-VL-7B-Instruct,nf4,fewshot,low_light,2,89,beignets,fried calamari,0.9,0.8243953486283621,0,contains,3,Answer: fried calamari | Confidence: 90
C,Qwen/Qwen2-VL-7B-Instruct,nf4,fewshot,low_light,2,90,beignets,beignets,0.9,0.997482438882192,1,exact,3,Answer: beignets | Confidence: 90
C,Qwen/Qwen2-VL-7B-Instruct,nf4,fewshot,low_light,2,91,beignets,beignets,0.9,0.9966763456662496,1,exact,3,Answer: beignets | Confidence: 90
C,Qwen/Qwen2-VL-7B-Instruct,nf4,fewshot,low_light,2,92,beignets,beignets,0.9,0.9968318939208984,1,exact,3,Answer: beignets | Confidence: 90
C,Qwen/Qwen2-VL-7B-Instruct,nf4,fewshot,low_light,2,93,beignets,beignets,0.9,0.9978311856587728,1,exact,3,Answer: beignets | Confidence: 90
C,Qwen/Qwen2-VL-7B-Instruct,nf4,fewshot,low_light,2,94,beignets,beignets,0.9,0.9985824624697368,1,exact,3,Answer: beignets | Confidence: 90
C,Qwen/Qwen2-VL-7B-Instruct,nf4,fewshot,low_light,2,95,beignets,beignets,0.9,0.9984294573465984,1,exact,3,Answer: beignets | Confidence: 90
C,Qwen/Qwen2-VL-7B-Instruct,nf4,fewshot,low_light,2,96,beignets,beignets,0.9,0.9953942894935608,1,exact,3,Answer: beignets | Confidence: 90
C,Qwen/Qwen2-VL-7B-Instruct,nf4,fewshot,low_light,2,97,beignets,beignets,0.9,0.960305074850718,1,exact,3,Answer: beignets | Confidence: 90
C,Qwen/Qwen2-VL-7B-Instruct,nf4,fewshot,low_light,2,98,beignets,beignets,0.9,0.9982800483703612,1,exact,3,Answer: beignets | Confidence: 90
C,Qwen/Qwen2-VL-7B-Instruct,nf4,fewshot,low_light,2,99,beignets,beignets,0.9,0.9948664506276448,1,exact,3,Answer: beignets | Confidence: 90
C,Qwen/Qwen2-VL-7B-Instruct,nf4,fewshot,low_light,3,0,beignets,beignets,0.9,0.9523307879765828,1,exact,3,Answer: beignets | Confidence: 90
C,Qwen/Qwen2-VL-7B-Instruct,nf4,fewshot,low_light,3,1,beignets,beignets,0.9,0.7926454941431681,1,exact,3,Answer: beignets | Confidence: 90
C,Qwen/Qwen2-VL-7B-Instruct,nf4,fewshot,low_light,3,2,beignets,beignets,0.9,0.9686299959818522,1,exact,3,Answer: beignets | Confidence: 90
C,Qwen/Qwen2-VL-7B-Instruct,nf4,fewshot,low_light,3,3,beignets,beignets,0.9,0.9277185599009196,1,exact,3,Answer: beignets | Confidence: 90
C,Qwen/Qwen2-VL-7B-Instruct,nf4,fewshot,low_light,3,4,beignets,beignets,0.9,0.9984509547551472,1,exact,3,Answer: beignets | Confidence: 90
C,Qwen/Qwen2-VL-7B-Instruct,nf4,fewshot,low_light,3,5,beignets,beignets,0.9,0.9926996032396952,1,exact,3,Answer: beignets | Confidence: 90
C,Qwen/Qwen2-VL-7B-Instruct,nf4,fewshot,low_light,3,6,beignets,beignets,0.9,0.998298486073812,1,exact,3,Answer: beignets | Confidence: 90
C,Qwen/Qwen2-VL-7B-Instruct,nf4,fewshot,low_light,3,7,beignets,beignets,0.9,0.9980929891268412,1,exact,3,Answer: beignets | Confidence: 90
C,Qwen/Qwen2-VL-7B-Instruct,nf4,fewshot,low_light,3,8,beignets,dumplings,0.9,0.6953625530004501,0,contains,2,Answer: dumplings | Confidence: 90
C,Qwen/Qwen2-VL-7B-Instruct,nf4,fewshot,low_light,3,9,beignets,beignets,0.9,0.9580886165301004,1,exact,3,Answer: beignets | Confidence: 90
C,Qwen/Qwen2-VL-7B-Instruct,nf4,fewshot,low_light,3,10,beignets,beignets,0.9,0.9503125150998434,1,exact,3,Answer: beignets | Confidence: 90
C,Qwen/Qwen2-VL-7B-Instruct,nf4,fewshot,low_light,3,11,beignets,beignets,0.9,0.998371442159017,1,exact,3,Answer: beignets | Confidence: 90
C,Qwen/Qwen2-VL-7B-Instruct,nf4,fewshot,low_light,3,12,beignets,beignets,0.9,0.9884766340255736,1,exact,3,Answer: beignets | Confidence: 90
C,Qwen/Qwen2-VL-7B-Instruct,nf4,fewshot,low_light,3,13,beignets,beignets,0.9,0.992916484673818,1,exact,3,Answer: beignets | Confidence: 90
C,Qwen/Qwen2-VL-7B-Instruct,nf4,fewshot,low_light,3,14,beignets,beignets,0.9,0.9988921085993449,1,exact,3,Answer: beignets | Confidence: 90
C,Qwen/Qwen2-VL-7B-Instruct,nf4,fewshot,low_light,3,15,beignets,beignets,0.9,0.849448005358378,1,exact,3,Answer: beignets | Confidence: 90
C,Qwen/Qwen2-VL-7B-Instruct,nf4,fewshot,low_light,3,16,beignets,beignets,0.9,0.7937493522961935,1,exact,3,Answer: beignets | Confidence: 90
C,Qwen/Qwen2-VL-7B-Instruct,nf4,fewshot,low_light,3,17,beignets,cake,0.9,0.3051649630069732,0,nomatch,1,Answer: cake | Confidence: 90
C,Qwen/Qwen2-VL-7B-Instruct,nf4,fewshot,low_light,3,18,beignets,beignets,0.9,0.9919463793436686,1,exact,3,Answer: beignets | Confidence: 90
C,Qwen/Qwen2-VL-7B-Instruct,nf4,fewshot,low_light,3,19,beignets,beignets,0.9,0.947139859199524,1,exact,3,Answer: beignets | Confidence: 90
C,Qwen/Qwen2-VL-7B-Instruct,nf4,fewshot,low_light,3,20,beignets,beignets,0.9,0.8004031578699747,1,exact,3,Answer: beignets | Confidence: 90
C,Qwen/Qwen2-VL-7B-Instruct,nf4,fewshot,low_light,3,21,beignets,fried calamari,0.9,0.8653165300687155,0,contains,3,Answer: fried calamari | Confidence: 90
C,Qwen/Qwen2-VL-7B-Instruct,nf4,fewshot,low_light,3,22,beignets,pizza,0.9,0.8105915188789368,0,nomatch,1,Answer: pizza | Confidence: 90
C,Qwen/Qwen2-VL-7B-Instruct,nf4,fewshot,low_light,3,23,beignets,beignets,0.9,0.9928288062413534,1,exact,3,Answer: beignets | Confidence: 90
C,Qwen/Qwen2-VL-7B-Instruct,nf4,fewshot,low_light,3,24,beignets,beignets,0.9,0.9519453247388204,1,exact,3,Answer: beignets | Confidence: 90
C,Qwen/Qwen2-VL-7B-Instruct,nf4,fewshot,low_light,3,25,beignets,pizza,0.9,0.7268896698951721,0,nomatch,1,Answer: pizza | Confidence: 90
C,Qwen/Qwen2-VL-7B-Instruct,nf4,fewshot,low_light,3,26,beignets,bread pudding,0.8,0.8266243636608124,0,contains,2,Answer: bread pudding | Confidence: 80
C,Qwen/Qwen2-VL-7B-Instruct,nf4,fewshot,low_light,3,27,beignets,beignets,0.9,0.8837465445200602,1,exact,3,Answer: beignets | Confidence: 90
C,Qwen/Qwen2-VL-7B-Instruct,nf4,fewshot,low_light,3,28,beignets,beignets,0.9,0.997127890586853,1,exact,3,Answer: beignets | Confidence: 90
C,Qwen/Qwen2-VL-7B-Instruct,nf4,fewshot,low_light,3,29,beignets,beignets,0.9,0.8924247225125631,1,exact,3,Answer: beignets | Confidence: 90
C,Qwen/Qwen2-VL-7B-Instruct,nf4,fewshot,low_light,3,30,beignets,beignets,0.9,0.8570396900177002,1,exact,3,Answer: beignets | Confidence: 90
C,Qwen/Qwen2-VL-7B-Instruct,nf4,fewshot,low_light,3,31,beignets,beignets,0.9,0.802182525396347,1,exact,3,Answer: beignets | Confidence: 90
C,Qwen/Qwen2-VL-7B-Instruct,nf4,fewshot,low_light,3,32,beignets,chocolate cake,0.9,0.7831994295120239,0,contains,2,Answer: chocolate cake | Confidence: 90
C,Qwen/Qwen2-VL-7B-Instruct,nf4,fewshot,low_light,3,33,beignets,beignets,0.9,0.9930470784505208,1,exact,3,Answer: beignets | Confidence: 90
C,Qwen/Qwen2-VL-7B-Instruct,nf4,fewshot,low_light,3,34,beignets,beignets,0.9,0.9734185735384624,1,exact,3,Answer: beignets | Confidence: 90
C,Qwen/Qwen2-VL-7B-Instruct,nf4,fewshot,low_light,3,35,beignets,beignets,0.9,0.8820270498593649,1,exact,3,Answer: beignets | Confidence: 90
C,Qwen/Qwen2-VL-7B-Instruct,nf4,fewshot,low_light,3,36,beignets,sushi,0.9,0.5733959078788757,0,contains,1,Answer: sushi | Confidence: 90
C,Qwen/Qwen2-VL-7B-Instruct,nf4,fewshot,low_light,3,37,beignets,garlic bread,0.9,0.6629287302494049,0,contains,2,Answer: garlic bread | Confidence: 90
C,Qwen/Qwen2-VL-7B-Instruct,nf4,fewshot,low_light,3,38,beignets,beignets,0.9,0.8780420422554016,1,exact,3,Answer: beignets | Confidence: 90
C,Qwen/Qwen2-VL-7B-Instruct,nf4,fewshot,low_light,3,39,beignets,beignets,0.9,0.9954741597175598,1,exact,3,Answer: beignets | Confidence: 90
C,Qwen/Qwen2-VL-7B-Instruct,nf4,fewshot,low_light,3,40,beignets,beignets,0.9,0.8044133385022482,1,exact,3,Answer: beignets | Confidence: 90
C,Qwen/Qwen2-VL-7B-Instruct,nf4,fewshot,low_light,3,41,beignets,beignets,0.9,0.9981116851170858,1,exact,3,Answer: beignets | Confidence: 90
C,Qwen/Qwen2-VL-7B-Instruct,nf4,fewshot,low_light,3,42,beignets,beignets,0.9,0.9888224005699158,1,exact,3,Answer: beignets | Confidence: 90
C,Qwen/Qwen2-VL-7B-Instruct,nf4,fewshot,low_light,3,43,beignets,beignets,0.9,0.909447411696116,1,exact,3,Answer: beignets | Confidence: 90
C,Qwen/Qwen2-VL-7B-Instruct,nf4,fewshot,low_light,3,44,beignets,beignets,0.9,0.8393160303433737,1,exact,3,Answer: beignets | Confidence: 90
C,Qwen/Qwen2-VL-7B-Instruct,nf4,fewshot,low_light,3,45,beignets,french toast,0.9,0.9361224472522736,0,contains,2,Answer: french toast | Confidence: 90
C,Qwen/Qwen2-VL-7B-Instruct,nf4,fewshot,low_light,3,46,beignets,beignets,0.9,0.9754021565119424,1,exact,3,Answer: beignets | Confidence: 90
C,Qwen/Qwen2-VL-7B-Instruct,nf4,fewshot,low_light,3,47,beignets,beignets,0.9,0.8561474283536276,1,exact,3,Answer: beignets | Confidence: 90
C,Qwen/Qwen2-VL-7B-Instruct,nf4,fewshot,low_light,3,48,beignets,beignets,0.9,0.9934499462445576,1,exact,3,Answer: beignets | Confidence: 90
C,Qwen/Qwen2-VL-7B-Instruct,nf4,fewshot,low_light,3,49,beignets,beignets,0.9,0.9974629878997804,1,exact,3,Answer: beignets | Confidence: 90
C,Qwen/Qwen2-VL-7B-Instruct,nf4,fewshot,low_light,3,50,beignets,beignets,0.9,0.8411967953046163,1,exact,3,Answer: beignets | Confidence: 90
C,Qwen/Qwen2-VL-7B-Instruct,nf4,fewshot,low_light,3,51,beignets,beignets,0.9,0.8751805822054545,1,exact,3,Answer: beignets | Confidence: 90
C,Qwen/Qwen2-VL-7B-Instruct,nf4,fewshot,low_light,3,52,beignets,beignets,0.9,0.9978448549906412,1,exact,3,Answer: beignets | Confidence: 90
C,Qwen/Qwen2-VL-7B-Instruct,nf4,fewshot,low_light,3,53,beignets,beignets,0.9,0.9934853514035544,1,exact,3,Answer: beignets | Confidence: 90
C,Qwen/Qwen2-VL-7B-Instruct,nf4,fewshot,low_light,3,54,beignets,beignets,0.9,0.9972681403160096,1,exact,3,Answer: beignets | Confidence: 90
C,Qwen/Qwen2-VL-7B-Instruct,nf4,fewshot,low_light,3,55,beignets,beignets,0.9,0.9984326958656312,1,exact,3,Answer: beignets | Confidence: 90
C,Qwen/Qwen2-VL-7B-Instruct,nf4,fewshot,low_light,3,56,beignets,pizza,0.9,0.9366856217384338,0,contains,1,Answer: pizza | Confidence: 90
C,Qwen/Qwen2-VL-7B-Instruct,nf4,fewshot,low_light,3,57,beignets,fried calamari,0.9,0.8671446839968363,0,contains,3,Answer: fried calamari | Confidence: 90
C,Qwen/Qwen2-VL-7B-Instruct,nf4,fewshot,low_light,3,58,beignets,beignets,0.9,0.9960412979125975,1,exact,3,Answer: beignets | Confidence: 90
C,Qwen/Qwen2-VL-7B-Instruct,nf4,fewshot,low_light,3,59,beignets,beignets,0.9,0.8026929895083109,1,exact,3,Answer: beignets | Confidence: 90
C,Qwen/Qwen2-VL-7B-Instruct,nf4,fewshot,low_light,3,60,beignets,donuts,0.9,0.6695290058851242,0,contains,2,Answer: donuts | Confidence: 90
C,Qwen/Qwen2-VL-7B-Instruct,nf4,fewshot,low_light,3,61,beignets,beignets,0.9,0.9933510820070902,1,exact,3,Answer: beignets | Confidence: 90
C,Qwen/Qwen2-VL-7B-Instruct,nf4,fewshot,low_light,3,62,beignets,beignets,0.9,0.97650941212972,1,exact,3,Answer: beignets | Confidence: 90
C,Qwen/Qwen2-VL-7B-Instruct,nf4,fewshot,low_light,3,63,beignets,beignets,0.9,0.7945697605609894,1,exact,3,Answer: beignets | Confidence: 90
C,Qwen/Qwen2-VL-7B-Instruct,nf4,fewshot,low_light,3,64,beignets,beignets,0.9,0.991742173830668,1,exact,3,Answer: beignets | Confidence: 90
C,Qwen/Qwen2-VL-7B-Instruct,nf4,fewshot,low_light,3,65,beignets,beignets,0.9,0.9980148673057556,1,exact,3,Answer: beignets | Confidence: 90
C,Qwen/Qwen2-VL-7B-Instruct,nf4,fewshot,low_light,3,66,beignets,beignets,0.9,0.9959027965863546,1,exact,3,Answer: beignets | Confidence: 90
C,Qwen/Qwen2-VL-7B-Instruct,nf4,fewshot,low_light,3,67,beignets,pizza,0.9,0.7075594067573547,0,nomatch,1,Answer: pizza | Confidence: 90
C,Qwen/Qwen2-VL-7B-Instruct,nf4,fewshot,low_light,3,68,beignets,beignets,0.9,0.8736116091410319,1,exact,3,Answer: beignets | Confidence: 90
C,Qwen/Qwen2-VL-7B-Instruct,nf4,fewshot,low_light,3,69,beignets,beignets,0.9,0.9628135760625204,1,exact,3,Answer: beignets | Confidence: 90
C,Qwen/Qwen2-VL-7B-Instruct,nf4,fewshot,low_light,3,70,beignets,beignets,0.9,0.9912696878115336,1,exact,3,Answer: beignets | Confidence: 90
C,Qwen/Qwen2-VL-7B-Instruct,nf4,fewshot,low_light,3,71,beignets,beignets,0.9,0.7663508752981821,1,exact,3,Answer: beignets | Confidence: 90
C,Qwen/Qwen2-VL-7B-Instruct,nf4,fewshot,low_light,3,72,beignets,beignets,0.9,0.9971023400624592,1,exact,3,Answer: beignets | Confidence: 90
C,Qwen/Qwen2-VL-7B-Instruct,nf4,fewshot,low_light,3,73,beignets,beignets,0.9,0.9984446167945862,1,exact,3,Answer: beignets | Confidence: 90
C,Qwen/Qwen2-VL-7B-Instruct,nf4,fewshot,low_light,3,74,beignets,carrot cake,0.9,0.9792374968528748,0,contains,2,Answer: carrot cake | Confidence: 90
C,Qwen/Qwen2-VL-7B-Instruct,nf4,fewshot,low_light,3,75,beignets,beignets,0.9,0.9124648769696554,1,exact,3,Answer: beignets | Confidence: 90
C,Qwen/Qwen2-VL-7B-Instruct,nf4,fewshot,low_light,3,76,beignets,beignets,0.9,0.9977690776189168,1,exact,3,Answer: beignets | Confidence: 90
C,Qwen/Qwen2-VL-7B-Instruct,nf4,fewshot,low_light,3,77,beignets,fried rice,0.9,0.6681118011474609,0,contains,2,Answer: fried rice | Confidence: 90
C,Qwen/Qwen2-VL-7B-Instruct,nf4,fewshot,low_light,3,78,beignets,beignets,0.9,0.8486045400301615,1,exact,3,Answer: beignets | Confidence: 90
C,Qwen/Qwen2-VL-7B-Instruct,nf4,fewshot,low_light,3,79,beignets,beignets,0.9,0.8770175774892172,1,exact,3,Answer: beignets | Confidence: 90
C,Qwen/Qwen2-VL-7B-Instruct,nf4,fewshot,low_light,3,80,beignets,beignets,0.9,0.9947500030199686,1,exact,3,Answer: beignets | Confidence: 90
C,Qwen/Qwen2-VL-7B-Instruct,nf4,fewshot,low_light,3,81,beignets,beignets,0.9,0.981994370619456,1,exact,3,Answer: beignets | Confidence: 90
C,Qwen/Qwen2-VL-7B-Instruct,nf4,fewshot,low_light,3,82,beignets,beignets,0.9,0.992823839187622,1,exact,3,Answer: beignets | Confidence: 90
C,Qwen/Qwen2-VL-7B-Instruct,nf4,fewshot,low_light,3,83,beignets,beignets,0.9,0.7892794807751974,1,exact,3,Answer: beignets | Confidence: 90
C,Qwen/Qwen2-VL-7B-Instruct,nf4,fewshot,low_light,3,84,beignets,beignets,0.9,0.9024639924367268,1,exact,3,Answer: beignets | Confidence: 90
C,Qwen/Qwen2-VL-7B-Instruct,nf4,fewshot,low_light,3,85,beignets,pizza,0.9,0.921700954437256,0,contains,1,Answer: pizza | Confidence: 90
C,Qwen/Qwen2-VL-7B-Instruct,nf4,fewshot,low_light,3,86,beignets,beignets,0.9,0.9891497294108073,1,exact,3,Answer: beignets | Confidence: 90
C,Qwen/Qwen2-VL-7B-Instruct,nf4,fewshot,low_light,3,87,beignets,beignets,0.9,0.9970030784606934,1,exact,3,Answer: beignets | Confidence: 90
C,Qwen/Qwen2-VL-7B-Instruct,nf4,fewshot,low_light,3,88,beignets,bread pudding,0.9,0.6527287065982819,0,contains,2,Answer: bread pudding | Confidence: 90
C,Qwen/Qwen2-VL-7B-Instruct,nf4,fewshot,low_light,3,89,beignets,fried calamari,0.8,0.7847141524155935,0,contains,3,Answer: fried calamari | Confidence: 80
C,Qwen/Qwen2-VL-7B-Instruct,nf4,fewshot,low_light,3,90,beignets,beignets,0.9,0.9940615296363832,1,exact,3,Answer: beignets | Confidence: 90
C,Qwen/Qwen2-VL-7B-Instruct,nf4,fewshot,low_light,3,91,beignets,hamburger,0.9,0.5215083956718445,0,contains,1,Answer: hamburger | Confidence: 90
C,Qwen/Qwen2-VL-7B-Instruct,nf4,fewshot,low_light,3,92,beignets,beignets,0.9,0.7807901799678802,1,exact,3,Answer: beignets | Confidence: 90
C,Qwen/Qwen2-VL-7B-Instruct,nf4,fewshot,low_light,3,93,beignets,beignets,0.9,0.9965221683184304,1,exact,3,Answer: beignets | Confidence: 90
C,Qwen/Qwen2-VL-7B-Instruct,nf4,fewshot,low_light,3,94,beignets,beignets,0.9,0.9938682715098064,1,exact,3,Answer: beignets | Confidence: 90
C,Qwen/Qwen2-VL-7B-Instruct,nf4,fewshot,low_light,3,95,beignets,beignets,0.9,0.996364951133728,1,exact,3,Answer: beignets | Confidence: 90
C,Qwen/Qwen2-VL-7B-Instruct,nf4,fewshot,low_light,3,96,beignets,beignets,0.9,0.9847433964411416,1,exact,3,Answer: beignets | Confidence: 90
C,Qwen/Qwen2-VL-7B-Instruct,nf4,fewshot,low_light,3,97,beignets,beignets,0.9,0.906300981839498,1,exact,3,Answer: beignets | Confidence: 90
C,Qwen/Qwen2-VL-7B-Instruct,nf4,fewshot,low_light,3,98,beignets,beignets,0.9,0.9983800053596495,1,exact,3,Answer: beignets | Confidence: 90
C,Qwen/Qwen2-VL-7B-Instruct,nf4,fewshot,low_light,3,99,beignets,beignets,0.9,0.8323104480902354,1,exact,3,Answer: beignets | Confidence: 90
C,Qwen/Qwen2-VL-7B-Instruct,nf4,fewshot,motion_blur,1,0,beignets,beignets,0.95,0.9982958634694418,1,exact,3,Answer: beignets | Confidence: 95
C,Qwen/Qwen2-VL-7B-Instruct,nf4,fewshot,motion_blur,1,1,beignets,beignets,0.9,0.9940961400667826,1,exact,3,Answer: beignets | Confidence: 90
C,Qwen/Qwen2-VL-7B-Instruct,nf4,fewshot,motion_blur,1,2,beignets,beignets,0.95,0.9992735187212626,1,exact,3,Answer: beignets | Confidence: 95
C,Qwen/Qwen2-VL-7B-Instruct,nf4,fewshot,motion_blur,1,3,beignets,beignets,0.95,0.9988675316174824,1,exact,3,Answer: beignets | Confidence: 95
C,Qwen/Qwen2-VL-7B-Instruct,nf4,fewshot,motion_blur,1,4,beignets,beignets,0.95,0.999533792336782,1,exact,3,Answer: beignets | Confidence: 95
C,Qwen/Qwen2-VL-7B-Instruct,nf4,fewshot,motion_blur,1,5,beignets,beignets,0.95,0.9989926020304362,1,exact,3,Answer: beignets | Confidence: 95
C,Qwen/Qwen2-VL-7B-Instruct,nf4,fewshot,motion_blur,1,6,beignets,beignets,0.95,0.9992050131162008,1,exact,3,Answer: beignets | Confidence: 95
C,Qwen/Qwen2-VL-7B-Instruct,nf4,fewshot,motion_blur,1,7,beignets,beignets,0.95,0.9989099105199178,1,exact,3,Answer: beignets | Confidence: 95
C,Qwen/Qwen2-VL-7B-Instruct,nf4,fewshot,motion_blur,1,8,beignets,dumplings,0.9,0.7248971313238144,0,contains,2,Answer: dumplings | Confidence: 90
C,Qwen/Qwen2-VL-7B-Instruct,nf4,fewshot,motion_blur,1,9,beignets,beignets,0.95,0.9979548255602518,1,exact,3,Answer: beignets | Confidence: 95
C,Qwen/Qwen2-VL-7B-Instruct,nf4,fewshot,motion_blur,1,10,beignets,beignets,0.9,0.9861677289009094,1,exact,3,Answer: beignets | Confidence: 90
C,Qwen/Qwen2-VL-7B-Instruct,nf4,fewshot,motion_blur,1,11,beignets,beignets,0.95,0.9994052052497864,1,exact,3,Answer: beignets | Confidence: 95
C,Qwen/Qwen2-VL-7B-Instruct,nf4,fewshot,motion_blur,1,12,beignets,beignets,0.9,0.9977701703707376,1,exact,3,Answer: beignets | Confidence: 90
C,Qwen/Qwen2-VL-7B-Instruct,nf4,fewshot,motion_blur,1,13,beignets,beignets,0.95,0.9994075496991476,1,exact,3,Answer: beignets | Confidence: 95
C,Qwen/Qwen2-VL-7B-Instruct,nf4,fewshot,motion_blur,1,14,beignets,beignets,0.95,0.9994019468625388,1,exact,3,Answer: beignets | Confidence: 95
C,Qwen/Qwen2-VL-7B-Instruct,nf4,fewshot,motion_blur,1,15,beignets,beignets,0.9,0.998426596323649,1,exact,3,Answer: beignets | Confidence: 90
C,Qwen/Qwen2-VL-7B-Instruct,nf4,fewshot,motion_blur,1,16,beignets,beignets,0.9,0.9986872871716818,1,exact,3,Answer: beignets | Confidence: 90
C,Qwen/Qwen2-VL-7B-Instruct,nf4,fewshot,motion_blur,1,17,beignets,beignets,0.95,0.9977134664853414,1,exact,3,Answer: beignets | Confidence: 95
C,Qwen/Qwen2-VL-7B-Instruct,nf4,fewshot,motion_blur,1,18,beignets,beignets,0.95,0.9986452261606852,1,exact,3,Answer: beignets | Confidence: 95
C,Qwen/Qwen2-VL-7B-Instruct,nf4,fewshot,motion_blur,1,19,beignets,beignets,0.9,0.9867452383041382,1,exact,3,Answer: beignets | Confidence: 90
C,Qwen/Qwen2-VL-7B-Instruct,nf4,fewshot,motion_blur,1,20,beignets,beignets,0.9,0.9925058285395304,1,exact,3,Answer: beignets | Confidence: 90
C,Qwen/Qwen2-VL-7B-Instruct,nf4,fewshot,motion_blur,1,21,beignets,beignets,0.9,0.9848943551381428,1,exact,3,Answer: beignets | Confidence: 90
C,Qwen/Qwen2-VL-7B-Instruct,nf4,fewshot,motion_blur,1,22,beignets,beignets,0.9,0.9989166458447776,1,exact,3,Answer: beignets | Confidence: 90
C,Qwen/Qwen2-VL-7B-Instruct,nf4,fewshot,motion_blur,1,23,beignets,beignets,0.9,0.9986785054206848,1,exact,3,Answer: beignets | Confidence: 90
C,Qwen/Qwen2-VL-7B-Instruct,nf4,fewshot,motion_blur,1,24,beignets,beignets,0.95,0.9979082345962524,1,exact,3,Answer: beignets | Confidence: 95
C,Qwen/Qwen2-VL-7B-Instruct,nf4,fewshot,motion_blur,1,25,beignets,beignets,0.95,0.9993051290512084,1,exact,3,Answer: beignets | Confidence: 95
C,Qwen/Qwen2-VL-7B-Instruct,nf4,fewshot,motion_blur,1,26,beignets,beignets,0.95,0.9965376059214274,1,exact,3,Answer: beignets | Confidence: 95
C,Qwen/Qwen2-VL-7B-Instruct,nf4,fewshot,motion_blur,1,27,beignets,beignets,0.95,0.9990511139233909,1,exact,3,Answer: beignets | Confidence: 95
C,Qwen/Qwen2-VL-7B-Instruct,nf4,fewshot,motion_blur,1,28,beignets,beignets,0.95,0.998405913511912,1,exact,3,Answer: beignets | Confidence: 95
C,Qwen/Qwen2-VL-7B-Instruct,nf4,fewshot,motion_blur,1,29,beignets,beignets,0.95,0.9993729591369628,1,exact,3,Answer: beignets | Confidence: 95
C,Qwen/Qwen2-VL-7B-Instruct,nf4,fewshot,motion_blur,1,30,beignets,beignets,0.9,0.9994362791379292,1,exact,3,Answer: beignets | Confidence: 90
C,Qwen/Qwen2-VL-7B-Instruct,nf4,fewshot,motion_blur,1,31,beignets,creme brulee,0.9,0.9175841450691224,0,contains,5,Answer: creme brulee | Confidence: 90
C,Qwen/Qwen2-VL-7B-Instruct,nf4,fewshot,motion_blur,1,32,beignets,beignets,0.9,0.9947917262713114,1,exact,3,Answer: beignets | Confidence: 90
C,Qwen/Qwen2-VL-7B-Instruct,nf4,fewshot,motion_blur,1,33,beignets,beignets,0.95,0.997219185034434,1,exact,3,Answer: beignets | Confidence: 95
C,Qwen/Qwen2-VL-7B-Instruct,nf4,fewshot,motion_blur,1,34,beignets,beignets,0.95,0.9985014200210572,1,exact,3,Answer: beignets | Confidence: 95
C,Qwen/Qwen2-VL-7B-Instruct,nf4,fewshot,motion_blur,1,35,beignets,beignets,0.9,0.9988320469856262,1,exact,3,Answer: beignets | Confidence: 90
C,Qwen/Qwen2-VL-7B-Instruct,nf4,fewshot,motion_blur,1,36,beignets,beignets,0.95,0.998101274172465,1,exact,3,Answer: beignets | Confidence: 95
C,Qwen/Qwen2-VL-7B-Instruct,nf4,fewshot,motion_blur,1,37,beignets,beignets,0.95,0.9967504938443502,1,exact,3,Answer: beignets | Confidence: 95
C,Qwen/Qwen2-VL-7B-Instruct,nf4,fewshot,motion_blur,1,38,beignets,beignets,0.95,0.9985973834991456,1,exact,3,Answer: beignets | Confidence: 95
C,Qwen/Qwen2-VL-7B-Instruct,nf4,fewshot,motion_blur,1,39,beignets,beignets,0.95,0.998625636100769,1,exact,3,Answer: beignets | Confidence: 95
C,Qwen/Qwen2-VL-7B-Instruct,nf4,fewshot,motion_blur,1,40,beignets,beignets,0.9,0.9982364575068156,1,exact,3,Answer: beignets | Confidence: 90
C,Qwen/Qwen2-VL-7B-Instruct,nf4,fewshot,motion_blur,1,41,beignets,beignets,0.95,0.9994408090909322,1,exact,3,Answer: beignets | Confidence: 95
C,Qwen/Qwen2-VL-7B-Instruct,nf4,fewshot,motion_blur,1,42,beignets,beignets,0.95,0.9930262764294944,1,exact,3,Answer: beignets | Confidence: 95
C,Qwen/Qwen2-VL-7B-Instruct,nf4,fewshot,motion_blur,1,43,beignets,beignets,0.95,0.9990582863489786,1,exact,3,Answer: beignets | Confidence: 95
C,Qwen/Qwen2-VL-7B-Instruct,nf4,fewshot,motion_blur,1,44,beignets,beignets,0.95,0.9991338054339092,1,exact,3,Answer: beignets | Confidence: 95
C,Qwen/Qwen2-VL-7B-Instruct,nf4,fewshot,motion_blur,1,45,beignets,beignets,0.95,0.995018223921458,1,exact,3,Answer: beignets | Confidence: 95
C,Qwen/Qwen2-VL-7B-Instruct,nf4,fewshot,motion_blur,1,46,beignets,beignets,0.9,0.9981197317441304,1,exact,3,Answer: beignets | Confidence: 90
C,Qwen/Qwen2-VL-7B-Instruct,nf4,fewshot,motion_blur,1,47,beignets,beignets,0.95,0.9959359765052797,1,exact,3,Answer: beignets | Confidence: 95
C,Qwen/Qwen2-VL-7B-Instruct,nf4,fewshot,motion_blur,1,48,beignets,beignets,0.95,0.9992507696151732,1,exact,3,Answer: beignets | Confidence: 95
C,Qwen/Qwen2-VL-7B-Instruct,nf4,fewshot,motion_blur,1,49,beignets,beignets,0.9,0.999506652355194,1,exact,3,Answer: beignets | Confidence: 90
C,Qwen/Qwen2-VL-7B-Instruct,nf4,fewshot,motion_blur,1,50,beignets,beignets,0.9,0.9988112648328146,1,exact,3,Answer: beignets | Confidence: 90
C,Qwen/Qwen2-VL-7B-Instruct,nf4,fewshot,motion_blur,1,51,beignets,beignets,0.9,0.9969819784164428,1,exact,3,Answer: beignets | Confidence: 90
C,Qwen/Qwen2-VL-7B-Instruct,nf4,fewshot,motion_blur,1,52,beignets,beignets,0.95,0.9990528225898744,1,exact,3,Answer: beignets | Confidence: 95
C,Qwen/Qwen2-VL-7B-Instruct,nf4,fewshot,motion_blur,1,53,beignets,beignets,0.95,0.9984893798828124,1,exact,3,Answer: beignets | Confidence: 95
C,Qwen/Qwen2-VL-7B-Instruct,nf4,fewshot,motion_blur,1,54,beignets,beignets,0.95,0.9989495277404784,1,exact,3,Answer: beignets | Confidence: 95
C,Qwen/Qwen2-VL-7B-Instruct,nf4,fewshot,motion_blur,1,55,beignets,beignets,0.95,0.999098559220632,1,exact,3,Answer: beignets | Confidence: 95
C,Qwen/Qwen2-VL-7B-Instruct,nf4,fewshot,motion_blur,1,56,beignets,beignets,0.95,0.9981304804484048,1,exact,3,Answer: beignets | Confidence: 95
C,Qwen/Qwen2-VL-7B-Instruct,nf4,fewshot,motion_blur,1,57,beignets,beignets,0.95,0.9918942054112752,1,exact,3,Answer: beignets | Confidence: 95
C,Qwen/Qwen2-VL-7B-Instruct,nf4,fewshot,motion_blur,1,58,beignets,beignets,0.95,0.99825253089269,1,exact,3,Answer: beignets | Confidence: 95
C,Qwen/Qwen2-VL-7B-Instruct,nf4,fewshot,motion_blur,1,59,beignets,beignets,0.9,0.9978298942248026,1,exact,3,Answer: beignets | Confidence: 90
C,Qwen/Qwen2-VL-7B-Instruct,nf4,fewshot,motion_blur,1,60,beignets,beignets,0.9,0.953585167725881,1,exact,3,Answer: beignets | Confidence: 90
C,Qwen/Qwen2-VL-7B-Instruct,nf4,fewshot,motion_blur,1,61,beignets,beignets,0.95,0.998805582523346,1,exact,3,Answer: beignets | Confidence: 95
C,Qwen/Qwen2-VL-7B-Instruct,nf4,fewshot,motion_blur,1,62,beignets,beignets,0.95,0.9934257864952089,1,exact,3,Answer: beignets | Confidence: 95
C,Qwen/Qwen2-VL-7B-Instruct,nf4,fewshot,motion_blur,1,63,beignets,beignets,0.9,0.995974620183309,1,exact,3,Answer: beignets | Confidence: 90
C,Qwen/Qwen2-VL-7B-Instruct,nf4,fewshot,motion_blur,1,64,beignets,beignets,0.95,0.9987979928652444,1,exact,3,Answer: beignets | Confidence: 95
C,Qwen/Qwen2-VL-7B-Instruct,nf4,fewshot,motion_blur,1,65,beignets,beignets,0.95,0.999423066775004,1,exact,3,Answer: beignets | Confidence: 95
C,Qwen/Qwen2-VL-7B-Instruct,nf4,fewshot,motion_blur,1,66,beignets,beignets,0.9,0.997873346010844,1,exact,3,Answer: beignets | Confidence: 90
C,Qwen/Qwen2-VL-7B-Instruct,nf4,fewshot,motion_blur,1,67,beignets,beignets,0.9,0.9974857767422994,1,exact,3,Answer: beignets | Confidence: 90
C,Qwen/Qwen2-VL-7B-Instruct,nf4,fewshot,motion_blur,1,68,beignets,beignets,0.95,0.9985437194506328,1,exact,3,Answer: beignets | Confidence: 95
C,Qwen/Qwen2-VL-7B-Instruct,nf4,fewshot,motion_blur,1,69,beignets,beignets,0.9,0.9983052810033164,1,exact,3,Answer: beignets | Confidence: 90
C,Qwen/Qwen2-VL-7B-Instruct,nf4,fewshot,motion_blur,1,70,beignets,beignets,0.95,0.9983423153559366,1,exact,3,Answer: beignets | Confidence: 95
C,Qwen/Qwen2-VL-7B-Instruct,nf4,fewshot,motion_blur,1,71,beignets,beignets,0.9,0.9985846678415934,1,exact,3,Answer: beignets | Confidence: 90
C,Qwen/Qwen2-VL-7B-Instruct,nf4,fewshot,motion_blur,1,72,beignets,beignets,0.95,0.9986938039461772,1,exact,3,Answer: beignets | Confidence: 95
C,Qwen/Qwen2-VL-7B-Instruct,nf4,fewshot,motion_blur,1,73,beignets,beignets,0.95,0.999388853708903,1,exact,3,Answer: beignets | Confidence: 95
C,Qwen/Qwen2-VL-7B-Instruct,nf4,fewshot,motion_blur,1,74,beignets,beignets,0.95,0.9946737289428712,1,exact,3,Answer: beignets | Confidence: 95
C,Qwen/Qwen2-VL-7B-Instruct,nf4,fewshot,motion_blur,1,75,beignets,beignets,0.95,0.9981266856193542,1,exact,3,Answer: beignets | Confidence: 95
C,Qwen/Qwen2-VL-7B-Instruct,nf4,fewshot,motion_blur,1,76,beignets,beignets,0.95,0.9985657334327698,1,exact,3,Answer: beignets | Confidence: 95
C,Qwen/Qwen2-VL-7B-Instruct,nf4,fewshot,motion_blur,1,77,beignets,beignets,0.95,0.9991260965665182,1,exact,3,Answer: beignets | Confidence: 95
C,Qwen/Qwen2-VL-7B-Instruct,nf4,fewshot,motion_blur,1,78,beignets,beignets,0.95,0.9990773797035216,1,exact,3,Answer: beignets | Confidence: 95
C,Qwen/Qwen2-VL-7B-Instruct,nf4,fewshot,motion_blur,1,79,beignets,beignets,0.95,0.9991536339124044,1,exact,3,Answer: beignets | Confidence: 95
C,Qwen/Qwen2-VL-7B-Instruct,nf4,fewshot,motion_blur,1,80,beignets,beignets,0.95,0.9982422590255736,1,exact,3,Answer: beignets | Confidence: 95
C,Qwen/Qwen2-VL-7B-Instruct,nf4,fewshot,motion_blur,1,81,beignets,beignets,0.95,0.9957351287206014,1,exact,3,Answer: beignets | Confidence: 95
C,Qwen/Qwen2-VL-7B-Instruct,nf4,fewshot,motion_blur,1,82,beignets,beignets,0.95,0.9991445342699686,1,exact,3,Answer: beignets | Confidence: 95
C,Qwen/Qwen2-VL-7B-Instruct,nf4,fewshot,motion_blur,1,83,beignets,beignets,0.9,0.995523472627004,1,exact,3,Answer: beignets | Confidence: 90
C,Qwen/Qwen2-VL-7B-Instruct,nf4,fewshot,motion_blur,1,84,beignets,beignets,0.9,0.991519570350647,1,exact,3,Answer: beignets | Confidence: 90
C,Qwen/Qwen2-VL-7B-Instruct,nf4,fewshot,motion_blur,1,85,beignets,beignets,0.95,0.9988706310590107,1,exact,3,Answer: beignets | Confidence: 95
C,Qwen/Qwen2-VL-7B-Instruct,nf4,fewshot,motion_blur,1,86,beignets,beignets,0.9,0.9988647103309632,1,exact,3,Answer: beignets | Confidence: 90
C,Qwen/Qwen2-VL-7B-Instruct,nf4,fewshot,motion_blur,1,87,beignets,beignets,0.95,0.998578667640686,1,exact,3,Answer: beignets | Confidence: 95
C,Qwen/Qwen2-VL-7B-Instruct,nf4,fewshot,motion_blur,1,88,beignets,beignets,0.9,0.9852675994237264,1,exact,3,Answer: beignets | Confidence: 90
C,Qwen/Qwen2-VL-7B-Instruct,nf4,fewshot,motion_blur,1,89,beignets,fried calamari,0.9,0.8265228172143301,0,contains,3,Answer: fried calamari | Confidence: 90
C,Qwen/Qwen2-VL-7B-Instruct,nf4,fewshot,motion_blur,1,90,beignets,beignets,0.9,0.9984529217084248,1,exact,3,Answer: beignets | Confidence: 90
C,Qwen/Qwen2-VL-7B-Instruct,nf4,fewshot,motion_blur,1,91,beignets,beignets,0.95,0.9988228480021158,1,exact,3,Answer: beignets | Confidence: 95
C,Qwen/Qwen2-VL-7B-Instruct,nf4,fewshot,motion_blur,1,92,beignets,beignets,0.95,0.9994023442268372,1,exact,3,Answer: beignets | Confidence: 95
C,Qwen/Qwen2-VL-7B-Instruct,nf4,fewshot,motion_blur,1,93,beignets,beignets,0.9,0.9987164537111918,1,exact,3,Answer: beignets | Confidence: 90
C,Qwen/Qwen2-VL-7B-Instruct,nf4,fewshot,motion_blur,1,94,beignets,beignets,0.95,0.99925434589386,1,exact,3,Answer: beignets | Confidence: 95
C,Qwen/Qwen2-VL-7B-Instruct,nf4,fewshot,motion_blur,1,95,beignets,beignets,0.9,0.9991057713826498,1,exact,3,Answer: beignets | Confidence: 90
C,Qwen/Qwen2-VL-7B-Instruct,nf4,fewshot,motion_blur,1,96,beignets,beignets,0.95,0.9984216094017028,1,exact,3,Answer: beignets | Confidence: 95
C,Qwen/Qwen2-VL-7B-Instruct,nf4,fewshot,motion_blur,1,97,beignets,beignets,0.9,0.9539596835772196,1,exact,3,Answer: beignets | Confidence: 90
C,Qwen/Qwen2-VL-7B-Instruct,nf4,fewshot,motion_blur,1,98,beignets,beignets,0.9,0.9990079005559286,1,exact,3,Answer: beignets | Confidence: 90
C,Qwen/Qwen2-VL-7B-Instruct,nf4,fewshot,motion_blur,1,99,beignets,beignets,0.95,0.9994054834047952,1,exact,3,Answer: beignets | Confidence: 95
C,Qwen/Qwen2-VL-7B-Instruct,nf4,fewshot,motion_blur,2,0,beignets,beignets,0.9,0.997869829336802,1,exact,3,Answer: beignets | Confidence: 90
C,Qwen/Qwen2-VL-7B-Instruct,nf4,fewshot,motion_blur,2,1,beignets,beignets,0.9,0.9882568915685018,1,exact,3,Answer: beignets | Confidence: 90
C,Qwen/Qwen2-VL-7B-Instruct,nf4,fewshot,motion_blur,2,2,beignets,beignets,0.9,0.9994435707728068,1,exact,3,Answer: beignets | Confidence: 90
C,Qwen/Qwen2-VL-7B-Instruct,nf4,fewshot,motion_blur,2,3,beignets,beignets,0.95,0.9986929297447203,1,exact,3,Answer: beignets | Confidence: 95
C,Qwen/Qwen2-VL-7B-Instruct,nf4,fewshot,motion_blur,2,4,beignets,beignets,0.95,0.9995417594909668,1,exact,3,Answer: beignets | Confidence: 95
C,Qwen/Qwen2-VL-7B-Instruct,nf4,fewshot,motion_blur,2,5,beignets,beignets,0.9,0.9991058309872946,1,exact,3,Answer: beignets | Confidence: 90
C,Qwen/Qwen2-VL-7B-Instruct,nf4,fewshot,motion_blur,2,6,beignets,beignets,0.95,0.9992953538894652,1,exact,3,Answer: beignets | Confidence: 95
C,Qwen/Qwen2-VL-7B-Instruct,nf4,fewshot,motion_blur,2,7,beignets,beignets,0.9,0.9984554847081504,1,exact,3,Answer: beignets | Confidence: 90
C,Qwen/Qwen2-VL-7B-Instruct,nf4,fewshot,motion_blur,2,8,beignets,dumplings,0.9,0.7415029108524323,0,contains,2,Answer: dumplings | Confidence: 90
C,Qwen/Qwen2-VL-7B-Instruct,nf4,fewshot,motion_blur,2,9,beignets,beignets,0.9,0.9985858599344888,1,exact,3,Answer: beignets | Confidence: 90
C,Qwen/Qwen2-VL-7B-Instruct,nf4,fewshot,motion_blur,2,10,beignets,beignets,0.9,0.9905121723810832,1,exact,3,Answer: beignets | Confidence: 90
C,Qwen/Qwen2-VL-7B-Instruct,nf4,fewshot,motion_blur,2,11,beignets,beignets,0.9,0.9993472894032795,1,exact,3,Answer: beignets | Confidence: 90
C,Qwen/Qwen2-VL-7B-Instruct,nf4,fewshot,motion_blur,2,12,beignets,beignets,0.9,0.997328519821167,1,exact,3,Answer: beignets | Confidence: 90
C,Qwen/Qwen2-VL-7B-Instruct,nf4,fewshot,motion_blur,2,13,beignets,beignets,0.9,0.9995132287343343,1,exact,3,Answer: beignets | Confidence: 90
C,Qwen/Qwen2-VL-7B-Instruct,nf4,fewshot,motion_blur,2,14,beignets,beignets,0.9,0.9993318915367126,1,exact,3,Answer: beignets | Confidence: 90
C,Qwen/Qwen2-VL-7B-Instruct,nf4,fewshot,motion_blur,2,15,beignets,beignets,0.9,0.9982630213101704,1,exact,3,Answer: beignets | Confidence: 90
C,Qwen/Qwen2-VL-7B-Instruct,nf4,fewshot,motion_blur,2,16,beignets,beignets,0.9,0.9982701142628988,1,exact,3,Answer: beignets | Confidence: 90
C,Qwen/Qwen2-VL-7B-Instruct,nf4,fewshot,motion_blur,2,17,beignets,beignets,0.9,0.9975928664207458,1,exact,3,Answer: beignets | Confidence: 90
C,Qwen/Qwen2-VL-7B-Instruct,nf4,fewshot,motion_blur,2,18,beignets,beignets,0.9,0.9989185531934104,1,exact,3,Answer: beignets | Confidence: 90
C,Qwen/Qwen2-VL-7B-Instruct,nf4,fewshot,motion_blur,2,19,beignets,beignets,0.9,0.9174561699231466,1,exact,3,Answer: beignets | Confidence: 90
C,Qwen/Qwen2-VL-7B-Instruct,nf4,fewshot,motion_blur,2,20,beignets,beignets,0.9,0.9852533340454102,1,exact,3,Answer: beignets | Confidence: 90
C,Qwen/Qwen2-VL-7B-Instruct,nf4,fewshot,motion_blur,2,21,beignets,beignets,0.9,0.9877617955207824,1,exact,3,Answer: beignets | Confidence: 90
C,Qwen/Qwen2-VL-7B-Instruct,nf4,fewshot,motion_blur,2,22,beignets,beignets,0.9,0.9978174368540446,1,exact,3,Answer: beignets | Confidence: 90
C,Qwen/Qwen2-VL-7B-Instruct,nf4,fewshot,motion_blur,2,23,beignets,beignets,0.9,0.9984171787897744,1,exact,3,Answer: beignets | Confidence: 90
C,Qwen/Qwen2-VL-7B-Instruct,nf4,fewshot,motion_blur,2,24,beignets,beignets,0.9,0.9983767867088318,1,exact,3,Answer: beignets | Confidence: 90
C,Qwen/Qwen2-VL-7B-Instruct,nf4,fewshot,motion_blur,2,25,beignets,beignets,0.9,0.9992722471555074,1,exact,3,Answer: beignets | Confidence: 90
C,Qwen/Qwen2-VL-7B-Instruct,nf4,fewshot,motion_blur,2,26,beignets,beignets,0.9,0.9935723940531412,1,exact,3,Answer: beignets | Confidence: 90
C,Qwen/Qwen2-VL-7B-Instruct,nf4,fewshot,motion_blur,2,27,beignets,beignets,0.9,0.998991866906484,1,exact,3,Answer: beignets | Confidence: 90
C,Qwen/Qwen2-VL-7B-Instruct,nf4,fewshot,motion_blur,2,28,beignets,beignets,0.9,0.99870636065801,1,exact,3,Answer: beignets | Confidence: 90
C,Qwen/Qwen2-VL-7B-Instruct,nf4,fewshot,motion_blur,2,29,beignets,beignets,0.9,0.9990424116452536,1,exact,3,Answer: beignets | Confidence: 90
C,Qwen/Qwen2-VL-7B-Instruct,nf4,fewshot,motion_blur,2,30,beignets,beignets,0.9,0.9990926583607992,1,exact,3,Answer: beignets | Confidence: 90
C,Qwen/Qwen2-VL-7B-Instruct,nf4,fewshot,motion_blur,2,31,beignets,creme brulee,0.9,0.9353737711906434,0,contains,5,Answer: creme brulee | Confidence: 90
C,Qwen/Qwen2-VL-7B-Instruct,nf4,fewshot,motion_blur,2,32,beignets,beignets,0.9,0.9906454483668008,1,exact,3,Answer: beignets | Confidence: 90
C,Qwen/Qwen2-VL-7B-Instruct,nf4,fewshot,motion_blur,2,33,beignets,beignets,0.9,0.9967436989148458,1,exact,3,Answer: beignets | Confidence: 90
C,Qwen/Qwen2-VL-7B-Instruct,nf4,fewshot,motion_blur,2,34,beignets,beignets,0.9,0.998487095038096,1,exact,3,Answer: beignets | Confidence: 90
C,Qwen/Qwen2-VL-7B-Instruct,nf4,fewshot,motion_blur,2,35,beignets,beignets,0.9,0.9980878631273904,1,exact,3,Answer: beignets | Confidence: 90
C,Qwen/Qwen2-VL-7B-Instruct,nf4,fewshot,motion_blur,2,36,beignets,beignets,0.9,0.998016635576884,1,exact,3,Answer: beignets | Confidence: 90
C,Qwen/Qwen2-VL-7B-Instruct,nf4,fewshot,motion_blur,2,37,beignets,beignets,0.9,0.99675718943278,1,exact,3,Answer: beignets | Confidence: 90
C,Qwen/Qwen2-VL-7B-Instruct,nf4,fewshot,motion_blur,2,38,beignets,beignets,0.9,0.9983882308006288,1,exact,3,Answer: beignets | Confidence: 90
C,Qwen/Qwen2-VL-7B-Instruct,nf4,fewshot,motion_blur,2,39,beignets,beignets,0.9,0.9986148277918496,1,exact,3,Answer: beignets | Confidence: 90
C,Qwen/Qwen2-VL-7B-Instruct,nf4,fewshot,motion_blur,2,40,beignets,beignets,0.9,0.9981019894282024,1,exact,3,Answer: beignets | Confidence: 90
C,Qwen/Qwen2-VL-7B-Instruct,nf4,fewshot,motion_blur,2,41,beignets,beignets,0.9,0.9994511802991232,1,exact,3,Answer: beignets | Confidence: 90
C,Qwen/Qwen2-VL-7B-Instruct,nf4,fewshot,motion_blur,2,42,beignets,beignets,0.9,0.9917447169621786,1,exact,3,Answer: beignets | Confidence: 90
C,Qwen/Qwen2-VL-7B-Instruct,nf4,fewshot,motion_blur,2,43,beignets,beignets,0.9,0.99907386302948,1,exact,3,Answer: beignets | Confidence: 90
C,Qwen/Qwen2-VL-7B-Instruct,nf4,fewshot,motion_blur,2,44,beignets,beignets,0.9,0.9992228150367736,1,exact,3,Answer: beignets | Confidence: 90
C,Qwen/Qwen2-VL-7B-Instruct,nf4,fewshot,motion_blur,2,45,beignets,beignets,0.9,0.9400160710016886,1,exact,3,Answer: beignets | Confidence: 90
C,Qwen/Qwen2-VL-7B-Instruct,nf4,fewshot,motion_blur,2,46,beignets,beignets,0.9,0.9982964396476746,1,exact,3,Answer: beignets | Confidence: 90
C,Qwen/Qwen2-VL-7B-Instruct,nf4,fewshot,motion_blur,2,47,beignets,beignets,0.9,0.99614155292511,1,exact,3,Answer: beignets | Confidence: 90
C,Qwen/Qwen2-VL-7B-Instruct,nf4,fewshot,motion_blur,2,48,beignets,beignets,0.9,0.999209721883138,1,exact,3,Answer: beignets | Confidence: 90
C,Qwen/Qwen2-VL-7B-Instruct,nf4,fewshot,motion_blur,2,49,beignets,beignets,0.9,0.9994260867436728,1,exact,3,Answer: beignets | Confidence: 90
C,Qwen/Qwen2-VL-7B-Instruct,nf4,fewshot,motion_blur,2,50,beignets,beignets,0.9,0.9985173145929972,1,exact,3,Answer: beignets | Confidence: 90
C,Qwen/Qwen2-VL-7B-Instruct,nf4,fewshot,motion_blur,2,51,beignets,beignets,0.9,0.996724506219228,1,exact,3,Answer: beignets | Confidence: 90
C,Qwen/Qwen2-VL-7B-Instruct,nf4,fewshot,motion_blur,2,52,beignets,beignets,0.9,0.9991249442100524,1,exact,3,Answer: beignets | Confidence: 90
C,Qwen/Qwen2-VL-7B-Instruct,nf4,fewshot,motion_blur,2,53,beignets,beignets,0.95,0.998628298441569,1,exact,3,Answer: beignets | Confidence: 95
C,Qwen/Qwen2-VL-7B-Instruct,nf4,fewshot,motion_blur,2,54,beignets,beignets,0.95,0.9991156061490376,1,exact,3,Answer: beignets | Confidence: 95
C,Qwen/Qwen2-VL-7B-Instruct,nf4,fewshot,motion_blur,2,55,beignets,beignets,0.9,0.9990984400113424,1,exact,3,Answer: beignets | Confidence: 90
C,Qwen/Qwen2-VL-7B-Instruct,nf4,fewshot,motion_blur,2,56,beignets,beignets,0.9,0.994472066561381,1,exact,3,Answer: beignets | Confidence: 90
C,Qwen/Qwen2-VL-7B-Instruct,nf4,fewshot,motion_blur,2,57,beignets,beignets,0.9,0.990749975045522,1,exact,3,Answer: beignets | Confidence: 90
C,Qwen/Qwen2-VL-7B-Instruct,nf4,fewshot,motion_blur,2,58,beignets,beignets,0.9,0.9976690212885538,1,exact,3,Answer: beignets | Confidence: 90
C,Qwen/Qwen2-VL-7B-Instruct,nf4,fewshot,motion_blur,2,59,beignets,beignets,0.9,0.9981065591176352,1,exact,3,Answer: beignets | Confidence: 90
C,Qwen/Qwen2-VL-7B-Instruct,nf4,fewshot,motion_blur,2,60,beignets,beignets,0.9,0.9297979871431986,1,exact,3,Answer: beignets | Confidence: 90
C,Qwen/Qwen2-VL-7B-Instruct,nf4,fewshot,motion_blur,2,61,beignets,beignets,0.9,0.9991049965222676,1,exact,3,Answer: beignets | Confidence: 90
C,Qwen/Qwen2-VL-7B-Instruct,nf4,fewshot,motion_blur,2,62,beignets,beignets,0.9,0.9908515016237894,1,exact,3,Answer: beignets | Confidence: 90
C,Qwen/Qwen2-VL-7B-Instruct,nf4,fewshot,motion_blur,2,63,beignets,beignets,0.9,0.9859977960586548,1,exact,3,Answer: beignets | Confidence: 90
C,Qwen/Qwen2-VL-7B-Instruct,nf4,fewshot,motion_blur,2,64,beignets,beignets,0.9,0.9987321893374124,1,exact,3,Answer: beignets | Confidence: 90
C,Qwen/Qwen2-VL-7B-Instruct,nf4,fewshot,motion_blur,2,65,beignets,beignets,0.9,0.9993847807248434,1,exact,3,Answer: beignets | Confidence: 90
C,Qwen/Qwen2-VL-7B-Instruct,nf4,fewshot,motion_blur,2,66,beignets,beignets,0.9,0.9975537856419882,1,exact,3,Answer: beignets | Confidence: 90
C,Qwen/Qwen2-VL-7B-Instruct,nf4,fewshot,motion_blur,2,67,beignets,beignets,0.9,0.9979909658432008,1,exact,3,Answer: beignets | Confidence: 90
C,Qwen/Qwen2-VL-7B-Instruct,nf4,fewshot,motion_blur,2,68,beignets,beignets,0.9,0.9986661871274312,1,exact,3,Answer: beignets | Confidence: 90
C,Qwen/Qwen2-VL-7B-Instruct,nf4,fewshot,motion_blur,2,69,beignets,beignets,0.9,0.9979899923006692,1,exact,3,Answer: beignets | Confidence: 90
C,Qwen/Qwen2-VL-7B-Instruct,nf4,fewshot,motion_blur,2,70,beignets,beignets,0.9,0.9978431463241576,1,exact,3,Answer: beignets | Confidence: 90
C,Qwen/Qwen2-VL-7B-Instruct,nf4,fewshot,motion_blur,2,71,beignets,beignets,0.9,0.9980128010114034,1,exact,3,Answer: beignets | Confidence: 90
C,Qwen/Qwen2-VL-7B-Instruct,nf4,fewshot,motion_blur,2,72,beignets,beignets,0.9,0.9987050493558248,1,exact,3,Answer: beignets | Confidence: 90
C,Qwen/Qwen2-VL-7B-Instruct,nf4,fewshot,motion_blur,2,73,beignets,beignets,0.9,0.99934454758962,1,exact,3,Answer: beignets | Confidence: 90
C,Qwen/Qwen2-VL-7B-Instruct,nf4,fewshot,motion_blur,2,74,beignets,beignets,0.9,0.9941402475039164,1,exact,3,Answer: beignets | Confidence: 90
C,Qwen/Qwen2-VL-7B-Instruct,nf4,fewshot,motion_blur,2,75,beignets,beignets,0.95,0.9984756310780843,1,exact,3,Answer: beignets | Confidence: 95
C,Qwen/Qwen2-VL-7B-Instruct,nf4,fewshot,motion_blur,2,76,beignets,beignets,0.9,0.9987264474232992,1,exact,3,Answer: beignets | Confidence: 90
C,Qwen/Qwen2-VL-7B-Instruct,nf4,fewshot,motion_blur,2,77,beignets,beignets,0.9,0.9991482297579448,1,exact,3,Answer: beignets | Confidence: 90
C,Qwen/Qwen2-VL-7B-Instruct,nf4,fewshot,motion_blur,2,78,beignets,beignets,0.9,0.9990114569664,1,exact,3,Answer: beignets | Confidence: 90
C,Qwen/Qwen2-VL-7B-Instruct,nf4,fewshot,motion_blur,2,79,beignets,beignets,0.9,0.998825192451477,1,exact,3,Answer: beignets | Confidence: 90
C,Qwen/Qwen2-VL-7B-Instruct,nf4,fewshot,motion_blur,2,80,beignets,beignets,0.9,0.998285154501597,1,exact,3,Answer: beignets | Confidence: 90
C,Qwen/Qwen2-VL-7B-Instruct,nf4,fewshot,motion_blur,2,81,beignets,beignets,0.9,0.994878073533376,1,exact,3,Answer: beignets | Confidence: 90
C,Qwen/Qwen2-VL-7B-Instruct,nf4,fewshot,motion_blur,2,82,beignets,beignets,0.95,0.9992799361546836,1,exact,3,Answer: beignets | Confidence: 95
C,Qwen/Qwen2-VL-7B-Instruct,nf4,fewshot,motion_blur,2,83,beignets,beignets,0.9,0.9941826860109964,1,exact,3,Answer: beignets | Confidence: 90
C,Qwen/Qwen2-VL-7B-Instruct,nf4,fewshot,motion_blur,2,84,beignets,beignets,0.9,0.9811688661575316,1,exact,3,Answer: beignets | Confidence: 90
C,Qwen/Qwen2-VL-7B-Instruct,nf4,fewshot,motion_blur,2,85,beignets,beignets,0.9,0.9985675811767578,1,exact,3,Answer: beignets | Confidence: 90
C,Qwen/Qwen2-VL-7B-Instruct,nf4,fewshot,motion_blur,2,86,beignets,beignets,0.9,0.998799959818522,1,exact,3,Answer: beignets | Confidence: 90
C,Qwen/Qwen2-VL-7B-Instruct,nf4,fewshot,motion_blur,2,87,beignets,beignets,0.95,0.9983596603075664,1,exact,3,Answer: beignets | Confidence: 95
C,Qwen/Qwen2-VL-7B-Instruct,nf4,fewshot,motion_blur,2,88,beignets,beignets,0.9,0.8650373220443726,1,exact,3,Answer: beignets | Confidence: 90
C,Qwen/Qwen2-VL-7B-Instruct,nf4,fewshot,motion_blur,2,89,beignets,fried calamari,0.9,0.7600471278031667,0,contains,3,Answer: fried calamari | Confidence: 90
C,Qwen/Qwen2-VL-7B-Instruct,nf4,fewshot,motion_blur,2,90,beignets,beignets,0.9,0.9980521996816,1,exact,3,Answer: beignets | Confidence: 90
C,Qwen/Qwen2-VL-7B-Instruct,nf4,fewshot,motion_blur,2,91,beignets,beignets,0.9,0.998693346977234,1,exact,3,Answer: beignets | Confidence: 90
C,Qwen/Qwen2-VL-7B-Instruct,nf4,fewshot,motion_blur,2,92,beignets,beignets,0.95,0.9992897113164266,1,exact,3,Answer: beignets | Confidence: 95
C,Qwen/Qwen2-VL-7B-Instruct,nf4,fewshot,motion_blur,2,93,beignets,beignets,0.9,0.9985227982203164,1,exact,3,Answer: beignets | Confidence: 90
C,Qwen/Qwen2-VL-7B-Instruct,nf4,fewshot,motion_blur,2,94,beignets,beignets,0.9,0.9991650382677714,1,exact,3,Answer: beignets | Confidence: 90
C,Qwen/Qwen2-VL-7B-Instruct,nf4,fewshot,motion_blur,2,95,beignets,beignets,0.9,0.9984642267227172,1,exact,3,Answer: beignets | Confidence: 90
C,Qwen/Qwen2-VL-7B-Instruct,nf4,fewshot,motion_blur,2,96,beignets,beignets,0.9,0.9985326925913492,1,exact,3,Answer: beignets | Confidence: 90
C,Qwen/Qwen2-VL-7B-Instruct,nf4,fewshot,motion_blur,2,97,beignets,beignets,0.9,0.9735917647679648,1,exact,3,Answer: beignets | Confidence: 90
C,Qwen/Qwen2-VL-7B-Instruct,nf4,fewshot,motion_blur,2,98,beignets,beignets,0.9,0.9986171722412108,1,exact,3,Answer: beignets | Confidence: 90
C,Qwen/Qwen2-VL-7B-Instruct,nf4,fewshot,motion_blur,2,99,beignets,beignets,0.9,0.9991175333658854,1,exact,3,Answer: beignets | Confidence: 90
C,Qwen/Qwen2-VL-7B-Instruct,nf4,fewshot,motion_blur,3,0,beignets,beignets,0.9,0.9963768323262532,1,exact,3,Answer: beignets | Confidence: 90
C,Qwen/Qwen2-VL-7B-Instruct,nf4,fewshot,motion_blur,3,1,beignets,beignets,0.9,0.9727248549461364,1,exact,3,Answer: beignets | Confidence: 90
C,Qwen/Qwen2-VL-7B-Instruct,nf4,fewshot,motion_blur,3,2,beignets,beignets,0.9,0.9993902842203776,1,exact,3,Answer: beignets | Confidence: 90
C,Qwen/Qwen2-VL-7B-Instruct,nf4,fewshot,motion_blur,3,3,beignets,beignets,0.9,0.998497446378072,1,exact,3,Answer: beignets | Confidence: 90
C,Qwen/Qwen2-VL-7B-Instruct,nf4,fewshot,motion_blur,3,4,beignets,beignets,0.9,0.999534567197164,1,exact,3,Answer: beignets | Confidence: 90
C,Qwen/Qwen2-VL-7B-Instruct,nf4,fewshot,motion_blur,3,5,beignets,beignets,0.9,0.9990095893541971,1,exact,3,Answer: beignets | Confidence: 90
C,Qwen/Qwen2-VL-7B-Instruct,nf4,fewshot,motion_blur,3,6,beignets,beignets,0.9,0.999350885550181,1,exact,3,Answer: beignets | Confidence: 90
C,Qwen/Qwen2-VL-7B-Instruct,nf4,fewshot,motion_blur,3,7,beignets,beignets,0.9,0.995457132657369,1,exact,3,Answer: beignets | Confidence: 90
C,Qwen/Qwen2-VL-7B-Instruct,nf4,fewshot,motion_blur,3,8,beignets,dumplings,0.9,0.7134796679019928,0,contains,2,Answer: dumplings | Confidence: 90
C,Qwen/Qwen2-VL-7B-Instruct,nf4,fewshot,motion_blur,3,9,beignets,beignets,0.95,0.9987968405087788,1,exact,3,Answer: beignets | Confidence: 95
C,Qwen/Qwen2-VL-7B-Instruct,nf4,fewshot,motion_blur,3,10,beignets,beignets,0.9,0.9880186518033346,1,exact,3,Answer: beignets | Confidence: 90
C,Qwen/Qwen2-VL-7B-Instruct,nf4,fewshot,motion_blur,3,11,beignets,beignets,0.9,0.9993727803230286,1,exact,3,Answer: beignets | Confidence: 90
C,Qwen/Qwen2-VL-7B-Instruct,nf4,fewshot,motion_blur,3,12,beignets,beignets,0.9,0.997296412785848,1,exact,3,Answer: beignets | Confidence: 90
C,Qwen/Qwen2-VL-7B-Instruct,nf4,fewshot,motion_blur,3,13,beignets,beignets,0.9,0.9995936751365662,1,exact,3,Answer: beignets | Confidence: 90
C,Qwen/Qwen2-VL-7B-Instruct,nf4,fewshot,motion_blur,3,14,beignets,beignets,0.9,0.999441663424174,1,exact,3,Answer: beignets | Confidence: 90
C,Qwen/Qwen2-VL-7B-Instruct,nf4,fewshot,motion_blur,3,15,beignets,beignets,0.9,0.997681478659312,1,exact,3,Answer: beignets | Confidence: 90
C,Qwen/Qwen2-VL-7B-Instruct,nf4,fewshot,motion_blur,3,16,beignets,beignets,0.9,0.9784139196077982,1,exact,3,Answer: beignets | Confidence: 90
C,Qwen/Qwen2-VL-7B-Instruct,nf4,fewshot,motion_blur,3,17,beignets,beignets,0.9,0.9972513715426128,1,exact,3,Answer: beignets | Confidence: 90
C,Qwen/Qwen2-VL-7B-Instruct,nf4,fewshot,motion_blur,3,18,beignets,beignets,0.95,0.9992061853408812,1,exact,3,Answer: beignets | Confidence: 95
C,Qwen/Qwen2-VL-7B-Instruct,nf4,fewshot,motion_blur,3,19,beignets,beignets,0.9,0.9896110693613688,1,exact,3,Answer: beignets | Confidence: 90
C,Qwen/Qwen2-VL-7B-Instruct,nf4,fewshot,motion_blur,3,20,beignets,beignets,0.9,0.9947642882665,1,exact,3,Answer: beignets | Confidence: 90
C,Qwen/Qwen2-VL-7B-Instruct,nf4,fewshot,motion_blur,3,21,beignets,beignets,0.9,0.9656247695287068,1,exact,3,Answer: beignets | Confidence: 90
C,Qwen/Qwen2-VL-7B-Instruct,nf4,fewshot,motion_blur,3,22,beignets,beignets,0.9,0.8483931422233582,1,exact,3,Answer: beignets | Confidence: 90
C,Qwen/Qwen2-VL-7B-Instruct,nf4,fewshot,motion_blur,3,23,beignets,beignets,0.9,0.9984097480773926,1,exact,3,Answer: beignets | Confidence: 90
C,Qwen/Qwen2-VL-7B-Instruct,nf4,fewshot,motion_blur,3,24,beignets,beignets,0.9,0.9979923367500304,1,exact,3,Answer: beignets | Confidence: 90
C,Qwen/Qwen2-VL-7B-Instruct,nf4,fewshot,motion_blur,3,25,beignets,beignets,0.9,0.9992088476816812,1,exact,3,Answer: beignets | Confidence: 90
C,Qwen/Qwen2-VL-7B-Instruct,nf4,fewshot,motion_blur,3,26,beignets,beignets,0.9,0.9847572843233744,1,exact,3,Answer: beignets | Confidence: 90
C,Qwen/Qwen2-VL-7B-Instruct,nf4,fewshot,motion_blur,3,27,beignets,beignets,0.9,0.9990383187929788,1,exact,3,Answer: beignets | Confidence: 90
C,Qwen/Qwen2-VL-7B-Instruct,nf4,fewshot,motion_blur,3,28,beignets,beignets,0.9,0.9988301396369934,1,exact,3,Answer: beignets | Confidence: 90
C,Qwen/Qwen2-VL-7B-Instruct,nf4,fewshot,motion_blur,3,29,beignets,beignets,0.9,0.9991727868715922,1,exact,3,Answer: beignets | Confidence: 90
C,Qwen/Qwen2-VL-7B-Instruct,nf4,fewshot,motion_blur,3,30,beignets,beignets,0.9,0.9991162419319152,1,exact,3,Answer: beignets | Confidence: 90
C,Qwen/Qwen2-VL-7B-Instruct,nf4,fewshot,motion_blur,3,31,beignets,creme brulee,0.9,0.929918897151947,0,contains,5,Answer: creme brulee | Confidence: 90
C,Qwen/Qwen2-VL-7B-Instruct,nf4,fewshot,motion_blur,3,32,beignets,beignets,0.9,0.988097846508026,1,exact,3,Answer: beignets | Confidence: 90
C,Qwen/Qwen2-VL-7B-Instruct,nf4,fewshot,motion_blur,3,33,beignets,beignets,0.9,0.9967834949493408,1,exact,3,Answer: beignets | Confidence: 90
C,Qwen/Qwen2-VL-7B-Instruct,nf4,fewshot,motion_blur,3,34,beignets,beignets,0.9,0.9987189173698424,1,exact,3,Answer: beignets | Confidence: 90
C,Qwen/Qwen2-VL-7B-Instruct,nf4,fewshot,motion_blur,3,35,beignets,beignets,0.9,0.9757778644561768,1,exact,3,Answer: beignets | Confidence: 90
C,Qwen/Qwen2-VL-7B-Instruct,nf4,fewshot,motion_blur,3,36,beignets,beignets,0.9,0.998214324315389,1,exact,3,Answer: beignets | Confidence: 90
C,Qwen/Qwen2-VL-7B-Instruct,nf4,fewshot,motion_blur,3,37,beignets,beignets,0.9,0.9962572058041892,1,exact,3,Answer: beignets | Confidence: 90
C,Qwen/Qwen2-VL-7B-Instruct,nf4,fewshot,motion_blur,3,38,beignets,beignets,0.9,0.9980356891949972,1,exact,3,Answer: beignets | Confidence: 90
C,Qwen/Qwen2-VL-7B-Instruct,nf4,fewshot,motion_blur,3,39,beignets,beignets,0.9,0.998271346092224,1,exact,3,Answer: beignets | Confidence: 90
C,Qwen/Qwen2-VL-7B-Instruct,nf4,fewshot,motion_blur,3,40,beignets,beignets,0.9,0.997050126393636,1,exact,3,Answer: beignets | Confidence: 90
C,Qwen/Qwen2-VL-7B-Instruct,nf4,fewshot,motion_blur,3,41,beignets,beignets,0.9,0.999544600645701,1,exact,3,Answer: beignets | Confidence: 90
C,Qwen/Qwen2-VL-7B-Instruct,nf4,fewshot,motion_blur,3,42,beignets,beignets,0.9,0.991666316986084,1,exact,3,Answer: beignets | Confidence: 90
C,Qwen/Qwen2-VL-7B-Instruct,nf4,fewshot,motion_blur,3,43,beignets,beignets,0.9,0.9981626073519388,1,exact,3,Answer: beignets | Confidence: 90
C,Qwen/Qwen2-VL-7B-Instruct,nf4,fewshot,motion_blur,3,44,beignets,beignets,0.9,0.9991495013237,1,exact,3,Answer: beignets | Confidence: 90
C,Qwen/Qwen2-VL-7B-Instruct,nf4,fewshot,motion_blur,3,45,beignets,beignets,0.9,0.8210372527440389,1,exact,3,Answer: beignets | Confidence: 90
C,Qwen/Qwen2-VL-7B-Instruct,nf4,fewshot,motion_blur,3,46,beignets,beignets,0.9,0.997867206732432,1,exact,3,Answer: beignets | Confidence: 90
C,Qwen/Qwen2-VL-7B-Instruct,nf4,fewshot,motion_blur,3,47,beignets,beignets,0.9,0.9809807737668356,1,exact,3,Answer: beignets | Confidence: 90
C,Qwen/Qwen2-VL-7B-Instruct,nf4,fewshot,motion_blur,3,48,beignets,beignets,0.9,0.999278704325358,1,exact,3,Answer: beignets | Confidence: 90
C,Qwen/Qwen2-VL-7B-Instruct,nf4,fewshot,motion_blur,3,49,beignets,beignets,0.9,0.9992395440737406,1,exact,3,Answer: beignets | Confidence: 90
C,Qwen/Qwen2-VL-7B-Instruct,nf4,fewshot,motion_blur,3,50,beignets,beignets,0.9,0.9976930419603984,1,exact,3,Answer: beignets | Confidence: 90
C,Qwen/Qwen2-VL-7B-Instruct,nf4,fewshot,motion_blur,3,51,beignets,beignets,0.9,0.9959726134936014,1,exact,3,Answer: beignets | Confidence: 90
C,Qwen/Qwen2-VL-7B-Instruct,nf4,fewshot,motion_blur,3,52,beignets,beignets,0.95,0.9986146688461304,1,exact,3,Answer: beignets | Confidence: 95
C,Qwen/Qwen2-VL-7B-Instruct,nf4,fewshot,motion_blur,3,53,beignets,beignets,0.9,0.9988779425621032,1,exact,3,Answer: beignets | Confidence: 90
C,Qwen/Qwen2-VL-7B-Instruct,nf4,fewshot,motion_blur,3,54,beignets,beignets,0.9,0.9990683396657308,1,exact,3,Answer: beignets | Confidence: 90
C,Qwen/Qwen2-VL-7B-Instruct,nf4,fewshot,motion_blur,3,55,beignets,beignets,0.9,0.999332050482432,1,exact,3,Answer: beignets | Confidence: 90
C,Qwen/Qwen2-VL-7B-Instruct,nf4,fewshot,motion_blur,3,56,beignets,beignets,0.9,0.9186160961786906,1,exact,3,Answer: beignets | Confidence: 90
C,Qwen/Qwen2-VL-7B-Instruct,nf4,fewshot,motion_blur,3,57,beignets,beignets,0.9,0.9854364593823752,1,exact,3,Answer: beignets | Confidence: 90
C,Qwen/Qwen2-VL-7B-Instruct,nf4,fewshot,motion_blur,3,58,beignets,beignets,0.9,0.9971914490063986,1,exact,3,Answer: beignets | Confidence: 90
C,Qwen/Qwen2-VL-7B-Instruct,nf4,fewshot,motion_blur,3,59,beignets,beignets,0.9,0.9979774951934814,1,exact,3,Answer: beignets | Confidence: 90
C,Qwen/Qwen2-VL-7B-Instruct,nf4,fewshot,motion_blur,3,60,beignets,beignets,0.9,0.7608651717503866,1,exact,3,Answer: beignets | Confidence: 90
C,Qwen/Qwen2-VL-7B-Instruct,nf4,fewshot,motion_blur,3,61,beignets,beignets,0.9,0.999209682146708,1,exact,3,Answer: beignets | Confidence: 90
C,Qwen/Qwen2-VL-7B-Instruct,nf4,fewshot,motion_blur,3,62,beignets,beignets,0.9,0.9939794341723124,1,exact,3,Answer: beignets | Confidence: 90
C,Qwen/Qwen2-VL-7B-Instruct,nf4,fewshot,motion_blur,3,63,beignets,beignets,0.9,0.8628696997960409,1,exact,3,Answer: beignets | Confidence: 90
C,Qwen/Qwen2-VL-7B-Instruct,nf4,fewshot,motion_blur,3,64,beignets,beignets,0.9,0.9985490242640176,1,exact,3,Answer: beignets | Confidence: 90
C,Qwen/Qwen2-VL-7B-Instruct,nf4,fewshot,motion_blur,3,65,beignets,beignets,0.9,0.9994425177574158,1,exact,3,Answer: beignets | Confidence: 90
C,Qwen/Qwen2-VL-7B-Instruct,nf4,fewshot,motion_blur,3,66,beignets,beignets,0.9,0.9972297549247742,1,exact,3,Answer: beignets | Confidence: 90
C,Qwen/Qwen2-VL-7B-Instruct,nf4,fewshot,motion_blur,3,67,beignets,beignets,0.9,0.9976556897163392,1,exact,3,Answer: beignets | Confidence: 90
C,Qwen/Qwen2-VL-7B-Instruct,nf4,fewshot,motion_blur,3,68,beignets,beignets,0.9,0.9987736145655314,1,exact,3,Answer: beignets | Confidence: 90
C,Qwen/Qwen2-VL-7B-Instruct,nf4,fewshot,motion_blur,3,69,beignets,beignets,0.9,0.9968886971473694,1,exact,3,Answer: beignets | Confidence: 90
C,Qwen/Qwen2-VL-7B-Instruct,nf4,fewshot,motion_blur,3,70,beignets,beignets,0.9,0.997112512588501,1,exact,3,Answer: beignets | Confidence: 90
C,Qwen/Qwen2-VL-7B-Instruct,nf4,fewshot,motion_blur,3,71,beignets,beignets,0.9,0.9957542220751444,1,exact,3,Answer: beignets | Confidence: 90
C,Qwen/Qwen2-VL-7B-Instruct,nf4,fewshot,motion_blur,3,72,beignets,beignets,0.9,0.9982394774754842,1,exact,3,Answer: beignets | Confidence: 90
C,Qwen/Qwen2-VL-7B-Instruct,nf4,fewshot,motion_blur,3,73,beignets,beignets,0.9,0.9985726873079936,1,exact,3,Answer: beignets | Confidence: 90
C,Qwen/Qwen2-VL-7B-Instruct,nf4,fewshot,motion_blur,3,74,beignets,beignets,0.9,0.9925655325253804,1,exact,3,Answer: beignets | Confidence: 90
C,Qwen/Qwen2-VL-7B-Instruct,nf4,fewshot,motion_blur,3,75,beignets,beignets,0.95,0.9985543688138326,1,exact,3,Answer: beignets | Confidence: 95
C,Qwen/Qwen2-VL-7B-Instruct,nf4,fewshot,motion_blur,3,76,beignets,beignets,0.9,0.9987436532974244,1,exact,3,Answer: beignets | Confidence: 90
C,Qwen/Qwen2-VL-7B-Instruct,nf4,fewshot,motion_blur,3,77,beignets,beignets,0.9,0.9989423751831056,1,exact,3,Answer: beignets | Confidence: 90
C,Qwen/Qwen2-VL-7B-Instruct,nf4,fewshot,motion_blur,3,78,beignets,beignets,0.9,0.9948771397272744,1,exact,3,Answer: beignets | Confidence: 90
C,Qwen/Qwen2-VL-7B-Instruct,nf4,fewshot,motion_blur,3,79,beignets,beignets,0.9,0.9984330336252848,1,exact,3,Answer: beignets | Confidence: 90
C,Qwen/Qwen2-VL-7B-Instruct,nf4,fewshot,motion_blur,3,80,beignets,beignets,0.9,0.9974125623703004,1,exact,3,Answer: beignets | Confidence: 90
C,Qwen/Qwen2-VL-7B-Instruct,nf4,fewshot,motion_blur,3,81,beignets,beignets,0.9,0.9935136238733928,1,exact,3,Answer: beignets | Confidence: 90
C,Qwen/Qwen2-VL-7B-Instruct,nf4,fewshot,motion_blur,3,82,beignets,beignets,0.9,0.9992280801137288,1,exact,3,Answer: beignets | Confidence: 90
C,Qwen/Qwen2-VL-7B-Instruct,nf4,fewshot,motion_blur,3,83,beignets,beignets,0.9,0.9838460286458334,1,exact,3,Answer: beignets | Confidence: 90
C,Qwen/Qwen2-VL-7B-Instruct,nf4,fewshot,motion_blur,3,84,beignets,beignets,0.9,0.990970492362976,1,exact,3,Answer: beignets | Confidence: 90
C,Qwen/Qwen2-VL-7B-Instruct,nf4,fewshot,motion_blur,3,85,beignets,beignets,0.9,0.9939565857251486,1,exact,3,Answer: beignets | Confidence: 90
C,Qwen/Qwen2-VL-7B-Instruct,nf4,fewshot,motion_blur,3,86,beignets,beignets,0.9,0.9990281661351522,1,exact,3,Answer: beignets | Confidence: 90
C,Qwen/Qwen2-VL-7B-Instruct,nf4,fewshot,motion_blur,3,87,beignets,beignets,0.95,0.9987338383992512,1,exact,3,Answer: beignets | Confidence: 95
C,Qwen/Qwen2-VL-7B-Instruct,nf4,fewshot,motion_blur,3,88,beignets,beignets,0.9,0.9287450114885966,1,exact,3,Answer: beignets | Confidence: 90
C,Qwen/Qwen2-VL-7B-Instruct,nf4,fewshot,motion_blur,3,89,beignets,bread pudding,0.9,0.6035477295517921,0,contains,2,Answer: bread pudding | Confidence: 90
C,Qwen/Qwen2-VL-7B-Instruct,nf4,fewshot,motion_blur,3,90,beignets,beignets,0.9,0.9976889689763389,1,exact,3,Answer: beignets | Confidence: 90
C,Qwen/Qwen2-VL-7B-Instruct,nf4,fewshot,motion_blur,3,91,beignets,beignets,0.9,0.9986773133277892,1,exact,3,Answer: beignets | Confidence: 90
C,Qwen/Qwen2-VL-7B-Instruct,nf4,fewshot,motion_blur,3,92,beignets,beignets,0.9,0.9993096391359964,1,exact,3,Answer: beignets | Confidence: 90
C,Qwen/Qwen2-VL-7B-Instruct,nf4,fewshot,motion_blur,3,93,beignets,beignets,0.9,0.9984809358914694,1,exact,3,Answer: beignets | Confidence: 90
C,Qwen/Qwen2-VL-7B-Instruct,nf4,fewshot,motion_blur,3,94,beignets,beignets,0.9,0.9987924098968506,1,exact,3,Answer: beignets | Confidence: 90
C,Qwen/Qwen2-VL-7B-Instruct,nf4,fewshot,motion_blur,3,95,beignets,beignets,0.9,0.997804363568624,1,exact,3,Answer: beignets | Confidence: 90
C,Qwen/Qwen2-VL-7B-Instruct,nf4,fewshot,motion_blur,3,96,beignets,beignets,0.9,0.9965715010960896,1,exact,3,Answer: beignets | Confidence: 90
C,Qwen/Qwen2-VL-7B-Instruct,nf4,fewshot,motion_blur,3,97,beignets,beignets,0.9,0.918845017751058,1,exact,3,Answer: beignets | Confidence: 90
C,Qwen/Qwen2-VL-7B-Instruct,nf4,fewshot,motion_blur,3,98,beignets,beignets,0.9,0.998427907625834,1,exact,3,Answer: beignets | Confidence: 90
C,Qwen/Qwen2-VL-7B-Instruct,nf4,fewshot,motion_blur,3,99,beignets,beignets,0.9,0.9976541002591452,1,exact,3,Answer: beignets | Confidence: 90
C,Qwen/Qwen2-VL-7B-Instruct,nf4,fewshot,resample,1,0,beignets,beignets,0.95,0.998558223247528,1,exact,3,Answer: beignets | Confidence: 95
C,Qwen/Qwen2-VL-7B-Instruct,nf4,fewshot,resample,1,1,beignets,beignets,0.9,0.995306392510732,1,exact,3,Answer: beignets | Confidence: 90
C,Qwen/Qwen2-VL-7B-Instruct,nf4,fewshot,resample,1,2,beignets,beignets,0.95,0.9993953903516134,1,exact,3,Answer: beignets | Confidence: 95
C,Qwen/Qwen2-VL-7B-Instruct,nf4,fewshot,resample,1,3,beignets,beignets,0.95,0.9988288482030232,1,exact,3,Answer: beignets | Confidence: 95
C,Qwen/Qwen2-VL-7B-Instruct,nf4,fewshot,resample,1,4,beignets,beignets,0.95,0.9996542533238728,1,exact,3,Answer: beignets | Confidence: 95
C,Qwen/Qwen2-VL-7B-Instruct,nf4,fewshot,resample,1,5,beignets,beignets,0.95,0.9990678230921428,1,exact,3,Answer: beignets | Confidence: 95
C,Qwen/Qwen2-VL-7B-Instruct,nf4,fewshot,resample,1,6,beignets,beignets,0.95,0.9991040825843812,1,exact,3,Answer: beignets | Confidence: 95
C,Qwen/Qwen2-VL-7B-Instruct,nf4,fewshot,resample,1,7,beignets,beignets,0.9,0.9989533027013144,1,exact,3,Answer: beignets | Confidence: 90
C,Qwen/Qwen2-VL-7B-Instruct,nf4,fewshot,resample,1,8,beignets,dumplings,0.9,0.734045147895813,0,contains,2,Answer: dumplings | Confidence: 90
C,Qwen/Qwen2-VL-7B-Instruct,nf4,fewshot,resample,1,9,beignets,beignets,0.9,0.9984516898790996,1,exact,3,Answer: beignets | Confidence: 90
C,Qwen/Qwen2-VL-7B-Instruct,nf4,fewshot,resample,1,10,beignets,beignets,0.9,0.9846341808636984,1,exact,3,Answer: beignets | Confidence: 90
C,Qwen/Qwen2-VL-7B-Instruct,nf4,fewshot,resample,1,11,beignets,beignets,0.9,0.9994873404502868,1,exact,3,Answer: beignets | Confidence: 90
C,Qwen/Qwen2-VL-7B-Instruct,nf4,fewshot,resample,1,12,beignets,beignets,0.9,0.9983092347780864,1,exact,3,Answer: beignets | Confidence: 90
C,Qwen/Qwen2-VL-7B-Instruct,nf4,fewshot,resample,1,13,beignets,beignets,0.95,0.9995299379030864,1,exact,3,Answer: beignets | Confidence: 95
C,Qwen/Qwen2-VL-7B-Instruct,nf4,fewshot,resample,1,14,beignets,beignets,0.95,0.9996896584828696,1,exact,3,Answer: beignets | Confidence: 95
C,Qwen/Qwen2-VL-7B-Instruct,nf4,fewshot,resample,1,15,beignets,beignets,0.9,0.9986278613408408,1,exact,3,Answer: beignets | Confidence: 90
C,Qwen/Qwen2-VL-7B-Instruct,nf4,fewshot,resample,1,16,beignets,beignets,0.9,0.998674233754476,1,exact,3,Answer: beignets | Confidence: 90
C,Qwen/Qwen2-VL-7B-Instruct,nf4,fewshot,resample,1,17,beignets,beignets,0.95,0.9979620178540548,1,exact,3,Answer: beignets | Confidence: 95
C,Qwen/Qwen2-VL-7B-Instruct,nf4,fewshot,resample,1,18,beignets,beignets,0.95,0.9988983472188314,1,exact,3,Answer: beignets | Confidence: 95
C,Qwen/Qwen2-VL-7B-Instruct,nf4,fewshot,resample,1,19,beignets,beignets,0.9,0.8415906429290771,1,exact,3,Answer: beignets | Confidence: 90
C,Qwen/Qwen2-VL-7B-Instruct,nf4,fewshot,resample,1,20,beignets,beignets,0.9,0.9931063453356423,1,exact,3,Answer: beignets | Confidence: 90
C,Qwen/Qwen2-VL-7B-Instruct,nf4,fewshot,resample,1,21,beignets,beignets,0.9,0.9863956967989604,1,exact,3,Answer: beignets | Confidence: 90
C,Qwen/Qwen2-VL-7B-Instruct,nf4,fewshot,resample,1,22,beignets,beignets,0.9,0.998764952023824,1,exact,3,Answer: beignets | Confidence: 90
C,Qwen/Qwen2-VL-7B-Instruct,nf4,fewshot,resample,1,23,beignets,beignets,0.9,0.9983237187067668,1,exact,3,Answer: beignets | Confidence: 90
C,Qwen/Qwen2-VL-7B-Instruct,nf4,fewshot,resample,1,24,beignets,beignets,0.95,0.9979660312334696,1,exact,3,Answer: beignets | Confidence: 95
C,Qwen/Qwen2-VL-7B-Instruct,nf4,fewshot,resample,1,25,beignets,beignets,0.95,0.9993362029393514,1,exact,3,Answer: beignets | Confidence: 95
C,Qwen/Qwen2-VL-7B-Instruct,nf4,fewshot,resample,1,26,beignets,beignets,0.9,0.9971272349357604,1,exact,3,Answer: beignets | Confidence: 90
C,Qwen/Qwen2-VL-7B-Instruct,nf4,fewshot,resample,1,27,beignets,beignets,0.9,0.9989896615346272,1,exact,3,Answer: beignets | Confidence: 90
C,Qwen/Qwen2-VL-7B-Instruct,nf4,fewshot,resample,1,28,beignets,beignets,0.9,0.998638908068339,1,exact,3,Answer: beignets | Confidence: 90
C,Qwen/Qwen2-VL-7B-Instruct,nf4,fewshot,resample,1,29,beignets,beignets,0.95,0.999586800734202,1,exact,3,Answer: beignets | Confidence: 95
C,Qwen/Qwen2-VL-7B-Instruct,nf4,fewshot,resample,1,30,beignets,beignets,0.9,0.9995526870091757,1,exact,3,Answer: beignets | Confidence: 90
C,Qwen/Qwen2-VL-7B-Instruct,nf4,fewshot,resample,1,31,beignets,beignets,0.9,0.9493608872095743,1,exact,3,Answer: beignets | Confidence: 90
C,Qwen/Qwen2-VL-7B-Instruct,nf4,fewshot,resample,1,32,beignets,beignets,0.9,0.9960777958234152,1,exact,3,Answer: beignets | Confidence: 90
C,Qwen/Qwen2-VL-7B-Instruct,nf4,fewshot,resample,1,33,beignets,beignets,0.95,0.9974355896313986,1,exact,3,Answer: beignets | Confidence: 95
C,Qwen/Qwen2-VL-7B-Instruct,nf4,fewshot,resample,1,34,beignets,beignets,0.95,0.9983506600062052,1,exact,3,Answer: beignets | Confidence: 95
C,Qwen/Qwen2-VL-7B-Instruct,nf4,fewshot,resample,1,35,beignets,beignets,0.9,0.9983574549357096,1,exact,3,Answer: beignets | Confidence: 90
C,Qwen/Qwen2-VL-7B-Instruct,nf4,fewshot,resample,1,36,beignets,beignets,0.9,0.9981415470441184,1,exact,3,Answer: beignets | Confidence: 90
C,Qwen/Qwen2-VL-7B-Instruct,nf4,fewshot,resample,1,37,beignets,beignets,0.9,0.9969104131062826,1,exact,3,Answer: beignets | Confidence: 90
C,Qwen/Qwen2-VL-7B-Instruct,nf4,fewshot,resample,1,38,beignets,beignets,0.95,0.9985832969347636,1,exact,3,Answer: beignets | Confidence: 95
C,Qwen/Qwen2-VL-7B-Instruct,nf4,fewshot,resample,1,39,beignets,beignets,0.95,0.998766819636027,1,exact,3,Answer: beignets | Confidence: 95
C,Qwen/Qwen2-VL-7B-Instruct,nf4,fewshot,resample,1,40,beignets,beignets,0.9,0.9980932474136353,1,exact,3,Answer: beignets | Confidence: 90
C,Qwen/Qwen2-VL-7B-Instruct,nf4,fewshot,resample,1,41,beignets,beignets,0.9,0.9995404879252116,1,exact,3,Answer: beignets | Confidence: 90
C,Qwen/Qwen2-VL-7B-Instruct,nf4,fewshot,resample,1,42,beignets,beignets,0.95,0.994254469871521,1,exact,3,Answer: beignets | Confidence: 95
C,Qwen/Qwen2-VL-7B-Instruct,nf4,fewshot,resample,1,43,beignets,beignets,0.95,0.9989951848983764,1,exact,3,Answer: beignets | Confidence: 95
C,Qwen/Qwen2-VL-7B-Instruct,nf4,fewshot,resample,1,44,beignets,beignets,0.95,0.9991748929023744,1,exact,3,Answer: beignets | Confidence: 95
C,Qwen/Qwen2-VL-7B-Instruct,nf4,fewshot,resample,1,45,beignets,beignets,0.95,0.997762123743693,1,exact,3,Answer: beignets | Confidence: 95
C,Qwen/Qwen2-VL-7B-Instruct,nf4,fewshot,resample,1,46,beignets,beignets,0.9,0.997933546702067,1,exact,3,Answer: beignets | Confidence: 90
C,Qwen/Qwen2-VL-7B-Instruct,nf4,fewshot,resample,1,47,beignets,beignets,0.95,0.9962507486343384,1,exact,3,Answer: beignets | Confidence: 95
C,Qwen/Qwen2-VL-7B-Instruct,nf4,fewshot,resample,1,48,beignets,beignets,0.95,0.9992661674817404,1,exact,3,Answer: beignets | Confidence: 95
C,Qwen/Qwen2-VL-7B-Instruct,nf4,fewshot,resample,1,49,beignets,beignets,0.9,0.999619205792745,1,exact,3,Answer: beignets | Confidence: 90
C,Qwen/Qwen2-VL-7B-Instruct,nf4,fewshot,resample,1,50,beignets,beignets,0.95,0.99874875942866,1,exact,3,Answer: beignets | Confidence: 95
C,Qwen/Qwen2-VL-7B-Instruct,nf4,fewshot,resample,1,51,beignets,beignets,0.9,0.9979257980982462,1,exact,3,Answer: beignets | Confidence: 90
C,Qwen/Qwen2-VL-7B-Instruct,nf4,fewshot,resample,1,52,beignets,beignets,0.95,0.999182919661204,1,exact,3,Answer: beignets | Confidence: 95
C,Qwen/Qwen2-VL-7B-Instruct,nf4,fewshot,resample,1,53,beignets,beignets,0.95,0.9987369974454244,1,exact,3,Answer: beignets | Confidence: 95
C,Qwen/Qwen2-VL-7B-Instruct,nf4,fewshot,resample,1,54,beignets,beignets,0.95,0.9991366863250732,1,exact,3,Answer: beignets | Confidence: 95
C,Qwen/Qwen2-VL-7B-Instruct,nf4,fewshot,resample,1,55,beignets,beignets,0.95,0.9993134140968324,1,exact,3,Answer: beignets | Confidence: 95
C,Qwen/Qwen2-VL-7B-Instruct,nf4,fewshot,resample,1,56,beignets,beignets,0.9,0.9985939860343932,1,exact,3,Answer: beignets | Confidence: 90
C,Qwen/Qwen2-VL-7B-Instruct,nf4,fewshot,resample,1,57,beignets,beignets,0.95,0.9918643037478128,1,exact,3,Answer: beignets | Confidence: 95
C,Qwen/Qwen2-VL-7B-Instruct,nf4,fewshot,resample,1,58,beignets,beignets,0.95,0.9982507228851318,1,exact,3,Answer: beignets | Confidence: 95
C,Qwen/Qwen2-VL-7B-Instruct,nf4,fewshot,resample,1,59,beignets,beignets,0.9,0.998274008433024,1,exact,3,Answer: beignets | Confidence: 90
C,Qwen/Qwen2-VL-7B-Instruct,nf4,fewshot,resample,1,60,beignets,beignets,0.9,0.9005512197812399,1,exact,3,Answer: beignets | Confidence: 90
C,Qwen/Qwen2-VL-7B-Instruct,nf4,fewshot,resample,1,61,beignets,beignets,0.95,0.9992682933807372,1,exact,3,Answer: beignets | Confidence: 95
C,Qwen/Qwen2-VL-7B-Instruct,nf4,fewshot,resample,1,62,beignets,beignets,0.9,0.9897228678067526,1,exact,3,Answer: beignets | Confidence: 90
C,Qwen/Qwen2-VL-7B-Instruct,nf4,fewshot,resample,1,63,beignets,beignets,0.9,0.99746706088384,1,exact,3,Answer: beignets | Confidence: 90
C,Qwen/Qwen2-VL-7B-Instruct,nf4,fewshot,resample,1,64,beignets,beignets,0.95,0.998971700668335,1,exact,3,Answer: beignets | Confidence: 95
C,Qwen/Qwen2-VL-7B-Instruct,nf4,fewshot,resample,1,65,beignets,beignets,0.95,0.9994500080744424,1,exact,3,Answer: beignets | Confidence: 95
C,Qwen/Qwen2-VL-7B-Instruct,nf4,fewshot,resample,1,66,beignets,beignets,0.9,0.9981157779693604,1,exact,3,Answer: beignets | Confidence: 90
C,Qwen/Qwen2-VL-7B-Instruct,nf4,fewshot,resample,1,67,beignets,beignets,0.9,0.9972608685493468,1,exact,3,Answer: beignets | Confidence: 90
C,Qwen/Qwen2-VL-7B-Instruct,nf4,fewshot,resample,1,68,beignets,beignets,0.95,0.9990606904029846,1,exact,3,Answer: beignets | Confidence: 95
C,Qwen/Qwen2-VL-7B-Instruct,nf4,fewshot,resample,1,69,beignets,beignets,0.9,0.9980293313662212,1,exact,3,Answer: beignets | Confidence: 90
C,Qwen/Qwen2-VL-7B-Instruct,nf4,fewshot,resample,1,70,beignets,beignets,0.9,0.9988964001337688,1,exact,3,Answer: beignets | Confidence: 90
C,Qwen/Qwen2-VL-7B-Instruct,nf4,fewshot,resample,1,71,beignets,beignets,0.9,0.9989193677902222,1,exact,3,Answer: beignets | Confidence: 90
C,Qwen/Qwen2-VL-7B-Instruct,nf4,fewshot,resample,1,72,beignets,beignets,0.95,0.9985295931498208,1,exact,3,Answer: beignets | Confidence: 95
C,Qwen/Qwen2-VL-7B-Instruct,nf4,fewshot,resample,1,73,beignets,beignets,0.95,0.9994474252065024,1,exact,3,Answer: beignets | Confidence: 95
C,Qwen/Qwen2-VL-7B-Instruct,nf4,fewshot,resample,1,74,beignets,beignets,0.95,0.9953448375066122,1,exact,3,Answer: beignets | Confidence: 95
C,Qwen/Qwen2-VL-7B-Instruct,nf4,fewshot,resample,1,75,beignets,beignets,0.95,0.99847149848938,1,exact,3,Answer: beignets | Confidence: 95
C,Qwen/Qwen2-VL-7B-Instruct,nf4,fewshot,resample,1,76,beignets,beignets,0.95,0.9986939827601116,1,exact,3,Answer: beignets | Confidence: 95
C,Qwen/Qwen2-VL-7B-Instruct,nf4,fewshot,resample,1,77,beignets,beignets,0.95,0.99927020072937,1,exact,3,Answer: beignets | Confidence: 95
C,Qwen/Qwen2-VL-7B-Instruct,nf4,fewshot,resample,1,78,beignets,beignets,0.95,0.9991511901219686,1,exact,3,Answer: beignets | Confidence: 95
C,Qwen/Qwen2-VL-7B-Instruct,nf4,fewshot,resample,1,79,beignets,beignets,0.9,0.9994815190633138,1,exact,3,Answer: beignets | Confidence: 90
C,Qwen/Qwen2-VL-7B-Instruct,nf4,fewshot,resample,1,80,beignets,beignets,0.95,0.9986884792645772,1,exact,3,Answer: beignets | Confidence: 95
C,Qwen/Qwen2-VL-7B-Instruct,nf4,fewshot,resample,1,81,beignets,beignets,0.95,0.9948772390683492,1,exact,3,Answer: beignets | Confidence: 95
C,Qwen/Qwen2-VL-7B-Instruct,nf4,fewshot,resample,1,82,beignets,beignets,0.95,0.9992786049842834,1,exact,3,Answer: beignets | Confidence: 95
C,Qwen/Qwen2-VL-7B-Instruct,nf4,fewshot,resample,1,83,beignets,beignets,0.9,0.9942851662635804,1,exact,3,Answer: beignets | Confidence: 90
C,Qwen/Qwen2-VL-7B-Instruct,nf4,fewshot,resample,1,84,beignets,beignets,0.9,0.978625476360321,1,exact,3,Answer: beignets | Confidence: 90
C,Qwen/Qwen2-VL-7B-Instruct,nf4,fewshot,resample,1,85,beignets,beignets,0.9,0.998902420202891,1,exact,3,Answer: beignets | Confidence: 90
C,Qwen/Qwen2-VL-7B-Instruct,nf4,fewshot,resample,1,86,beignets,beignets,0.9,0.999035120010376,1,exact,3,Answer: beignets | Confidence: 90
C,Qwen/Qwen2-VL-7B-Instruct,nf4,fewshot,resample,1,87,beignets,beignets,0.9,0.9982916712760924,1,exact,3,Answer: beignets | Confidence: 90
C,Qwen/Qwen2-VL-7B-Instruct,nf4,fewshot,resample,1,88,beignets,beignets,0.9,0.9876695871353148,1,exact,3,Answer: beignets | Confidence: 90
C,Qwen/Qwen2-VL-7B-Instruct,nf4,fewshot,resample,1,89,beignets,fried calamari,0.9,0.8221564292907715,0,contains,3,Answer: fried calamari | Confidence: 90
C,Qwen/Qwen2-VL-7B-Instruct,nf4,fewshot,resample,1,90,beignets,beignets,0.9,0.9985422293345132,1,exact,3,Answer: beignets | Confidence: 90
C,Qwen/Qwen2-VL-7B-Instruct,nf4,fewshot,resample,1,91,beignets,beignets,0.95,0.999047597249349,1,exact,3,Answer: beignets | Confidence: 95
C,Qwen/Qwen2-VL-7B-Instruct,nf4,fewshot,resample,1,92,beignets,beignets,0.95,0.9993481238683064,1,exact,3,Answer: beignets | Confidence: 95
C,Qwen/Qwen2-VL-7B-Instruct,nf4,fewshot,resample,1,93,beignets,beignets,0.9,0.9987560709317526,1,exact,3,Answer: beignets | Confidence: 90
C,Qwen/Qwen2-VL-7B-Instruct,nf4,fewshot,resample,1,94,beignets,beignets,0.95,0.9994258483250936,1,exact,3,Answer: beignets | Confidence: 95
C,Qwen/Qwen2-VL-7B-Instruct,nf4,fewshot,resample,1,95,beignets,beignets,0.95,0.9993762175242106,1,exact,3,Answer: beignets | Confidence: 95
C,Qwen/Qwen2-VL-7B-Instruct,nf4,fewshot,resample,1,96,beignets,beignets,0.9,0.9983805616696676,1,exact,3,Answer: beignets | Confidence: 90
C,Qwen/Qwen2-VL-7B-Instruct,nf4,fewshot,resample,1,97,beignets,beignets,0.9,0.9681782921155294,1,exact,3,Answer: beignets | Confidence: 90
C,Qwen/Qwen2-VL-7B-Instruct,nf4,fewshot,resample,1,98,beignets,beignets,0.9,0.998947004477183,1,exact,3,Answer: beignets | Confidence: 90
C,Qwen/Qwen2-VL-7B-Instruct,nf4,fewshot,resample,1,99,beignets,beignets,0.9,0.9994100332260132,1,exact,3,Answer: beignets | Confidence: 90
C,Qwen/Qwen2-VL-7B-Instruct,nf4,fewshot,resample,2,0,beignets,beignets,0.9,0.9986453056335448,1,exact,3,Answer: beignets | Confidence: 90
C,Qwen/Qwen2-VL-7B-Instruct,nf4,fewshot,resample,2,1,beignets,beignets,0.9,0.99096417427063,1,exact,3,Answer: beignets | Confidence: 90
C,Qwen/Qwen2-VL-7B-Instruct,nf4,fewshot,resample,2,2,beignets,beignets,0.95,0.9994042913118998,1,exact,3,Answer: beignets | Confidence: 95
C,Qwen/Qwen2-VL-7B-Instruct,nf4,fewshot,resample,2,3,beignets,beignets,0.95,0.9988196889559428,1,exact,3,Answer: beignets | Confidence: 95
C,Qwen/Qwen2-VL-7B-Instruct,nf4,fewshot,resample,2,4,beignets,beignets,0.95,0.9995618065198264,1,exact,3,Answer: beignets | Confidence: 95
C,Qwen/Qwen2-VL-7B-Instruct,nf4,fewshot,resample,2,5,beignets,beignets,0.95,0.9991491039594016,1,exact,3,Answer: beignets | Confidence: 95
C,Qwen/Qwen2-VL-7B-Instruct,nf4,fewshot,resample,2,6,beignets,beignets,0.95,0.9992929100990297,1,exact,3,Answer: beignets | Confidence: 95
C,Qwen/Qwen2-VL-7B-Instruct,nf4,fewshot,resample,2,7,beignets,beignets,0.9,0.9989988009134928,1,exact,3,Answer: beignets | Confidence: 90
C,Qwen/Qwen2-VL-7B-Instruct,nf4,fewshot,resample,2,8,beignets,dumplings,0.9,0.9036383330821992,0,contains,2,Answer: dumplings | Confidence: 90
C,Qwen/Qwen2-VL-7B-Instruct,nf4,fewshot,resample,2,9,beignets,beignets,0.9,0.9983169039090476,1,exact,3,Answer: beignets | Confidence: 90
C,Qwen/Qwen2-VL-7B-Instruct,nf4,fewshot,resample,2,10,beignets,beignets,0.9,0.9905630548795064,1,exact,3,Answer: beignets | Confidence: 90
C,Qwen/Qwen2-VL-7B-Instruct,nf4,fewshot,resample,2,11,beignets,beignets,0.9,0.9994758168856304,1,exact,3,Answer: beignets | Confidence: 90
C,Qwen/Qwen2-VL-7B-Instruct,nf4,fewshot,resample,2,12,beignets,beignets,0.9,0.998301068941752,1,exact,3,Answer: beignets | Confidence: 90
C,Qwen/Qwen2-VL-7B-Instruct,nf4,fewshot,resample,2,13,beignets,beignets,0.95,0.9994942943255106,1,exact,3,Answer: beignets | Confidence: 95
C,Qwen/Qwen2-VL-7B-Instruct,nf4,fewshot,resample,2,14,beignets,beignets,0.95,0.9996077020963032,1,exact,3,Answer: beignets | Confidence: 95
C,Qwen/Qwen2-VL-7B-Instruct,nf4,fewshot,resample,2,15,beignets,beignets,0.9,0.9982738296190896,1,exact,3,Answer: beignets | Confidence: 90
C,Qwen/Qwen2-VL-7B-Instruct,nf4,fewshot,resample,2,16,beignets,beignets,0.9,0.998475154240926,1,exact,3,Answer: beignets | Confidence: 90
C,Qwen/Qwen2-VL-7B-Instruct,nf4,fewshot,resample,2,17,beignets,beignets,0.9,0.9977760116259256,1,exact,3,Answer: beignets | Confidence: 90
C,Qwen/Qwen2-VL-7B-Instruct,nf4,fewshot,resample,2,18,beignets,beignets,0.9,0.9988429347674052,1,exact,3,Answer: beignets | Confidence: 90
C,Qwen/Qwen2-VL-7B-Instruct,nf4,fewshot,resample,2,19,beignets,beignets,0.9,0.987407128016154,1,exact,3,Answer: beignets | Confidence: 90
C,Qwen/Qwen2-VL-7B-Instruct,nf4,fewshot,resample,2,20,beignets,beignets,0.9,0.9733254313468932,1,exact,3,Answer: beignets | Confidence: 90
C,Qwen/Qwen2-VL-7B-Instruct,nf4,fewshot,resample,2,21,beignets,beignets,0.9,0.982735812664032,1,exact,3,Answer: beignets | Confidence: 90
C,Qwen/Qwen2-VL-7B-Instruct,nf4,fewshot,resample,2,22,beignets,beignets,0.9,0.997892697652181,1,exact,3,Answer: beignets | Confidence: 90
C,Qwen/Qwen2-VL-7B-Instruct,nf4,fewshot,resample,2,23,beignets,beignets,0.9,0.9987562894821168,1,exact,3,Answer: beignets | Confidence: 90
C,Qwen/Qwen2-VL-7B-Instruct,nf4,fewshot,resample,2,24,beignets,beignets,0.9,0.9983571370442708,1,exact,3,Answer: beignets | Confidence: 90
C,Qwen/Qwen2-VL-7B-Instruct,nf4,fewshot,resample,2,25,beignets,beignets,0.9,0.9992639819780984,1,exact,3,Answer: beignets | Confidence: 90
C,Qwen/Qwen2-VL-7B-Instruct,nf4,fewshot,resample,2,26,beignets,beignets,0.9,0.9961946209271748,1,exact,3,Answer: beignets | Confidence: 90
C,Qwen/Qwen2-VL-7B-Instruct,nf4,fewshot,resample,2,27,beignets,beignets,0.9,0.9990071455637614,1,exact,3,Answer: beignets | Confidence: 90
C,Qwen/Qwen2-VL-7B-Instruct,nf4,fewshot,resample,2,28,beignets,beignets,0.9,0.998668392499288,1,exact,3,Answer: beignets | Confidence: 90
C,Qwen/Qwen2-VL-7B-Instruct,nf4,fewshot,resample,2,29,beignets,beignets,0.95,0.9993533889452616,1,exact,3,Answer: beignets | Confidence: 95
C,Qwen/Qwen2-VL-7B-Instruct,nf4,fewshot,resample,2,30,beignets,beignets,0.9,0.9994245767593384,1,exact,3,Answer: beignets | Confidence: 90
C,Qwen/Qwen2-VL-7B-Instruct,nf4,fewshot,resample,2,31,beignets,beignets,0.9,0.9004739920298258,1,exact,3,Answer: beignets | Confidence: 90
C,Qwen/Qwen2-VL-7B-Instruct,nf4,fewshot,resample,2,32,beignets,beignets,0.9,0.9953923026720682,1,exact,3,Answer: beignets | Confidence: 90
C,Qwen/Qwen2-VL-7B-Instruct,nf4,fewshot,resample,2,33,beignets,beignets,0.95,0.9967113335927328,1,exact,3,Answer: beignets | Confidence: 95
C,Qwen/Qwen2-VL-7B-Instruct,nf4,fewshot,resample,2,34,beignets,beignets,0.9,0.9987085262934366,1,exact,3,Answer: beignets | Confidence: 90
C,Qwen/Qwen2-VL-7B-Instruct,nf4,fewshot,resample,2,35,beignets,beignets,0.9,0.9986024896303812,1,exact,3,Answer: beignets | Confidence: 90
C,Qwen/Qwen2-VL-7B-Instruct,nf4,fewshot,resample,2,36,beignets,beignets,0.9,0.9982982476552328,1,exact,3,Answer: beignets | Confidence: 90
C,Qwen/Qwen2-VL-7B-Instruct,nf4,fewshot,resample,2,37,beignets,beignets,0.9,0.9958189527193704,1,exact,3,Answer: beignets | Confidence: 90
C,Qwen/Qwen2-VL-7B-Instruct,nf4,fewshot,resample,2,38,beignets,beignets,0.9,0.9986621538798014,1,exact,3,Answer: beignets | Confidence: 90
C,Qwen/Qwen2-VL-7B-Instruct,nf4,fewshot,resample,2,39,beignets,beignets,0.9,0.9985315004984536,1,exact,3,Answer: beignets | Confidence: 90
C,Qwen/Qwen2-VL-7B-Instruct,nf4,fewshot,resample,2,40,beignets,beignets,0.9,0.9979712764422098,1,exact,3,Answer: beignets | Confidence: 90
C,Qwen/Qwen2-VL-7B-Instruct,nf4,fewshot,resample,2,41,beignets,beignets,0.9,0.99951966603597,1,exact,3,Answer: beignets | Confidence: 90
C,Qwen/Qwen2-VL-7B-Instruct,nf4,fewshot,resample,2,42,beignets,beignets,0.95,0.9937916994094848,1,exact,3,Answer: beignets | Confidence: 95
C,Qwen/Qwen2-VL-7B-Instruct,nf4,fewshot,resample,2,43,beignets,beignets,0.9,0.998830258846283,1,exact,3,Answer: beignets | Confidence: 90
C,Qwen/Qwen2-VL-7B-Instruct,nf4,fewshot,resample,2,44,beignets,beignets,0.95,0.9991959929466248,1,exact,3,Answer: beignets | Confidence: 95
C,Qwen/Qwen2-VL-7B-Instruct,nf4,fewshot,resample,2,45,beignets,beignets,0.95,0.9956044554710388,1,exact,3,Answer: beignets | Confidence: 95
C,Qwen/Qwen2-VL-7B-Instruct,nf4,fewshot,resample,2,46,beignets,beignets,0.9,0.9985429247220358,1,exact,3,Answer: beignets | Confidence: 90
C,Qwen/Qwen2-VL-7B-Instruct,nf4,fewshot,resample,2,47,beignets,beignets,0.9,0.9959639509518942,1,exact,3,Answer: beignets | Confidence: 90
C,Qwen/Qwen2-VL-7B-Instruct,nf4,fewshot,resample,2,48,beignets,beignets,0.95,0.9992431004842124,1,exact,3,Answer: beignets | Confidence: 95
C,Qwen/Qwen2-VL-7B-Instruct,nf4,fewshot,resample,2,49,beignets,beignets,0.9,0.9995185732841492,1,exact,3,Answer: beignets | Confidence: 90
C,Qwen/Qwen2-VL-7B-Instruct,nf4,fewshot,resample,2,50,beignets,beignets,0.9,0.9974578817685446,1,exact,3,Answer: beignets | Confidence: 90
C,Qwen/Qwen2-VL-7B-Instruct,nf4,fewshot,resample,2,51,beignets,beignets,0.9,0.9970729152361552,1,exact,3,Answer: beignets | Confidence: 90
C,Qwen/Qwen2-VL-7B-Instruct,nf4,fewshot,resample,2,52,beignets,beignets,0.95,0.9991079568862916,1,exact,3,Answer: beignets | Confidence: 95
C,Qwen/Qwen2-VL-7B-Instruct,nf4,fewshot,resample,2,53,beignets,beignets,0.95,0.9990063905715942,1,exact,3,Answer: beignets | Confidence: 95
C,Qwen/Qwen2-VL-7B-Instruct,nf4,fewshot,resample,2,54,beignets,beignets,0.95,0.9989725947380066,1,exact,3,Answer: beignets | Confidence: 95
C,Qwen/Qwen2-VL-7B-Instruct,nf4,fewshot,resample,2,55,beignets,beignets,0.95,0.9992344379425048,1,exact,3,Answer: beignets | Confidence: 95
C,Qwen/Qwen2-VL-7B-Instruct,nf4,fewshot,resample,2,56,beignets,beignets,0.9,0.998239040374756,1,exact,3,Answer: beignets | Confidence: 90
C,Qwen/Qwen2-VL-7B-Instruct,nf4,fewshot,resample,2,57,beignets,beignets,0.9,0.992939313252767,1,exact,3,Answer: beignets | Confidence: 90
C,Qwen/Qwen2-VL-7B-Instruct,nf4,fewshot,resample,2,58,beignets,beignets,0.95,0.9981683293978372,1,exact,3,Answer: beignets | Confidence: 95
C,Qwen/Qwen2-VL-7B-Instruct,nf4,fewshot,resample,2,59,beignets,beignets,0.9,0.9978340268135072,1,exact,3,Answer: beignets | Confidence: 90
C,Qwen/Qwen2-VL-7B-Instruct,nf4,fewshot,resample,2,60,beignets,beignets,0.9,0.9389107823371888,1,exact,3,Answer: beignets | Confidence: 90
C,Qwen/Qwen2-VL-7B-Instruct,nf4,fewshot,resample,2,61,beignets,beignets,0.9,0.999222973982493,1,exact,3,Answer: beignets | Confidence: 90
C,Qwen/Qwen2-VL-7B-Instruct,nf4,fewshot,resample,2,62,beignets,beignets,0.9,0.992006262143453,1,exact,3,Answer: beignets | Confidence: 90
C,Qwen/Qwen2-VL-7B-Instruct,nf4,fewshot,resample,2,63,beignets,beignets,0.9,0.988486091295878,1,exact,3,Answer: beignets | Confidence: 90
C,Qwen/Qwen2-VL-7B-Instruct,nf4,fewshot,resample,2,64,beignets,beignets,0.9,0.9988417426745096,1,exact,3,Answer: beignets | Confidence: 90
C,Qwen/Qwen2-VL-7B-Instruct,nf4,fewshot,resample,2,65,beignets,beignets,0.9,0.9994128545125326,1,exact,3,Answer: beignets | Confidence: 90
C,Qwen/Qwen2-VL-7B-Instruct,nf4,fewshot,resample,2,66,beignets,beignets,0.9,0.9974198937416076,1,exact,3,Answer: beignets | Confidence: 90
C,Qwen/Qwen2-VL-7B-Instruct,nf4,fewshot,resample,2,67,beignets,beignets,0.9,0.9977692365646362,1,exact,3,Answer: beignets | Confidence: 90
C,Qwen/Qwen2-VL-7B-Instruct,nf4,fewshot,resample,2,68,beignets,beignets,0.9,0.9988345503807068,1,exact,3,Answer: beignets | Confidence: 90
C,Qwen/Qwen2-VL-7B-Instruct,nf4,fewshot,resample,2,69,beignets,beignets,0.9,0.9975976149241128,1,exact,3,Answer: beignets | Confidence: 90
C,Qwen/Qwen2-VL-7B-Instruct,nf4,fewshot,resample,2,70,beignets,beignets,0.95,0.9983158111572266,1,exact,3,Answer: beignets | Confidence: 95
C,Qwen/Qwen2-VL-7B-Instruct,nf4,fewshot,resample,2,71,beignets,beignets,0.9,0.9980636636416116,1,exact,3,Answer: beignets | Confidence: 90
C,Qwen/Qwen2-VL-7B-Instruct,nf4,fewshot,resample,2,72,beignets,beignets,0.95,0.998554527759552,1,exact,3,Answer: beignets | Confidence: 95
C,Qwen/Qwen2-VL-7B-Instruct,nf4,fewshot,resample,2,73,beignets,beignets,0.9,0.9994408090909322,1,exact,3,Answer: beignets | Confidence: 90
C,Qwen/Qwen2-VL-7B-Instruct,nf4,fewshot,resample,2,74,beignets,beignets,0.9,0.9951090216636658,1,exact,3,Answer: beignets | Confidence: 90
C,Qwen/Qwen2-VL-7B-Instruct,nf4,fewshot,resample,2,75,beignets,beignets,0.9,0.9985629121462504,1,exact,3,Answer: beignets | Confidence: 90
C,Qwen/Qwen2-VL-7B-Instruct,nf4,fewshot,resample,2,76,beignets,beignets,0.95,0.9984982212384542,1,exact,3,Answer: beignets | Confidence: 95
C,Qwen/Qwen2-VL-7B-Instruct,nf4,fewshot,resample,2,77,beignets,beignets,0.95,0.9992260535558064,1,exact,3,Answer: beignets | Confidence: 95
C,Qwen/Qwen2-VL-7B-Instruct,nf4,fewshot,resample,2,78,beignets,beignets,0.95,0.998790721098582,1,exact,3,Answer: beignets | Confidence: 95
C,Qwen/Qwen2-VL-7B-Instruct,nf4,fewshot,resample,2,79,beignets,beignets,0.9,0.999376098314921,1,exact,3,Answer: beignets | Confidence: 90
C,Qwen/Qwen2-VL-7B-Instruct,nf4,fewshot,resample,2,80,beignets,beignets,0.9,0.9985196391741434,1,exact,3,Answer: beignets | Confidence: 90
C,Qwen/Qwen2-VL-7B-Instruct,nf4,fewshot,resample,2,81,beignets,beignets,0.9,0.9943328698476156,1,exact,3,Answer: beignets | Confidence: 90
C,Qwen/Qwen2-VL-7B-Instruct,nf4,fewshot,resample,2,82,beignets,beignets,0.95,0.9992586175600688,1,exact,3,Answer: beignets | Confidence: 95
C,Qwen/Qwen2-VL-7B-Instruct,nf4,fewshot,resample,2,83,beignets,beignets,0.9,0.981097181638082,1,exact,3,Answer: beignets | Confidence: 90
C,Qwen/Qwen2-VL-7B-Instruct,nf4,fewshot,resample,2,84,beignets,beignets,0.9,0.9923858245213828,1,exact,3,Answer: beignets | Confidence: 90
C,Qwen/Qwen2-VL-7B-Instruct,nf4,fewshot,resample,2,85,beignets,beignets,0.9,0.9987693230311075,1,exact,3,Answer: beignets | Confidence: 90
C,Qwen/Qwen2-VL-7B-Instruct,nf4,fewshot,resample,2,86,beignets,beignets,0.9,0.9990215301513672,1,exact,3,Answer: beignets | Confidence: 90
C,Qwen/Qwen2-VL-7B-Instruct,nf4,fewshot,resample,2,87,beignets,beignets,0.9,0.998215635617574,1,exact,3,Answer: beignets | Confidence: 90
C,Qwen/Qwen2-VL-7B-Instruct,nf4,fewshot,resample,2,88,beignets,beignets,0.9,0.9841094613075256,1,exact,3,Answer: beignets | Confidence: 90
C,Qwen/Qwen2-VL-7B-Instruct,nf4,fewshot,resample,2,89,beignets,ice cream,0.9,0.7054524421691895,0,nomatch,2,Answer: ice cream | Confidence: 90
C,Qwen/Qwen2-VL-7B-Instruct,nf4,fewshot,resample,2,90,beignets,beignets,0.9,0.9982924064000448,1,exact,3,Answer: beignets | Confidence: 90
C,Qwen/Qwen2-VL-7B-Instruct,nf4,fewshot,resample,2,91,beignets,beignets,0.9,0.9987765351931254,1,exact,3,Answer: beignets | Confidence: 90
C,Qwen/Qwen2-VL-7B-Instruct,nf4,fewshot,resample,2,92,beignets,beignets,0.95,0.999276558558146,1,exact,3,Answer: beignets | Confidence: 95
C,Qwen/Qwen2-VL-7B-Instruct,nf4,fewshot,resample,2,93,beignets,beignets,0.9,0.9986732006072998,1,exact,3,Answer: beignets | Confidence: 90
C,Qwen/Qwen2-VL-7B-Instruct,nf4,fewshot,resample,2,94,beignets,beignets,0.9,0.9992334246635436,1,exact,3,Answer: beignets | Confidence: 90
C,Qwen/Qwen2-VL-7B-Instruct,nf4,fewshot,resample,2,95,beignets,beignets,0.9,0.9992779890696208,1,exact,3,Answer: beignets | Confidence: 90
C,Qwen/Qwen2-VL-7B-Instruct,nf4,fewshot,resample,2,96,beignets,beignets,0.9,0.9980159799257914,1,exact,3,Answer: beignets | Confidence: 90
C,Qwen/Qwen2-VL-7B-Instruct,nf4,fewshot,resample,2,97,beignets,beignets,0.9,0.9524471163749696,1,exact,3,Answer: beignets | Confidence: 90
C,Qwen/Qwen2-VL-7B-Instruct,nf4,fewshot,resample,2,98,beignets,beignets,0.9,0.9989122549692788,1,exact,3,Answer: beignets | Confidence: 90
C,Qwen/Qwen2-VL-7B-Instruct,nf4,fewshot,resample,2,99,beignets,beignets,0.9,0.9991015593210856,1,exact,3,Answer: beignets | Confidence: 90
C,Qwen/Qwen2-VL-7B-Instruct,nf4,fewshot,resample,3,0,beignets,beignets,0.9,0.9966478745142618,1,exact,3,Answer: beignets | Confidence: 90
C,Qwen/Qwen2-VL-7B-Instruct,nf4,fewshot,resample,3,1,beignets,beignets,0.9,0.8954295913378397,1,exact,3,Answer: beignets | Confidence: 90
C,Qwen/Qwen2-VL-7B-Instruct,nf4,fewshot,resample,3,2,beignets,beignets,0.9,0.9989668726921082,1,exact,3,Answer: beignets | Confidence: 90
C,Qwen/Qwen2-VL-7B-Instruct,nf4,fewshot,resample,3,3,beignets,beignets,0.9,0.995122253894806,1,exact,3,Answer: beignets | Confidence: 90
C,Qwen/Qwen2-VL-7B-Instruct,nf4,fewshot,resample,3,4,beignets,beignets,0.95,0.9995859464009604,1,exact,3,Answer: beignets | Confidence: 95
C,Qwen/Qwen2-VL-7B-Instruct,nf4,fewshot,resample,3,5,beignets,beignets,0.9,0.99838125705719,1,exact,3,Answer: beignets | Confidence: 90
C,Qwen/Qwen2-VL-7B-Instruct,nf4,fewshot,resample,3,6,beignets,beignets,0.9,0.9993247588475546,1,exact,3,Answer: beignets | Confidence: 90
C,Qwen/Qwen2-VL-7B-Instruct,nf4,fewshot,resample,3,7,beignets,beignets,0.9,0.998595972855886,1,exact,3,Answer: beignets | Confidence: 90
C,Qwen/Qwen2-VL-7B-Instruct,nf4,fewshot,resample,3,8,beignets,dumplings,0.9,0.9226727783679962,0,contains,2,Answer: dumplings | Confidence: 90
C,Qwen/Qwen2-VL-7B-Instruct,nf4,fewshot,resample,3,9,beignets,beignets,0.9,0.998784840106964,1,exact,3,Answer: beignets | Confidence: 90
C,Qwen/Qwen2-VL-7B-Instruct,nf4,fewshot,resample,3,10,beignets,beignets,0.9,0.9823497533798218,1,exact,3,Answer: beignets | Confidence: 90
C,Qwen/Qwen2-VL-7B-Instruct,nf4,fewshot,resample,3,11,beignets,beignets,0.9,0.9992665847142538,1,exact,3,Answer: beignets | Confidence: 90
C,Qwen/Qwen2-VL-7B-Instruct,nf4,fewshot,resample,3,12,beignets,beignets,0.9,0.9957154393196106,1,exact,3,Answer: beignets | Confidence: 90
C,Qwen/Qwen2-VL-7B-Instruct,nf4,fewshot,resample,3,13,beignets,beignets,0.9,0.9995012879371644,1,exact,3,Answer: beignets | Confidence: 90
C,Qwen/Qwen2-VL-7B-Instruct,nf4,fewshot,resample,3,14,beignets,beignets,0.9,0.9996105233828226,1,exact,3,Answer: beignets | Confidence: 90
C,Qwen/Qwen2-VL-7B-Instruct,nf4,fewshot,resample,3,15,beignets,beignets,0.9,0.9975921710332236,1,exact,3,Answer: beignets | Confidence: 90
C,Qwen/Qwen2-VL-7B-Instruct,nf4,fewshot,resample,3,16,beignets,beignets,0.9,0.8976425925890604,1,exact,3,Answer: beignets | Confidence: 90
C,Qwen/Qwen2-VL-7B-Instruct,nf4,fewshot,resample,3,17,beignets,beignets,0.9,0.9965468049049376,1,exact,3,Answer: beignets | Confidence: 90
C,Qwen/Qwen2-VL-7B-Instruct,nf4,fewshot,resample,3,18,beignets,beignets,0.95,0.9989489714304606,1,exact,3,Answer: beignets | Confidence: 95
C,Qwen/Qwen2-VL-7B-Instruct,nf4,fewshot,resample,3,19,beignets,prime rib,0.9,0.6787630766630173,0,contains,2,Answer: prime rib | Confidence: 90
C,Qwen/Qwen2-VL-7B-Instruct,nf4,fewshot,resample,3,20,beignets,beignets,0.9,0.9940921068191528,1,exact,3,Answer: beignets | Confidence: 90
C,Qwen/Qwen2-VL-7B-Instruct,nf4,fewshot,resample,3,21,beignets,beignets,0.9,0.8823572397232056,1,exact,3,Answer: beignets | Confidence: 90
C,Qwen/Qwen2-VL-7B-Instruct,nf4,fewshot,resample,3,22,beignets,beignets,0.9,0.9807524681091307,1,exact,3,Answer: beignets | Confidence: 90
C,Qwen/Qwen2-VL-7B-Instruct,nf4,fewshot,resample,3,23,beignets,beignets,0.9,0.9982094168663024,1,exact,3,Answer: beignets | Confidence: 90
C,Qwen/Qwen2-VL-7B-Instruct,nf4,fewshot,resample,3,24,beignets,beignets,0.9,0.9980090856552124,1,exact,3,Answer: beignets | Confidence: 90
C,Qwen/Qwen2-VL-7B-Instruct,nf4,fewshot,resample,3,25,beignets,beignets,0.9,0.9993110696474712,1,exact,3,Answer: beignets | Confidence: 90
C,Qwen/Qwen2-VL-7B-Instruct,nf4,fewshot,resample,3,26,beignets,strawberry shortcake,0.9,0.8159991304079691,0,contains,3,Answer: strawberry shortcake | Confidence: 90
C,Qwen/Qwen2-VL-7B-Instruct,nf4,fewshot,resample,3,27,beignets,beignets,0.9,0.9992213050524392,1,exact,3,Answer: beignets | Confidence: 90
C,Qwen/Qwen2-VL-7B-Instruct,nf4,fewshot,resample,3,28,beignets,beignets,0.9,0.998354951540629,1,exact,3,Answer: beignets | Confidence: 90
C,Qwen/Qwen2-VL-7B-Instruct,nf4,fewshot,resample,3,29,beignets,beignets,0.9,0.997704009215037,1,exact,3,Answer: beignets | Confidence: 90
C,Qwen/Qwen2-VL-7B-Instruct,nf4,fewshot,resample,3,30,beignets,beignets,0.9,0.9974966843922932,1,exact,3,Answer: beignets | Confidence: 90
C,Qwen/Qwen2-VL-7B-Instruct,nf4,fewshot,resample,3,31,beignets,creme brulee,0.9,0.9847008585929872,0,contains,5,Answer: creme brulee | Confidence: 90
C,Qwen/Qwen2-VL-7B-Instruct,nf4,fewshot,resample,3,32,beignets,beignets,0.9,0.9866114656130472,1,exact,3,Answer: beignets | Confidence: 90
C,Qwen/Qwen2-VL-7B-Instruct,nf4,fewshot,resample,3,33,beignets,beignets,0.9,0.996701717376709,1,exact,3,Answer: beignets | Confidence: 90
C,Qwen/Qwen2-VL-7B-Instruct,nf4,fewshot,resample,3,34,beignets,beignets,0.9,0.998486598332723,1,exact,3,Answer: beignets | Confidence: 90
C,Qwen/Qwen2-VL-7B-Instruct,nf4,fewshot,resample,3,35,beignets,beignets,0.9,0.935211936632792,1,exact,3,Answer: beignets | Confidence: 90
C,Qwen/Qwen2-VL-7B-Instruct,nf4,fewshot,resample,3,36,beignets,beignets,0.9,0.9973699847857156,1,exact,3,Answer: beignets | Confidence: 90
C,Qwen/Qwen2-VL-7B-Instruct,nf4,fewshot,resample,3,37,beignets,beignets,0.9,0.995545466740926,1,exact,3,Answer: beignets | Confidence: 90
C,Qwen/Qwen2-VL-7B-Instruct,nf4,fewshot,resample,3,38,beignets,beignets,0.9,0.9980841875076294,1,exact,3,Answer: beignets | Confidence: 90
C,Qwen/Qwen2-VL-7B-Instruct,nf4,fewshot,resample,3,39,beignets,beignets,0.9,0.9967767000198364,1,exact,3,Answer: beignets | Confidence: 90
C,Qwen/Qwen2-VL-7B-Instruct,nf4,fewshot,resample,3,40,beignets,beignets,0.9,0.9963648517926534,1,exact,3,Answer: beignets | Confidence: 90
C,Qwen/Qwen2-VL-7B-Instruct,nf4,fewshot,resample,3,41,beignets,beignets,0.9,0.9991426467895508,1,exact,3,Answer: beignets | Confidence: 90
C,Qwen/Qwen2-VL-7B-Instruct,nf4,fewshot,resample,3,42,beignets,beignets,0.9,0.9700531562169392,1,exact,3,Answer: beignets | Confidence: 90
C,Qwen/Qwen2-VL-7B-Instruct,nf4,fewshot,resample,3,43,beignets,beignets,0.9,0.9964373111724854,1,exact,3,Answer: beignets | Confidence: 90
C,Qwen/Qwen2-VL-7B-Instruct,nf4,fewshot,resample,3,44,beignets,beignets,0.9,0.9992430607477824,1,exact,3,Answer: beignets | Confidence: 90
C,Qwen/Qwen2-VL-7B-Instruct,nf4,fewshot,resample,3,45,beignets,beignets,0.9,0.8588600357373556,1,exact,3,Answer: beignets | Confidence: 90
C,Qwen/Qwen2-VL-7B-Instruct,nf4,fewshot,resample,3,46,beignets,beignets,0.9,0.9973002870877584,1,exact,3,Answer: beignets | Confidence: 90
C,Qwen/Qwen2-VL-7B-Instruct,nf4,fewshot,resample,3,47,beignets,beignets,0.9,0.8210905094941457,1,exact,3,Answer: beignets | Confidence: 90
C,Qwen/Qwen2-VL-7B-Instruct,nf4,fewshot,resample,3,48,beignets,beignets,0.9,0.9992408553759256,1,exact,3,Answer: beignets | Confidence: 90
C,Qwen/Qwen2-VL-7B-Instruct,nf4,fewshot,resample,3,49,beignets,beignets,0.9,0.998367687066396,1,exact,3,Answer: beignets | Confidence: 90
C,Qwen/Qwen2-VL-7B-Instruct,nf4,fewshot,resample,3,50,beignets,beignets,0.9,0.8688992857933044,1,exact,3,Answer: beignets | Confidence: 90
C,Qwen/Qwen2-VL-7B-Instruct,nf4,fewshot,resample,3,51,beignets,beignets,0.9,0.9939170877138772,1,exact,3,Answer: beignets | Confidence: 90
C,Qwen/Qwen2-VL-7B-Instruct,nf4,fewshot,resample,3,52,beignets,beignets,0.9,0.9992044965426128,1,exact,3,Answer: beignets | Confidence: 90
C,Qwen/Qwen2-VL-7B-Instruct,nf4,fewshot,resample,3,53,beignets,beignets,0.95,0.9989237387975056,1,exact,3,Answer: beignets | Confidence: 95
C,Qwen/Qwen2-VL-7B-Instruct,nf4,fewshot,resample,3,54,beignets,beignets,0.9,0.998683234055837,1,exact,3,Answer: beignets | Confidence: 90
C,Qwen/Qwen2-VL-7B-Instruct,nf4,fewshot,resample,3,55,beignets,beignets,0.9,0.9991894364356996,1,exact,3,Answer: beignets | Confidence: 90
C,Qwen/Qwen2-VL-7B-Instruct,nf4,fewshot,resample,3,56,beignets,beignets,0.9,0.9967777729034424,1,exact,3,Answer: beignets | Confidence: 90
C,Qwen/Qwen2-VL-7B-Instruct,nf4,fewshot,resample,3,57,beignets,beignets,0.9,0.9058678150177002,1,exact,3,Answer: beignets | Confidence: 90
C,Qwen/Qwen2-VL-7B-Instruct,nf4,fewshot,resample,3,58,beignets,beignets,0.9,0.9973448514938354,1,exact,3,Answer: beignets | Confidence: 90
C,Qwen/Qwen2-VL-7B-Instruct,nf4,fewshot,resample,3,59,beignets,beignets,0.9,0.997530202070872,1,exact,3,Answer: beignets | Confidence: 90
C,Qwen/Qwen2-VL-7B-Instruct,nf4,fewshot,resample,3,60,beignets,strawberry shortcake,0.9,0.7580616076787313,0,contains,3,Answer: strawberry shortcake | Confidence: 90
C,Qwen/Qwen2-VL-7B-Instruct,nf4,fewshot,resample,3,61,beignets,beignets,0.9,0.999116321404775,1,exact,3,Answer: beignets | Confidence: 90
C,Qwen/Qwen2-VL-7B-Instruct,nf4,fewshot,resample,3,62,beignets,beignets,0.9,0.9608500997225444,1,exact,3,Answer: beignets | Confidence: 90
C,Qwen/Qwen2-VL-7B-Instruct,nf4,fewshot,resample,3,63,beignets,beignets,0.9,0.9588306744893392,1,exact,3,Answer: beignets | Confidence: 90
C,Qwen/Qwen2-VL-7B-Instruct,nf4,fewshot,resample,3,64,beignets,beignets,0.9,0.9982898036638896,1,exact,3,Answer: beignets | Confidence: 90
C,Qwen/Qwen2-VL-7B-Instruct,nf4,fewshot,resample,3,65,beignets,beignets,0.9,0.9993563493092856,1,exact,3,Answer: beignets | Confidence: 90
C,Qwen/Qwen2-VL-7B-Instruct,nf4,fewshot,resample,3,66,beignets,beignets,0.9,0.9976140260696412,1,exact,3,Answer: beignets | Confidence: 90
C,Qwen/Qwen2-VL-7B-Instruct,nf4,fewshot,resample,3,67,beignets,beignets,0.9,0.9967923959096272,1,exact,3,Answer: beignets | Confidence: 90
C,Qwen/Qwen2-VL-7B-Instruct,nf4,fewshot,resample,3,68,beignets,beignets,0.9,0.9992115298906962,1,exact,3,Answer: beignets | Confidence: 90
C,Qwen/Qwen2-VL-7B-Instruct,nf4,fewshot,resample,3,69,beignets,beignets,0.9,0.9959655006726584,1,exact,3,Answer: beignets | Confidence: 90
C,Qwen/Qwen2-VL-7B-Instruct,nf4,fewshot,resample,3,70,beignets,beignets,0.9,0.9982034961382548,1,exact,3,Answer: beignets | Confidence: 90
C,Qwen/Qwen2-VL-7B-Instruct,nf4,fewshot,resample,3,71,beignets,beignets,0.9,0.9930451114972432,1,exact,3,Answer: beignets | Confidence: 90
C,Qwen/Qwen2-VL-7B-Instruct,nf4,fewshot,resample,3,72,beignets,beignets,0.9,0.9968517621358236,1,exact,3,Answer: beignets | Confidence: 90
C,Qwen/Qwen2-VL-7B-Instruct,nf4,fewshot,resample,3,73,beignets,beignets,0.9,0.9989182154337564,1,exact,3,Answer: beignets | Confidence: 90
C,Qwen/Qwen2-VL-7B-Instruct,nf4,fewshot,resample,3,74,beignets,beignets,0.9,0.9916726350784302,1,exact,3,Answer: beignets | Confidence: 90
C,Qwen/Qwen2-VL-7B-Instruct,nf4,fewshot,resample,3,75,beignets,beignets,0.9,0.998031497001648,1,exact,3,Answer: beignets | Confidence: 90
C,Qwen/Qwen2-VL-7B-Instruct,nf4,fewshot,resample,3,76,beignets,beignets,0.9,0.9986117879549662,1,exact,3,Answer: beignets | Confidence: 90
C,Qwen/Qwen2-VL-7B-Instruct,nf4,fewshot,resample,3,77,beignets,beignets,0.9,0.9991666873296102,1,exact,3,Answer: beignets | Confidence: 90
C,Qwen/Qwen2-VL-7B-Instruct,nf4,fewshot,resample,3,78,beignets,beignets,0.9,0.9947147170702616,1,exact,3,Answer: beignets | Confidence: 90
C,Qwen/Qwen2-VL-7B-Instruct,nf4,fewshot,resample,3,79,beignets,beignets,0.9,0.9983083407084148,1,exact,3,Answer: beignets | Confidence: 90
C,Qwen/Qwen2-VL-7B-Instruct,nf4,fewshot,resample,3,80,beignets,beignets,0.9,0.9980006019274392,1,exact,3,Answer: beignets | Confidence: 90
C,Qwen/Qwen2-VL-7B-Instruct,nf4,fewshot,resample,3,81,beignets,beignets,0.9,0.985638161500295,1,exact,3,Answer: beignets | Confidence: 90
C,Qwen/Qwen2-VL-7B-Instruct,nf4,fewshot,resample,3,82,beignets,beignets,0.9,0.9990939696629842,1,exact,3,Answer: beignets | Confidence: 90
C,Qwen/Qwen2-VL-7B-Instruct,nf4,fewshot,resample,3,83,beignets,beignets,0.9,0.9123451709747314,1,exact,3,Answer: beignets | Confidence: 90
C,Qwen/Qwen2-VL-7B-Instruct,nf4,fewshot,resample,3,84,beignets,beignets,0.9,0.9923943281173706,1,exact,3,Answer: beignets | Confidence: 90
C,Qwen/Qwen2-VL-7B-Instruct,nf4,fewshot,resample,3,85,beignets,beignets,0.9,0.99688591559728,1,exact,3,Answer: beignets | Confidence: 90
C,Qwen/Qwen2-VL-7B-Instruct,nf4,fewshot,resample,3,86,beignets,beignets,0.9,0.9989945888519288,1,exact,3,Answer: beignets | Confidence: 90
C,Qwen/Qwen2-VL-7B-Instruct,nf4,fewshot,resample,3,87,beignets,beignets,0.9,0.9979462027549744,1,exact,3,Answer: beignets | Confidence: 90
C,Qwen/Qwen2-VL-7B-Instruct,nf4,fewshot,resample,3,88,beignets,beignets,0.9,0.8120248913764954,1,exact,3,Answer: beignets | Confidence: 90
C,Qwen/Qwen2-VL-7B-Instruct,nf4,fewshot,resample,3,89,beignets,bread pudding,0.9,0.6911811232566833,0,contains,2,Answer: bread pudding | Confidence: 90
C,Qwen/Qwen2-VL-7B-Instruct,nf4,fewshot,resample,3,90,beignets,beignets,0.9,0.9977348645528158,1,exact,3,Answer: beignets | Confidence: 90
C,Qwen/Qwen2-VL-7B-Instruct,nf4,fewshot,resample,3,91,beignets,beignets,0.9,0.9974895119667052,1,exact,3,Answer: beignets | Confidence: 90
C,Qwen/Qwen2-VL-7B-Instruct,nf4,fewshot,resample,3,92,beignets,beignets,0.9,0.9991807142893472,1,exact,3,Answer: beignets | Confidence: 90
C,Qwen/Qwen2-VL-7B-Instruct,nf4,fewshot,resample,3,93,beignets,beignets,0.9,0.9974864522616068,1,exact,3,Answer: beignets | Confidence: 90
C,Qwen/Qwen2-VL-7B-Instruct,nf4,fewshot,resample,3,94,beignets,beignets,0.9,0.9991136193275452,1,exact,3,Answer: beignets | Confidence: 90
C,Qwen/Qwen2-VL-7B-Instruct,nf4,fewshot,resample,3,95,beignets,beignets,0.9,0.9989851514498392,1,exact,3,Answer: beignets | Confidence: 90
C,Qwen/Qwen2-VL-7B-Instruct,nf4,fewshot,resample,3,96,beignets,beignets,0.9,0.9942111770311992,1,exact,3,Answer: beignets | Confidence: 90
C,Qwen/Qwen2-VL-7B-Instruct,nf4,fewshot,resample,3,97,beignets,beignets,0.9,0.923495630423228,1,exact,3,Answer: beignets | Confidence: 90
C,Qwen/Qwen2-VL-7B-Instruct,nf4,fewshot,resample,3,98,beignets,beignets,0.9,0.998190462589264,1,exact,3,Answer: beignets | Confidence: 90
C,Qwen/Qwen2-VL-7B-Instruct,nf4,fewshot,resample,3,99,beignets,beignets,0.9,0.997555375099182,1,exact,3,Answer: beignets | Confidence: 90
C,Qwen/Qwen2-VL-7B-Instruct,nf4,fewshot,rotation,1,0,beignets,beignets,0.95,0.9986770351727804,1,exact,3,Answer: beignets | Confidence: 95
C,Qwen/Qwen2-VL-7B-Instruct,nf4,fewshot,rotation,1,1,beignets,beignets,0.9,0.9955931901931764,1,exact,3,Answer: beignets | Confidence: 90
C,Qwen/Qwen2-VL-7B-Instruct,nf4,fewshot,rotation,1,2,beignets,beignets,0.95,0.999328096707662,1,exact,3,Answer: beignets | Confidence: 95
C,Qwen/Qwen2-VL-7B-Instruct,nf4,fewshot,rotation,1,3,beignets,beignets,0.95,0.9987369775772096,1,exact,3,Answer: beignets | Confidence: 95
C,Qwen/Qwen2-VL-7B-Instruct,nf4,fewshot,rotation,1,4,beignets,beignets,0.95,0.999454418818156,1,exact,3,Answer: beignets | Confidence: 95
C,Qwen/Qwen2-VL-7B-Instruct,nf4,fewshot,rotation,1,5,beignets,beignets,0.95,0.9988945523897806,1,exact,3,Answer: beignets | Confidence: 95
C,Qwen/Qwen2-VL-7B-Instruct,nf4,fewshot,rotation,1,6,beignets,beignets,0.95,0.9992204705874124,1,exact,3,Answer: beignets | Confidence: 95
C,Qwen/Qwen2-VL-7B-Instruct,nf4,fewshot,rotation,1,7,beignets,beignets,0.95,0.999257524808248,1,exact,3,Answer: beignets | Confidence: 95
C,Qwen/Qwen2-VL-7B-Instruct,nf4,fewshot,rotation,1,8,beignets,beignets,0.9,0.8830773234367371,1,exact,3,Answer: beignets | Confidence: 90
C,Qwen/Qwen2-VL-7B-Instruct,nf4,fewshot,rotation,1,9,beignets,beignets,0.95,0.9983926216761272,1,exact,3,Answer: beignets | Confidence: 95
C,Qwen/Qwen2-VL-7B-Instruct,nf4,fewshot,rotation,1,10,beignets,beignets,0.9,0.9938663045565288,1,exact,3,Answer: beignets | Confidence: 90
C,Qwen/Qwen2-VL-7B-Instruct,nf4,fewshot,rotation,1,11,beignets,beignets,0.95,0.9995040694872538,1,exact,3,Answer: beignets | Confidence: 95
C,Qwen/Qwen2-VL-7B-Instruct,nf4,fewshot,rotation,1,12,beignets,beignets,0.95,0.9980709552764891,1,exact,3,Answer: beignets | Confidence: 95
C,Qwen/Qwen2-VL-7B-Instruct,nf4,fewshot,rotation,1,13,beignets,beignets,0.95,0.9994458357493082,1,exact,3,Answer: beignets | Confidence: 95
C,Qwen/Qwen2-VL-7B-Instruct,nf4,fewshot,rotation,1,14,beignets,beignets,0.95,0.9993766148885092,1,exact,3,Answer: beignets | Confidence: 95
C,Qwen/Qwen2-VL-7B-Instruct,nf4,fewshot,rotation,1,15,beignets,beignets,0.9,0.9989872574806212,1,exact,3,Answer: beignets | Confidence: 90
C,Qwen/Qwen2-VL-7B-Instruct,nf4,fewshot,rotation,1,16,beignets,beignets,0.95,0.9989077051480612,1,exact,3,Answer: beignets | Confidence: 95
C,Qwen/Qwen2-VL-7B-Instruct,nf4,fewshot,rotation,1,17,beignets,beignets,0.95,0.997232993443807,1,exact,3,Answer: beignets | Confidence: 95
C,Qwen/Qwen2-VL-7B-Instruct,nf4,fewshot,rotation,1,18,beignets,beignets,0.95,0.9985768795013428,1,exact,3,Answer: beignets | Confidence: 95
C,Qwen/Qwen2-VL-7B-Instruct,nf4,fewshot,rotation,1,19,beignets,beignets,0.9,0.9381607969601948,1,exact,3,Answer: beignets | Confidence: 90
C,Qwen/Qwen2-VL-7B-Instruct,nf4,fewshot,rotation,1,20,beignets,beignets,0.9,0.9958877762158712,1,exact,3,Answer: beignets | Confidence: 90
C,Qwen/Qwen2-VL-7B-Instruct,nf4,fewshot,rotation,1,21,beignets,beignets,0.9,0.985554059346517,1,exact,3,Answer: beignets | Confidence: 90
C,Qwen/Qwen2-VL-7B-Instruct,nf4,fewshot,rotation,1,22,beignets,beignets,0.95,0.9987277587254842,1,exact,3,Answer: beignets | Confidence: 95
C,Qwen/Qwen2-VL-7B-Instruct,nf4,fewshot,rotation,1,23,beignets,beignets,0.95,0.998771905899048,1,exact,3,Answer: beignets | Confidence: 95
C,Qwen/Qwen2-VL-7B-Instruct,nf4,fewshot,rotation,1,24,beignets,beignets,0.95,0.9985543886820476,1,exact,3,Answer: beignets | Confidence: 95
C,Qwen/Qwen2-VL-7B-Instruct,nf4,fewshot,rotation,1,25,beignets,beignets,0.95,0.9990397890408834,1,exact,3,Answer: beignets | Confidence: 95
C,Qwen/Qwen2-VL-7B-Instruct,nf4,fewshot,rotation,1,26,beignets,beignets,0.9,0.9864983757336936,1,exact,3,Answer: beignets | Confidence: 90
C,Qwen/Qwen2-VL-7B-Instruct,nf4,fewshot,rotation,1,27,beignets,beignets,0.95,0.9991245667139688,1,exact,3,Answer: beignets | Confidence: 95
C,Qwen/Qwen2-VL-7B-Instruct,nf4,fewshot,rotation,1,28,beignets,beignets,0.95,0.9984369277954102,1,exact,3,Answer: beignets | Confidence: 95
C,Qwen/Qwen2-VL-7B-Instruct,nf4,fewshot,rotation,1,29,beignets,beignets,0.95,0.999436616897583,1,exact,3,Answer: beignets | Confidence: 95
C,Qwen/Qwen2-VL-7B-Instruct,nf4,fewshot,rotation,1,30,beignets,beignets,0.95,0.9995314081509908,1,exact,3,Answer: beignets | Confidence: 95
C,Qwen/Qwen2-VL-7B-Instruct,nf4,fewshot,rotation,1,31,beignets,creme brulee,0.9,0.9380953073501588,0,contains,5,Answer: creme brulee | Confidence: 90
C,Qwen/Qwen2-VL-7B-Instruct,nf4,fewshot,rotation,1,32,beignets,beignets,0.9,0.9930227001508076,1,exact,3,Answer: beignets | Confidence: 90
C,Qwen/Qwen2-VL-7B-Instruct,nf4,fewshot,rotation,1,33,beignets,beignets,0.95,0.997183084487915,1,exact,3,Answer: beignets | Confidence: 95
C,Qwen/Qwen2-VL-7B-Instruct,nf4,fewshot,rotation,1,34,beignets,beignets,0.95,0.9983778595924376,1,exact,3,Answer: beignets | Confidence: 95
C,Qwen/Qwen2-VL-7B-Instruct,nf4,fewshot,rotation,1,35,beignets,beignets,0.9,0.9985774556795756,1,exact,3,Answer: beignets | Confidence: 90
C,Qwen/Qwen2-VL-7B-Instruct,nf4,fewshot,rotation,1,36,beignets,beignets,0.95,0.9984527230262756,1,exact,3,Answer: beignets | Confidence: 95
C,Qwen/Qwen2-VL-7B-Instruct,nf4,fewshot,rotation,1,37,beignets,beignets,0.95,0.9971565008163452,1,exact,3,Answer: beignets | Confidence: 95
C,Qwen/Qwen2-VL-7B-Instruct,nf4,fewshot,rotation,1,38,beignets,beignets,0.95,0.9983898003896078,1,exact,3,Answer: beignets | Confidence: 95
C,Qwen/Qwen2-VL-7B-Instruct,nf4,fewshot,rotation,1,39,beignets,beignets,0.95,0.9990273118019104,1,exact,3,Answer: beignets | Confidence: 95
C,Qwen/Qwen2-VL-7B-Instruct,nf4,fewshot,rotation,1,40,beignets,beignets,0.9,0.998283882935842,1,exact,3,Answer: beignets | Confidence: 90
C,Qwen/Qwen2-VL-7B-Instruct,nf4,fewshot,rotation,1,41,beignets,beignets,0.95,0.9995109637578328,1,exact,3,Answer: beignets | Confidence: 95
C,Qwen/Qwen2-VL-7B-Instruct,nf4,fewshot,rotation,1,42,beignets,beignets,0.95,0.9945237239201864,1,exact,3,Answer: beignets | Confidence: 95
C,Qwen/Qwen2-VL-7B-Instruct,nf4,fewshot,rotation,1,43,beignets,beignets,0.95,0.9989680647850036,1,exact,3,Answer: beignets | Confidence: 95
C,Qwen/Qwen2-VL-7B-Instruct,nf4,fewshot,rotation,1,44,beignets,beignets,0.95,0.9991858005523682,1,exact,3,Answer: beignets | Confidence: 95
C,Qwen/Qwen2-VL-7B-Instruct,nf4,fewshot,rotation,1,45,beignets,beignets,0.95,0.9769001404444376,1,exact,3,Answer: beignets | Confidence: 95
C,Qwen/Qwen2-VL-7B-Instruct,nf4,fewshot,rotation,1,46,beignets,beignets,0.9,0.9980050325393676,1,exact,3,Answer: beignets | Confidence: 90
C,Qwen/Qwen2-VL-7B-Instruct,nf4,fewshot,rotation,1,47,beignets,beignets,0.95,0.9963209629058838,1,exact,3,Answer: beignets | Confidence: 95
C,Qwen/Qwen2-VL-7B-Instruct,nf4,fewshot,rotation,1,48,beignets,beignets,0.95,0.9993470509847006,1,exact,3,Answer: beignets | Confidence: 95
C,Qwen/Qwen2-VL-7B-Instruct,nf4,fewshot,rotation,1,49,beignets,beignets,0.95,0.9994714260101318,1,exact,3,Answer: beignets | Confidence: 95
C,Qwen/Qwen2-VL-7B-Instruct,nf4,fewshot,rotation,1,50,beignets,beignets,0.95,0.9987839857737224,1,exact,3,Answer: beignets | Confidence: 95
C,Qwen/Qwen2-VL-7B-Instruct,nf4,fewshot,rotation,1,51,beignets,beignets,0.95,0.997706433137258,1,exact,3,Answer: beignets | Confidence: 95
C,Qwen/Qwen2-VL-7B-Instruct,nf4,fewshot,rotation,1,52,beignets,beignets,0.95,0.9993273019790648,1,exact,3,Answer: beignets | Confidence: 95
C,Qwen/Qwen2-VL-7B-Instruct,nf4,fewshot,rotation,1,53,beignets,beignets,0.95,0.9988171656926472,1,exact,3,Answer: beignets | Confidence: 95
C,Qwen/Qwen2-VL-7B-Instruct,nf4,fewshot,rotation,1,54,beignets,beignets,0.95,0.998554507891337,1,exact,3,Answer: beignets | Confidence: 95
C,Qwen/Qwen2-VL-7B-Instruct,nf4,fewshot,rotation,1,55,beignets,beignets,0.95,0.999144474665324,1,exact,3,Answer: beignets | Confidence: 95
C,Qwen/Qwen2-VL-7B-Instruct,nf4,fewshot,rotation,1,56,beignets,pizza,0.9,0.5424488186836243,0,contains,1,Answer: pizza | Confidence: 90
C,Qwen/Qwen2-VL-7B-Instruct,nf4,fewshot,rotation,1,57,beignets,beignets,0.9,0.9832653800646464,1,exact,3,Answer: beignets | Confidence: 90
C,Qwen/Qwen2-VL-7B-Instruct,nf4,fewshot,rotation,1,58,beignets,beignets,0.95,0.9987454215685526,1,exact,3,Answer: beignets | Confidence: 95
C,Qwen/Qwen2-VL-7B-Instruct,nf4,fewshot,rotation,1,59,beignets,beignets,0.95,0.9976781407992044,1,exact,3,Answer: beignets | Confidence: 95
C,Qwen/Qwen2-VL-7B-Instruct,nf4,fewshot,rotation,1,60,beignets,strawberry shortcake,0.9,0.8585989475250244,0,contains,3,Answer: strawberry shortcake | Confidence: 90
C,Qwen/Qwen2-VL-7B-Instruct,nf4,fewshot,rotation,1,61,beignets,beignets,0.95,0.999105175336202,1,exact,3,Answer: beignets | Confidence: 95
C,Qwen/Qwen2-VL-7B-Instruct,nf4,fewshot,rotation,1,62,beignets,beignets,0.95,0.9954846103986104,1,exact,3,Answer: beignets | Confidence: 95
C,Qwen/Qwen2-VL-7B-Instruct,nf4,fewshot,rotation,1,63,beignets,beignets,0.9,0.9972091515858968,1,exact,3,Answer: beignets | Confidence: 90
C,Qwen/Qwen2-VL-7B-Instruct,nf4,fewshot,rotation,1,64,beignets,beignets,0.95,0.998712718486786,1,exact,3,Answer: beignets | Confidence: 95
C,Qwen/Qwen2-VL-7B-Instruct,nf4,fewshot,rotation,1,65,beignets,beignets,0.95,0.9994195501009624,1,exact,3,Answer: beignets | Confidence: 95
C,Qwen/Qwen2-VL-7B-Instruct,nf4,fewshot,rotation,1,66,beignets,beignets,0.95,0.9984234571456908,1,exact,3,Answer: beignets | Confidence: 95
C,Qwen/Qwen2-VL-7B-Instruct,nf4,fewshot,rotation,1,67,beignets,beignets,0.9,0.9867024223009744,1,exact,3,Answer: beignets | Confidence: 90
C,Qwen/Qwen2-VL-7B-Instruct,nf4,fewshot,rotation,1,68,beignets,beignets,0.95,0.9991758267084756,1,exact,3,Answer: beignets | Confidence: 95
C,Qwen/Qwen2-VL-7B-Instruct,nf4,fewshot,rotation,1,69,beignets,beignets,0.95,0.9982245365778604,1,exact,3,Answer: beignets | Confidence: 95
C,Qwen/Qwen2-VL-7B-Instruct,nf4,fewshot,rotation,1,70,beignets,beignets,0.95,0.9986729621887208,1,exact,3,Answer: beignets | Confidence: 95
C,Qwen/Qwen2-VL-7B-Instruct,nf4,fewshot,rotation,1,71,beignets,beignets,0.95,0.9989373286565144,1,exact,3,Answer: beignets | Confidence: 95
C,Qwen/Qwen2-VL-7B-Instruct,nf4,fewshot,rotation,1,72,beignets,beignets,0.95,0.9984680811564128,1,exact,3,Answer: beignets | Confidence: 95
C,Qwen/Qwen2-VL-7B-Instruct,nf4,fewshot,rotation,1,73,beignets,beignets,0.9,0.9994573593139648,1,exact,3,Answer: beignets | Confidence: 90
C,Qwen/Qwen2-VL-7B-Instruct,nf4,fewshot,rotation,1,74,beignets,beignets,0.95,0.9940926829973856,1,exact,3,Answer: beignets | Confidence: 95
C,Qwen/Qwen2-VL-7B-Instruct,nf4,fewshot,rotation,1,75,beignets,beignets,0.95,0.9985955556233724,1,exact,3,Answer: beignets | Confidence: 95
C,Qwen/Qwen2-VL-7B-Instruct,nf4,fewshot,rotation,1,76,beignets,beignets,0.95,0.9985008438428244,1,exact,3,Answer: beignets | Confidence: 95
C,Qwen/Qwen2-VL-7B-Instruct,nf4,fewshot,rotation,1,77,beignets,beignets,0.95,0.9991843303044636,1,exact,3,Answer: beignets | Confidence: 95
C,Qwen/Qwen2-VL-7B-Instruct,nf4,fewshot,rotation,1,78,beignets,beignets,0.95,0.9983452955881754,1,exact,3,Answer: beignets | Confidence: 95
C,Qwen/Qwen2-VL-7B-Instruct,nf4,fewshot,rotation,1,79,beignets,beignets,0.95,0.999424397945404,1,exact,3,Answer: beignets | Confidence: 95
C,Qwen/Qwen2-VL-7B-Instruct,nf4,fewshot,rotation,1,80,beignets,beignets,0.95,0.997924288113912,1,exact,3,Answer: beignets | Confidence: 95
C,Qwen/Qwen2-VL-7B-Instruct,nf4,fewshot,rotation,1,81,beignets,beignets,0.9,0.9918685158093772,1,exact,3,Answer: beignets | Confidence: 90
C,Qwen/Qwen2-VL-7B-Instruct,nf4,fewshot,rotation,1,82,beignets,beignets,0.95,0.9992848833401998,1,exact,3,Answer: beignets | Confidence: 95
C,Qwen/Qwen2-VL-7B-Instruct,nf4,fewshot,rotation,1,83,beignets,beignets,0.9,0.9945983290672302,1,exact,3,Answer: beignets | Confidence: 90
C,Qwen/Qwen2-VL-7B-Instruct,nf4,fewshot,rotation,1,84,beignets,beignets,0.9,0.9950655698776244,1,exact,3,Answer: beignets | Confidence: 90
C,Qwen/Qwen2-VL-7B-Instruct,nf4,fewshot,rotation,1,85,beignets,beignets,0.95,0.99904336531957,1,exact,3,Answer: beignets | Confidence: 95
C,Qwen/Qwen2-VL-7B-Instruct,nf4,fewshot,rotation,1,86,beignets,beignets,0.95,0.998881181081136,1,exact,3,Answer: beignets | Confidence: 95
C,Qwen/Qwen2-VL-7B-Instruct,nf4,fewshot,rotation,1,87,beignets,beignets,0.95,0.9983465870221456,1,exact,3,Answer: beignets | Confidence: 95
C,Qwen/Qwen2-VL-7B-Instruct,nf4,fewshot,rotation,1,88,beignets,beignets,0.9,0.8941011428833008,1,exact,3,Answer: beignets | Confidence: 90
C,Qwen/Qwen2-VL-7B-Instruct,nf4,fewshot,rotation,1,89,beignets,fried calamari,0.9,0.8031887412071228,0,contains,3,Answer: fried calamari | Confidence: 90
C,Qwen/Qwen2-VL-7B-Instruct,nf4,fewshot,rotation,1,90,beignets,beignets,0.95,0.9988423188527426,1,exact,3,Answer: beignets | Confidence: 95
C,Qwen/Qwen2-VL-7B-Instruct,nf4,fewshot,rotation,1,91,beignets,beignets,0.95,0.9988566835721334,1,exact,3,Answer: beignets | Confidence: 95
C,Qwen/Qwen2-VL-7B-Instruct,nf4,fewshot,rotation,1,92,beignets,beignets,0.95,0.9993701974550884,1,exact,3,Answer: beignets | Confidence: 95
C,Qwen/Qwen2-VL-7B-Instruct,nf4,fewshot,rotation,1,93,beignets,beignets,0.9,0.9987138708432516,1,exact,3,Answer: beignets | Confidence: 90
C,Qwen/Qwen2-VL-7B-Instruct,nf4,fewshot,rotation,1,94,beignets,beignets,0.95,0.9992270072301228,1,exact,3,Answer: beignets | Confidence: 95
C,Qwen/Qwen2-VL-7B-Instruct,nf4,fewshot,rotation,1,95,beignets,beignets,0.95,0.9989200433095295,1,exact,3,Answer: beignets | Confidence: 95
C,Qwen/Qwen2-VL-7B-Instruct,nf4,fewshot,rotation,1,96,beignets,beignets,0.95,0.9980679154396056,1,exact,3,Answer: beignets | Confidence: 95
C,Qwen/Qwen2-VL-7B-Instruct,nf4,fewshot,rotation,1,97,beignets,beignets,0.9,0.9662805994351704,1,exact,3,Answer: beignets | Confidence: 90
C,Qwen/Qwen2-VL-7B-Instruct,nf4,fewshot,rotation,1,98,beignets,beignets,0.9,0.999029497305552,1,exact,3,Answer: beignets | Confidence: 90
C,Qwen/Qwen2-VL-7B-Instruct,nf4,fewshot,rotation,1,99,beignets,beignets,0.95,0.9994030396143596,1,exact,3,Answer: beignets | Confidence: 95
C,Qwen/Qwen2-VL-7B-Instruct,nf4,fewshot,rotation,2,0,beignets,beignets,0.95,0.9989285866419474,1,exact,3,Answer: beignets | Confidence: 95
C,Qwen/Qwen2-VL-7B-Instruct,nf4,fewshot,rotation,2,1,beignets,beignets,0.95,0.9958488742510476,1,exact,3,Answer: beignets | Confidence: 95
C,Qwen/Qwen2-VL-7B-Instruct,nf4,fewshot,rotation,2,2,beignets,beignets,0.95,0.999364952246348,1,exact,3,Answer: beignets | Confidence: 95
C,Qwen/Qwen2-VL-7B-Instruct,nf4,fewshot,rotation,2,3,beignets,beignets,0.95,0.9988785783449808,1,exact,3,Answer: beignets | Confidence: 95
C,Qwen/Qwen2-VL-7B-Instruct,nf4,fewshot,rotation,2,4,beignets,beignets,0.95,0.9995330770810446,1,exact,3,Answer: beignets | Confidence: 95
C,Qwen/Qwen2-VL-7B-Instruct,nf4,fewshot,rotation,2,5,beignets,beignets,0.95,0.999168336391449,1,exact,3,Answer: beignets | Confidence: 95
C,Qwen/Qwen2-VL-7B-Instruct,nf4,fewshot,rotation,2,6,beignets,beignets,0.95,0.9991346995035808,1,exact,3,Answer: beignets | Confidence: 95
C,Qwen/Qwen2-VL-7B-Instruct,nf4,fewshot,rotation,2,7,beignets,beignets,0.95,0.9991106986999512,1,exact,3,Answer: beignets | Confidence: 95
C,Qwen/Qwen2-VL-7B-Instruct,nf4,fewshot,rotation,2,8,beignets,beignets,0.9,0.933525005976359,1,exact,3,Answer: beignets | Confidence: 90
C,Qwen/Qwen2-VL-7B-Instruct,nf4,fewshot,rotation,2,9,beignets,beignets,0.95,0.9986634055773416,1,exact,3,Answer: beignets | Confidence: 95
C,Qwen/Qwen2-VL-7B-Instruct,nf4,fewshot,rotation,2,10,beignets,beignets,0.9,0.9869853655497232,1,exact,3,Answer: beignets | Confidence: 90
C,Qwen/Qwen2-VL-7B-Instruct,nf4,fewshot,rotation,2,11,beignets,beignets,0.9,0.9994675715764364,1,exact,3,Answer: beignets | Confidence: 90
C,Qwen/Qwen2-VL-7B-Instruct,nf4,fewshot,rotation,2,12,beignets,beignets,0.95,0.9979484677314758,1,exact,3,Answer: beignets | Confidence: 95
C,Qwen/Qwen2-VL-7B-Instruct,nf4,fewshot,rotation,2,13,beignets,beignets,0.95,0.9994856119155884,1,exact,3,Answer: beignets | Confidence: 95
C,Qwen/Qwen2-VL-7B-Instruct,nf4,fewshot,rotation,2,14,beignets,beignets,0.95,0.9994197289148966,1,exact,3,Answer: beignets | Confidence: 95
C,Qwen/Qwen2-VL-7B-Instruct,nf4,fewshot,rotation,2,15,beignets,beignets,0.9,0.9986558953921,1,exact,3,Answer: beignets | Confidence: 90
C,Qwen/Qwen2-VL-7B-Instruct,nf4,fewshot,rotation,2,16,beignets,beignets,0.95,0.9989063143730164,1,exact,3,Answer: beignets | Confidence: 95
C,Qwen/Qwen2-VL-7B-Instruct,nf4,fewshot,rotation,2,17,beignets,beignets,0.95,0.9973861773808798,1,exact,3,Answer: beignets | Confidence: 95
C,Qwen/Qwen2-VL-7B-Instruct,nf4,fewshot,rotation,2,18,beignets,beignets,0.95,0.9985854824384054,1,exact,3,Answer: beignets | Confidence: 95
C,Qwen/Qwen2-VL-7B-Instruct,nf4,fewshot,rotation,2,19,beignets,bread,0.9,0.2930985391139984,0,nomatch,1,Answer: bread | Confidence: 90
C,Qwen/Qwen2-VL-7B-Instruct,nf4,fewshot,rotation,2,20,beignets,beignets,0.9,0.9929820895195008,1,exact,3,Answer: beignets | Confidence: 90
C,Qwen/Qwen2-VL-7B-Instruct,nf4,fewshot,rotation,2,21,beignets,beignets,0.9,0.9877820412317913,1,exact,3,Answer: beignets | Confidence: 90
C,Qwen/Qwen2-VL-7B-Instruct,nf4,fewshot,rotation,2,22,beignets,beignets,0.95,0.9988881150881448,1,exact,3,Answer: beignets | Confidence: 95
C,Qwen/Qwen2-VL-7B-Instruct,nf4,fewshot,rotation,2,23,beignets,beignets,0.95,0.9989252686500548,1,exact,3,Answer: beignets | Confidence: 95
C,Qwen/Qwen2-VL-7B-Instruct,nf4,fewshot,rotation,2,24,beignets,beignets,0.95,0.9976641337076824,1,exact,3,Answer: beignets | Confidence: 95
C,Qwen/Qwen2-VL-7B-Instruct,nf4,fewshot,rotation,2,25,beignets,beignets,0.95,0.99918399254481,1,exact,3,Answer: beignets | Confidence: 95
C,Qwen/Qwen2-VL-7B-Instruct,nf4,fewshot,rotation,2,26,beignets,beignets,0.9,0.9607895414034524,1,exact,3,Answer: beignets | Confidence: 90
C,Qwen/Qwen2-VL-7B-Instruct,nf4,fewshot,rotation,2,27,beignets,beignets,0.95,0.9991480112075806,1,exact,3,Answer: beignets | Confidence: 95
C,Qwen/Qwen2-VL-7B-Instruct,nf4,fewshot,rotation,2,28,beignets,beignets,0.95,0.9984988570213318,1,exact,3,Answer: beignets | Confidence: 95
C,Qwen/Qwen2-VL-7B-Instruct,nf4,fewshot,rotation,2,29,beignets,beignets,0.95,0.99949049949646,1,exact,3,Answer: beignets | Confidence: 95
C,Qwen/Qwen2-VL-7B-Instruct,nf4,fewshot,rotation,2,30,beignets,beignets,0.9,0.9994293649991354,1,exact,3,Answer: beignets | Confidence: 90
C,Qwen/Qwen2-VL-7B-Instruct,nf4,fewshot,rotation,2,31,beignets,beignets,0.9,0.9512705206871032,1,exact,3,Answer: beignets | Confidence: 90
C,Qwen/Qwen2-VL-7B-Instruct,nf4,fewshot,rotation,2,32,beignets,beignets,0.95,0.9954963326454164,1,exact,3,Answer: beignets | Confidence: 95
C,Qwen/Qwen2-VL-7B-Instruct,nf4,fewshot,rotation,2,33,beignets,beignets,0.95,0.9966958363850912,1,exact,3,Answer: beignets | Confidence: 95
C,Qwen/Qwen2-VL-7B-Instruct,nf4,fewshot,rotation,2,34,beignets,beignets,0.95,0.9981187582015992,1,exact,3,Answer: beignets | Confidence: 95
C,Qwen/Qwen2-VL-7B-Instruct,nf4,fewshot,rotation,2,35,beignets,beignets,0.9,0.999036153157552,1,exact,3,Answer: beignets | Confidence: 90
C,Qwen/Qwen2-VL-7B-Instruct,nf4,fewshot,rotation,2,36,beignets,beignets,0.95,0.998616635799408,1,exact,3,Answer: beignets | Confidence: 95
C,Qwen/Qwen2-VL-7B-Instruct,nf4,fewshot,rotation,2,37,beignets,beignets,0.95,0.9977842569351196,1,exact,3,Answer: beignets | Confidence: 95
C,Qwen/Qwen2-VL-7B-Instruct,nf4,fewshot,rotation,2,38,beignets,beignets,0.95,0.9985858996709188,1,exact,3,Answer: beignets | Confidence: 95
C,Qwen/Qwen2-VL-7B-Instruct,nf4,fewshot,rotation,2,39,beignets,beignets,0.95,0.9990251859029134,1,exact,3,Answer: beignets | Confidence: 95
C,Qwen/Qwen2-VL-7B-Instruct,nf4,fewshot,rotation,2,40,beignets,beignets,0.9,0.9982518752415976,1,exact,3,Answer: beignets | Confidence: 90
C,Qwen/Qwen2-VL-7B-Instruct,nf4,fewshot,rotation,2,41,beignets,beignets,0.95,0.9995157917340596,1,exact,3,Answer: beignets | Confidence: 95
C,Qwen/Qwen2-VL-7B-Instruct,nf4,fewshot,rotation,2,42,beignets,beignets,0.95,0.99379301071167,1,exact,3,Answer: beignets | Confidence: 95
C,Qwen/Qwen2-VL-7B-Instruct,nf4,fewshot,rotation,2,43,beignets,beignets,0.95,0.9989287654558816,1,exact,3,Answer: beignets | Confidence: 95
C,Qwen/Qwen2-VL-7B-Instruct,nf4,fewshot,rotation,2,44,beignets,beignets,0.95,0.9990790685017904,1,exact,3,Answer: beignets | Confidence: 95
C,Qwen/Qwen2-VL-7B-Instruct,nf4,fewshot,rotation,2,45,beignets,beignets,0.95,0.9968419671058656,1,exact,3,Answer: beignets | Confidence: 95
C,Qwen/Qwen2-VL-7B-Instruct,nf4,fewshot,rotation,2,46,beignets,beignets,0.95,0.9984628955523172,1,exact,3,Answer: beignets | Confidence: 95
C,Qwen/Qwen2-VL-7B-Instruct,nf4,fewshot,rotation,2,47,beignets,beignets,0.95,0.9972191651662192,1,exact,3,Answer: beignets | Confidence: 95
C,Qwen/Qwen2-VL-7B-Instruct,nf4,fewshot,rotation,2,48,beignets,beignets,0.95,0.9992529551188152,1,exact,3,Answer: beignets | Confidence: 95
C,Qwen/Qwen2-VL-7B-Instruct,nf4,fewshot,rotation,2,49,beignets,beignets,0.95,0.9995110432306924,1,exact,3,Answer: beignets | Confidence: 95
C,Qwen/Qwen2-VL-7B-Instruct,nf4,fewshot,rotation,2,50,beignets,beignets,0.95,0.9987972378730774,1,exact,3,Answer: beignets | Confidence: 95
C,Qwen/Qwen2-VL-7B-Instruct,nf4,fewshot,rotation,2,51,beignets,beignets,0.95,0.9981701374053956,1,exact,3,Answer: beignets | Confidence: 95
C,Qwen/Qwen2-VL-7B-Instruct,nf4,fewshot,rotation,2,52,beignets,beignets,0.95,0.9992666443188986,1,exact,3,Answer: beignets | Confidence: 95
C,Qwen/Qwen2-VL-7B-Instruct,nf4,fewshot,rotation,2,53,beignets,beignets,0.95,0.9988239208857218,1,exact,3,Answer: beignets | Confidence: 95
C,Qwen/Qwen2-VL-7B-Instruct,nf4,fewshot,rotation,2,54,beignets,beignets,0.95,0.9990469217300416,1,exact,3,Answer: beignets | Confidence: 95
C,Qwen/Qwen2-VL-7B-Instruct,nf4,fewshot,rotation,2,55,beignets,beignets,0.95,0.9991249839464824,1,exact,3,Answer: beignets | Confidence: 95
C,Qwen/Qwen2-VL-7B-Instruct,nf4,fewshot,rotation,2,56,beignets,beignets,0.9,0.9461992383003236,1,exact,3,Answer: beignets | Confidence: 90
C,Qwen/Qwen2-VL-7B-Instruct,nf4,fewshot,rotation,2,57,beignets,beignets,0.95,0.9871171514193215,1,exact,3,Answer: beignets | Confidence: 95
C,Qwen/Qwen2-VL-7B-Instruct,nf4,fewshot,rotation,2,58,beignets,beignets,0.95,0.998570422331492,1,exact,3,Answer: beignets | Confidence: 95
C,Qwen/Qwen2-VL-7B-Instruct,nf4,fewshot,rotation,2,59,beignets,beignets,0.95,0.997759203116099,1,exact,3,Answer: beignets | Confidence: 95
C,Qwen/Qwen2-VL-7B-Instruct,nf4,fewshot,rotation,2,60,beignets,strawberry shortcake,0.9,0.8741605877876282,0,contains,3,Answer: strawberry shortcake | Confidence: 90
C,Qwen/Qwen2-VL-7B-Instruct,nf4,fewshot,rotation,2,61,beignets,beignets,0.95,0.9991304079691568,1,exact,3,Answer: beignets | Confidence: 95
C,Qwen/Qwen2-VL-7B-Instruct,nf4,fewshot,rotation,2,62,beignets,beignets,0.95,0.9909156560897828,1,exact,3,Answer: beignets | Confidence: 95
C,Qwen/Qwen2-VL-7B-Instruct,nf4,fewshot,rotation,2,63,beignets,beignets,0.9,0.997715711593628,1,exact,3,Answer: beignets | Confidence: 90
C,Qwen/Qwen2-VL-7B-Instruct,nf4,fewshot,rotation,2,64,beignets,beignets,0.95,0.9988451798756918,1,exact,3,Answer: beignets | Confidence: 95
C,Qwen/Qwen2-VL-7B-Instruct,nf4,fewshot,rotation,2,65,beignets,beignets,0.95,0.9993777672449748,1,exact,3,Answer: beignets | Confidence: 95
C,Qwen/Qwen2-VL-7B-Instruct,nf4,fewshot,rotation,2,66,beignets,beignets,0.95,0.9985228379567463,1,exact,3,Answer: beignets | Confidence: 95
C,Qwen/Qwen2-VL-7B-Instruct,nf4,fewshot,rotation,2,67,beignets,beignets,0.9,0.9965684413909912,1,exact,3,Answer: beignets | Confidence: 90
C,Qwen/Qwen2-VL-7B-Instruct,nf4,fewshot,rotation,2,68,beignets,beignets,0.95,0.9990423520406088,1,exact,3,Answer: beignets | Confidence: 95
C,Qwen/Qwen2-VL-7B-Instruct,nf4,fewshot,rotation,2,69,beignets,beignets,0.9,0.9982270201047262,1,exact,3,Answer: beignets | Confidence: 90
C,Qwen/Qwen2-VL-7B-Instruct,nf4,fewshot,rotation,2,70,beignets,beignets,0.95,0.9985745151837668,1,exact,3,Answer: beignets | Confidence: 95
C,Qwen/Qwen2-VL-7B-Instruct,nf4,fewshot,rotation,2,71,beignets,beignets,0.95,0.999040146668752,1,exact,3,Answer: beignets | Confidence: 95
C,Qwen/Qwen2-VL-7B-Instruct,nf4,fewshot,rotation,2,72,beignets,beignets,0.95,0.998539408047994,1,exact,3,Answer: beignets | Confidence: 95
C,Qwen/Qwen2-VL-7B-Instruct,nf4,fewshot,rotation,2,73,beignets,beignets,0.9,0.999409039815267,1,exact,3,Answer: beignets | Confidence: 90
C,Qwen/Qwen2-VL-7B-Instruct,nf4,fewshot,rotation,2,74,beignets,beignets,0.95,0.9941399892171224,1,exact,3,Answer: beignets | Confidence: 95
C,Qwen/Qwen2-VL-7B-Instruct,nf4,fewshot,rotation,2,75,beignets,beignets,0.95,0.9985366066296896,1,exact,3,Answer: beignets | Confidence: 95
C,Qwen/Qwen2-VL-7B-Instruct,nf4,fewshot,rotation,2,76,beignets,beignets,0.95,0.9988800088564554,1,exact,3,Answer: beignets | Confidence: 95
C,Qwen/Qwen2-VL-7B-Instruct,nf4,fewshot,rotation,2,77,beignets,beignets,0.95,0.9991778333981832,1,exact,3,Answer: beignets | Confidence: 95
C,Qwen/Qwen2-VL-7B-Instruct,nf4,fewshot,rotation,2,78,beignets,beignets,0.95,0.998858372370402,1,exact,3,Answer: beignets | Confidence: 95
C,Qwen/Qwen2-VL-7B-Instruct,nf4,fewshot,rotation,2,79,beignets,beignets,0.95,0.9994797309239706,1,exact,3,Answer: beignets | Confidence: 95
C,Qwen/Qwen2-VL-7B-Instruct,nf4,fewshot,rotation,2,80,beignets,beignets,0.95,0.9984644651412964,1,exact,3,Answer: beignets | Confidence: 95
C,Qwen/Qwen2-VL-7B-Instruct,nf4,fewshot,rotation,2,81,beignets,beignets,0.95,0.9934905370076498,1,exact,3,Answer: beignets | Confidence: 95
C,Qwen/Qwen2-VL-7B-Instruct,nf4,fewshot,rotation,2,82,beignets,beignets,0.95,0.9992743134498596,1,exact,3,Answer: beignets | Confidence: 95
C,Qwen/Qwen2-VL-7B-Instruct,nf4,fewshot,rotation,2,83,beignets,beignets,0.9,0.9970629016558328,1,exact,3,Answer: beignets | Confidence: 90
C,Qwen/Qwen2-VL-7B-Instruct,nf4,fewshot,rotation,2,84,beignets,beignets,0.9,0.9946072300275168,1,exact,3,Answer: beignets | Confidence: 90
C,Qwen/Qwen2-VL-7B-Instruct,nf4,fewshot,rotation,2,85,beignets,beignets,0.95,0.9990180532137553,1,exact,3,Answer: beignets | Confidence: 95
C,Qwen/Qwen2-VL-7B-Instruct,nf4,fewshot,rotation,2,86,beignets,beignets,0.95,0.9989596406618754,1,exact,3,Answer: beignets | Confidence: 95
C,Qwen/Qwen2-VL-7B-Instruct,nf4,fewshot,rotation,2,87,beignets,beignets,0.95,0.9982996384302776,1,exact,3,Answer: beignets | Confidence: 95
C,Qwen/Qwen2-VL-7B-Instruct,nf4,fewshot,rotation,2,88,beignets,beignets,0.9,0.9403682152430216,1,exact,3,Answer: beignets | Confidence: 90
C,Qwen/Qwen2-VL-7B-Instruct,nf4,fewshot,rotation,2,89,beignets,fried calamari,0.9,0.8405938744544983,0,contains,3,Answer: fried calamari | Confidence: 90
C,Qwen/Qwen2-VL-7B-Instruct,nf4,fewshot,rotation,2,90,beignets,beignets,0.95,0.9989810188611348,1,exact,3,Answer: beignets | Confidence: 95
C,Qwen/Qwen2-VL-7B-Instruct,nf4,fewshot,rotation,2,91,beignets,beignets,0.95,0.9989396333694458,1,exact,3,Answer: beignets | Confidence: 95
C,Qwen/Qwen2-VL-7B-Instruct,nf4,fewshot,rotation,2,92,beignets,beignets,0.95,0.9993421037991842,1,exact,3,Answer: beignets | Confidence: 95
C,Qwen/Qwen2-VL-7B-Instruct,nf4,fewshot,rotation,2,93,beignets,beignets,0.9,0.998830795288086,1,exact,3,Answer: beignets | Confidence: 90
C,Qwen/Qwen2-VL-7B-Instruct,nf4,fewshot,rotation,2,94,beignets,beignets,0.95,0.9992692470550536,1,exact,3,Answer: beignets | Confidence: 95
C,Qwen/Qwen2-VL-7B-Instruct,nf4,fewshot,rotation,2,95,beignets,beignets,0.9,0.9990775187810262,1,exact,3,Answer: beignets | Confidence: 90
C,Qwen/Qwen2-VL-7B-Instruct,nf4,fewshot,rotation,2,96,beignets,beignets,0.95,0.9985944231351216,1,exact,3,Answer: beignets | Confidence: 95
C,Qwen/Qwen2-VL-7B-Instruct,nf4,fewshot,rotation,2,97,beignets,beignets,0.9,0.9647748072942098,1,exact,3,Answer: beignets | Confidence: 90
C,Qwen/Qwen2-VL-7B-Instruct,nf4,fewshot,rotation,2,98,beignets,beignets,0.9,0.9990972677866616,1,exact,3,Answer: beignets | Confidence: 90
C,Qwen/Qwen2-VL-7B-Instruct,nf4,fewshot,rotation,2,99,beignets,beignets,0.95,0.9992430210113524,1,exact,3,Answer: beignets | Confidence: 95
C,Qwen/Qwen2-VL-7B-Instruct,nf4,fewshot,rotation,3,0,beignets,beignets,0.95,0.9989577134450276,1,exact,3,Answer: beignets | Confidence: 95
C,Qwen/Qwen2-VL-7B-Instruct,nf4,fewshot,rotation,3,1,beignets,beignets,0.9,0.9937793811162312,1,exact,3,Answer: beignets | Confidence: 90
C,Qwen/Qwen2-VL-7B-Instruct,nf4,fewshot,rotation,3,2,beignets,beignets,0.95,0.9993047912915548,1,exact,3,Answer: beignets | Confidence: 95
C,Qwen/Qwen2-VL-7B-Instruct,nf4,fewshot,rotation,3,3,beignets,beignets,0.95,0.9989145398139954,1,exact,3,Answer: beignets | Confidence: 95
C,Qwen/Qwen2-VL-7B-Instruct,nf4,fewshot,rotation,3,4,beignets,beignets,0.95,0.9994523326555887,1,exact,3,Answer: beignets | Confidence: 95
C,Qwen/Qwen2-VL-7B-Instruct,nf4,fewshot,rotation,3,5,beignets,beignets,0.95,0.9991257786750792,1,exact,3,Answer: beignets | Confidence: 95
C,Qwen/Qwen2-VL-7B-Instruct,nf4,fewshot,rotation,3,6,beignets,beignets,0.95,0.9991353352864584,1,exact,3,Answer: beignets | Confidence: 95
C,Qwen/Qwen2-VL-7B-Instruct,nf4,fewshot,rotation,3,7,beignets,beignets,0.95,0.9991408983866372,1,exact,3,Answer: beignets | Confidence: 95
C,Qwen/Qwen2-VL-7B-Instruct,nf4,fewshot,rotation,3,8,beignets,beignets,0.9,0.9110986590385436,1,exact,3,Answer: beignets | Confidence: 90
C,Qwen/Qwen2-VL-7B-Instruct,nf4,fewshot,rotation,3,9,beignets,beignets,0.95,0.9987642963727316,1,exact,3,Answer: beignets | Confidence: 95
C,Qwen/Qwen2-VL-7B-Instruct,nf4,fewshot,rotation,3,10,beignets,beignets,0.9,0.9906015396118164,1,exact,3,Answer: beignets | Confidence: 90
C,Qwen/Qwen2-VL-7B-Instruct,nf4,fewshot,rotation,3,11,beignets,beignets,0.95,0.9994452397028604,1,exact,3,Answer: beignets | Confidence: 95
C,Qwen/Qwen2-VL-7B-Instruct,nf4,fewshot,rotation,3,12,beignets,beignets,0.95,0.9981207847595216,1,exact,3,Answer: beignets | Confidence: 95
C,Qwen/Qwen2-VL-7B-Instruct,nf4,fewshot,rotation,3,13,beignets,beignets,0.95,0.9995765089988708,1,exact,3,Answer: beignets | Confidence: 95
C,Qwen/Qwen2-VL-7B-Instruct,nf4,fewshot,rotation,3,14,beignets,beignets,0.95,0.9994377493858336,1,exact,3,Answer: beignets | Confidence: 95
C,Qwen/Qwen2-VL-7B-Instruct,nf4,fewshot,rotation,3,15,beignets,beignets,0.9,0.9988600413004556,1,exact,3,Answer: beignets | Confidence: 90
C,Qwen/Qwen2-VL-7B-Instruct,nf4,fewshot,rotation,3,16,beignets,beignets,0.9,0.9989417592684428,1,exact,3,Answer: beignets | Confidence: 90
C,Qwen/Qwen2-VL-7B-Instruct,nf4,fewshot,rotation,3,17,beignets,beignets,0.95,0.997769057750702,1,exact,3,Answer: beignets | Confidence: 95
C,Qwen/Qwen2-VL-7B-Instruct,nf4,fewshot,rotation,3,18,beignets,beignets,0.95,0.998600959777832,1,exact,3,Answer: beignets | Confidence: 95
C,Qwen/Qwen2-VL-7B-Instruct,nf4,fewshot,rotation,3,19,beignets,beignets,0.9,0.7951649824778239,1,exact,3,Answer: beignets | Confidence: 90
C,Qwen/Qwen2-VL-7B-Instruct,nf4,fewshot,rotation,3,20,beignets,beignets,0.9,0.9797314206759136,1,exact,3,Answer: beignets | Confidence: 90
C,Qwen/Qwen2-VL-7B-Instruct,nf4,fewshot,rotation,3,21,beignets,beignets,0.9,0.9693809946378072,1,exact,3,Answer: beignets | Confidence: 90
C,Qwen/Qwen2-VL-7B-Instruct,nf4,fewshot,rotation,3,22,beignets,beignets,0.95,0.99842236439387,1,exact,3,Answer: beignets | Confidence: 95
C,Qwen/Qwen2-VL-7B-Instruct,nf4,fewshot,rotation,3,23,beignets,beignets,0.95,0.9988014698028564,1,exact,3,Answer: beignets | Confidence: 95
C,Qwen/Qwen2-VL-7B-Instruct,nf4,fewshot,rotation,3,24,beignets,beignets,0.95,0.9976025025049844,1,exact,3,Answer: beignets | Confidence: 95
C,Qwen/Qwen2-VL-7B-Instruct,nf4,fewshot,rotation,3,25,beignets,beignets,0.95,0.9991044799486796,1,exact,3,Answer: beignets | Confidence: 95
C,Qwen/Qwen2-VL-7B-Instruct,nf4,fewshot,rotation,3,26,beignets,beignets,0.9,0.8798039754231771,1,exact,3,Answer: beignets | Confidence: 90
C,Qwen/Qwen2-VL-7B-Instruct,nf4,fewshot,rotation,3,27,beignets,beignets,0.95,0.9991487463315328,1,exact,3,Answer: beignets | Confidence: 95
C,Qwen/Qwen2-VL-7B-Instruct,nf4,fewshot,rotation,3,28,beignets,beignets,0.95,0.9986541271209716,1,exact,3,Answer: beignets | Confidence: 95
C,Qwen/Qwen2-VL-7B-Instruct,nf4,fewshot,rotation,3,29,beignets,beignets,0.95,0.9995741248130798,1,exact,3,Answer: beignets | Confidence: 95
C,Qwen/Qwen2-VL-7B-Instruct,nf4,fewshot,rotation,3,30,beignets,beignets,0.95,0.999420404434204,1,exact,3,Answer: beignets | Confidence: 95
C,Qwen/Qwen2-VL-7B-Instruct,nf4,fewshot,rotation,3,31,beignets,beignets,0.9,0.9671737750371298,1,exact,3,Answer: beignets | Confidence: 90
C,Qwen/Qwen2-VL-7B-Instruct,nf4,fewshot,rotation,3,32,beignets,beignets,0.9,0.9918829003969828,1,exact,3,Answer: beignets | Confidence: 90
C,Qwen/Qwen2-VL-7B-Instruct,nf4,fewshot,rotation,3,33,beignets,beignets,0.95,0.9970156153043112,1,exact,3,Answer: beignets | Confidence: 95
C,Qwen/Qwen2-VL-7B-Instruct,nf4,fewshot,rotation,3,34,beignets,beignets,0.95,0.9983083407084148,1,exact,3,Answer: beignets | Confidence: 95
C,Qwen/Qwen2-VL-7B-Instruct,nf4,fewshot,rotation,3,35,beignets,beignets,0.9,0.999067485332489,1,exact,3,Answer: beignets | Confidence: 90
C,Qwen/Qwen2-VL-7B-Instruct,nf4,fewshot,rotation,3,36,beignets,beignets,0.95,0.9985383550326028,1,exact,3,Answer: beignets | Confidence: 95
C,Qwen/Qwen2-VL-7B-Instruct,nf4,fewshot,rotation,3,37,beignets,beignets,0.95,0.997439463933309,1,exact,3,Answer: beignets | Confidence: 95
C,Qwen/Qwen2-VL-7B-Instruct,nf4,fewshot,rotation,3,38,beignets,beignets,0.95,0.998257597287496,1,exact,3,Answer: beignets | Confidence: 95
C,Qwen/Qwen2-VL-7B-Instruct,nf4,fewshot,rotation,3,39,beignets,beignets,0.95,0.9988268613815308,1,exact,3,Answer: beignets | Confidence: 95
C,Qwen/Qwen2-VL-7B-Instruct,nf4,fewshot,rotation,3,40,beignets,beignets,0.9,0.998253087202708,1,exact,3,Answer: beignets | Confidence: 90
C,Qwen/Qwen2-VL-7B-Instruct,nf4,fewshot,rotation,3,41,beignets,beignets,0.95,0.9995643297831216,1,exact,3,Answer: beignets | Confidence: 95
C,Qwen/Qwen2-VL-7B-Instruct,nf4,fewshot,rotation,3,42,beignets,beignets,0.95,0.9942122300465902,1,exact,3,Answer: beignets | Confidence: 95
C,Qwen/Qwen2-VL-7B-Instruct,nf4,fewshot,rotation,3,43,beignets,beignets,0.95,0.9990427295366924,1,exact,3,Answer: beignets | Confidence: 95
C,Qwen/Qwen2-VL-7B-Instruct,nf4,fewshot,rotation,3,44,beignets,beignets,0.95,0.999147355556488,1,exact,3,Answer: beignets | Confidence: 95
C,Qwen/Qwen2-VL-7B-Instruct,nf4,fewshot,rotation,3,45,beignets,beignets,0.95,0.9973797798156738,1,exact,3,Answer: beignets | Confidence: 95
C,Qwen/Qwen2-VL-7B-Instruct,nf4,fewshot,rotation,3,46,beignets,beignets,0.95,0.9985503554344176,1,exact,3,Answer: beignets | Confidence: 95
C,Qwen/Qwen2-VL-7B-Instruct,nf4,fewshot,rotation,3,47,beignets,beignets,0.95,0.9968820810317992,1,exact,3,Answer: beignets | Confidence: 95
C,Qwen/Qwen2-VL-7B-Instruct,nf4,fewshot,rotation,3,48,beignets,beignets,0.95,0.9993066390355428,1,exact,3,Answer: beignets | Confidence: 95
C,Qwen/Qwen2-VL-7B-Instruct,nf4,fewshot,rotation,3,49,beignets,beignets,0.95,0.9995595415433248,1,exact,3,Answer: beignets | Confidence: 95
C,Qwen/Qwen2-VL-7B-Instruct,nf4,fewshot,rotation,3,50,beignets,beignets,0.95,0.998149573802948,1,exact,3,Answer: beignets | Confidence: 95
C,Qwen/Qwen2-VL-7B-Instruct,nf4,fewshot,rotation,3,51,beignets,beignets,0.95,0.9977392752965292,1,exact,3,Answer: beignets | Confidence: 95
C,Qwen/Qwen2-VL-7B-Instruct,nf4,fewshot,rotation,3,52,beignets,beignets,0.95,0.9992508093516032,1,exact,3,Answer: beignets | Confidence: 95
C,Qwen/Qwen2-VL-7B-Instruct,nf4,fewshot,rotation,3,53,beignets,beignets,0.95,0.9989076256752014,1,exact,3,Answer: beignets | Confidence: 95
C,Qwen/Qwen2-VL-7B-Instruct,nf4,fewshot,rotation,3,54,beignets,beignets,0.95,0.9988657832145692,1,exact,3,Answer: beignets | Confidence: 95
C,Qwen/Qwen2-VL-7B-Instruct,nf4,fewshot,rotation,3,55,beignets,beignets,0.95,0.99916140238444,1,exact,3,Answer: beignets | Confidence: 95
C,Qwen/Qwen2-VL-7B-Instruct,nf4,fewshot,rotation,3,56,beignets,beignets,0.9,0.9551457564036052,1,exact,3,Answer: beignets | Confidence: 90
C,Qwen/Qwen2-VL-7B-Instruct,nf4,fewshot,rotation,3,57,beignets,beignets,0.95,0.9861278136571248,1,exact,3,Answer: beignets | Confidence: 95
C,Qwen/Qwen2-VL-7B-Instruct,nf4,fewshot,rotation,3,58,beignets,beignets,0.95,0.9986267685890198,1,exact,3,Answer: beignets | Confidence: 95
C,Qwen/Qwen2-VL-7B-Instruct,nf4,fewshot,rotation,3,59,beignets,beignets,0.95,0.9977508783340454,1,exact,3,Answer: beignets | Confidence: 95
C,Qwen/Qwen2-VL-7B-Instruct,nf4,fewshot,rotation,3,60,beignets,strawberry shortcake,0.9,0.8084945976734161,0,contains,3,Answer: strawberry shortcake | Confidence: 90
C,Qwen/Qwen2-VL-7B-Instruct,nf4,fewshot,rotation,3,61,beignets,beignets,0.95,0.9990766247113546,1,exact,3,Answer: beignets | Confidence: 95
C,Qwen/Qwen2-VL-7B-Instruct,nf4,fewshot,rotation,3,62,beignets,beignets,0.95,0.9936420520146688,1,exact,3,Answer: beignets | Confidence: 95
C,Qwen/Qwen2-VL-7B-Instruct,nf4,fewshot,rotation,3,63,beignets,beignets,0.9,0.9976691603660583,1,exact,3,Answer: beignets | Confidence: 90
C,Qwen/Qwen2-VL-7B-Instruct,nf4,fewshot,rotation,3,64,beignets,beignets,0.95,0.9986842473347982,1,exact,3,Answer: beignets | Confidence: 95
C,Qwen/Qwen2-VL-7B-Instruct,nf4,fewshot,rotation,3,65,beignets,beignets,0.95,0.999435265858968,1,exact,3,Answer: beignets | Confidence: 95
C,Qwen/Qwen2-VL-7B-Instruct,nf4,fewshot,rotation,3,66,beignets,beignets,0.95,0.998317042986552,1,exact,3,Answer: beignets | Confidence: 95
C,Qwen/Qwen2-VL-7B-Instruct,nf4,fewshot,rotation,3,67,beignets,beignets,0.9,0.9976084232330322,1,exact,3,Answer: beignets | Confidence: 90
C,Qwen/Qwen2-VL-7B-Instruct,nf4,fewshot,rotation,3,68,beignets,beignets,0.95,0.9988698959350586,1,exact,3,Answer: beignets | Confidence: 95
C,Qwen/Qwen2-VL-7B-Instruct,nf4,fewshot,rotation,3,69,beignets,beignets,0.95,0.9980596502621968,1,exact,3,Answer: beignets | Confidence: 95
C,Qwen/Qwen2-VL-7B-Instruct,nf4,fewshot,rotation,3,70,beignets,beignets,0.95,0.9984906514485676,1,exact,3,Answer: beignets | Confidence: 95
C,Qwen/Qwen2-VL-7B-Instruct,nf4,fewshot,rotation,3,71,beignets,beignets,0.95,0.9990291992823284,1,exact,3,Answer: beignets | Confidence: 95
C,Qwen/Qwen2-VL-7B-Instruct,nf4,fewshot,rotation,3,72,beignets,beignets,0.95,0.9988442460695902,1,exact,3,Answer: beignets | Confidence: 95
C,Qwen/Qwen2-VL-7B-Instruct,nf4,fewshot,rotation,3,73,beignets,beignets,0.9,0.9994539618492126,1,exact,3,Answer: beignets | Confidence: 90
C,Qwen/Qwen2-VL-7B-Instruct,nf4,fewshot,rotation,3,74,beignets,beignets,0.95,0.9937363664309184,1,exact,3,Answer: beignets | Confidence: 95
C,Qwen/Qwen2-VL-7B-Instruct,nf4,fewshot,rotation,3,75,beignets,beignets,0.95,0.9986257751782736,1,exact,3,Answer: beignets | Confidence: 95
C,Qwen/Qwen2-VL-7B-Instruct,nf4,fewshot,rotation,3,76,beignets,beignets,0.95,0.9985745350519816,1,exact,3,Answer: beignets | Confidence: 95
C,Qwen/Qwen2-VL-7B-Instruct,nf4,fewshot,rotation,3,77,beignets,beignets,0.95,0.9990009864171346,1,exact,3,Answer: beignets | Confidence: 95
C,Qwen/Qwen2-VL-7B-Instruct,nf4,fewshot,rotation,3,78,beignets,beignets,0.95,0.9991125067075094,1,exact,3,Answer: beignets | Confidence: 95
C,Qwen/Qwen2-VL-7B-Instruct,nf4,fewshot,rotation,3,79,beignets,beignets,0.95,0.9993363618850708,1,exact,3,Answer: beignets | Confidence: 95
C,Qwen/Qwen2-VL-7B-Instruct,nf4,fewshot,rotation,3,80,beignets,beignets,0.95,0.9983453154563904,1,exact,3,Answer: beignets | Confidence: 95
C,Qwen/Qwen2-VL-7B-Instruct,nf4,fewshot,rotation,3,81,beignets,beignets,0.95,0.9922558267911276,1,exact,3,Answer: beignets | Confidence: 95
C,Qwen/Qwen2-VL-7B-Instruct,nf4,fewshot,rotation,3,82,beignets,beignets,0.95,0.9992748697598776,1,exact,3,Answer: beignets | Confidence: 95
C,Qwen/Qwen2-VL-7B-Instruct,nf4,fewshot,rotation,3,83,beignets,beignets,0.9,0.9946143825848898,1,exact,3,Answer: beignets | Confidence: 90
C,Qwen/Qwen2-VL-7B-Instruct,nf4,fewshot,rotation,3,84,beignets,beignets,0.9,0.9944825569788616,1,exact,3,Answer: beignets | Confidence: 90
C,Qwen/Qwen2-VL-7B-Instruct,nf4,fewshot,rotation,3,85,beignets,beignets,0.95,0.9987058639526368,1,exact,3,Answer: beignets | Confidence: 95
C,Qwen/Qwen2-VL-7B-Instruct,nf4,fewshot,rotation,3,86,beignets,beignets,0.9,0.9991887211799622,1,exact,3,Answer: beignets | Confidence: 90
C,Qwen/Qwen2-VL-7B-Instruct,nf4,fewshot,rotation,3,87,beignets,beignets,0.95,0.9985735813776652,1,exact,3,Answer: beignets | Confidence: 95
C,Qwen/Qwen2-VL-7B-Instruct,nf4,fewshot,rotation,3,88,beignets,beignets,0.9,0.86488010485967,1,exact,3,Answer: beignets | Confidence: 90
C,Qwen/Qwen2-VL-7B-Instruct,nf4,fewshot,rotation,3,89,beignets,bread pudding,0.9,0.6821036487817764,0,contains,2,Answer: bread pudding | Confidence: 90
C,Qwen/Qwen2-VL-7B-Instruct,nf4,fewshot,rotation,3,90,beignets,beignets,0.95,0.9989138046900432,1,exact,3,Answer: beignets | Confidence: 95
C,Qwen/Qwen2-VL-7B-Instruct,nf4,fewshot,rotation,3,91,beignets,beignets,0.95,0.9988820751508076,1,exact,3,Answer: beignets | Confidence: 95
C,Qwen/Qwen2-VL-7B-Instruct,nf4,fewshot,rotation,3,92,beignets,beignets,0.95,0.9994079271952312,1,exact,3,Answer: beignets | Confidence: 95
C,Qwen/Qwen2-VL-7B-Instruct,nf4,fewshot,rotation,3,93,beignets,beignets,0.9,0.9990160862604776,1,exact,3,Answer: beignets | Confidence: 90
C,Qwen/Qwen2-VL-7B-Instruct,nf4,fewshot,rotation,3,94,beignets,beignets,0.95,0.9993435343106588,1,exact,3,Answer: beignets | Confidence: 95
C,Qwen/Qwen2-VL-7B-Instruct,nf4,fewshot,rotation,3,95,beignets,beignets,0.95,0.9990039865175884,1,exact,3,Answer: beignets | Confidence: 95
C,Qwen/Qwen2-VL-7B-Instruct,nf4,fewshot,rotation,3,96,beignets,beignets,0.95,0.998723030090332,1,exact,3,Answer: beignets | Confidence: 95
C,Qwen/Qwen2-VL-7B-Instruct,nf4,fewshot,rotation,3,97,beignets,beignets,0.9,0.9348472952842712,1,exact,3,Answer: beignets | Confidence: 90
C,Qwen/Qwen2-VL-7B-Instruct,nf4,fewshot,rotation,3,98,beignets,beignets,0.9,0.999161422252655,1,exact,3,Answer: beignets | Confidence: 90
C,Qwen/Qwen2-VL-7B-Instruct,nf4,fewshot,rotation,3,99,beignets,beignets,0.95,0.999191721280416,1,exact,3,Answer: beignets | Confidence: 95
