arm,model,precision,template,degradation,severity,item,gold,answer,verbalized,internal,correct,match_method,n_answer_tokens,raw
B,Qwen/Qwen2-VL-2B-Instruct,nf4,fewshot,clean,0,0,beignets,,,0.8222847208380699,0,empty,4,Beignets
B,Qwen/Qwen2-VL-2B-Instruct,nf4,fewshot,clean,0,1,beignets,,,0.8283854946494102,0,empty,4,Beignets
B,Qwen/Qwen2-VL-2B-Instruct,nf4,fewshot,clean,0,2,beignets,,,0.8250651359558105,0,empty,4,Beignets
B,Qwen/Qwen2-VL-2B-Instruct,nf4,fewshot,clean,0,3,beignets,,,0.8550695851445198,0,empty,4,Beignets
B,Qwen/Qwen2-VL-2B-Instruct,nf4,fewshot,clean,0,4,beignets,,,0.8319422081112862,0,empty,4,Beignets
B,Qwen/Qwen2-VL-2B-Instruct,nf4,fewshot,clean,0,5,beignets,,,0.8227455392479897,0,empty,4,beignets
B,Qwen/Qwen2-VL-2B-Instruct,nf4,fewshot,clean,0,6,beignets,,,0.8539840057492256,0,empty,4,Beignets
B,Qwen/Qwen2-VL-2B-Instruct,nf4,fewshot,clean,0,7,beignets,beignets,0.9,0.9833515485127768,1,exact,3,Answer: beignets | Confidence: 90
B,Qwen/Qwen2-VL-2B-Instruct,nf4,fewshot,clean,0,8,beignets,fried calamari,0.85,0.9603059490521748,0,contains,3,Answer: fried calamari | Confidence: 85
B,Qwen/Qwen2-VL-2B-Instruct,nf4,fewshot,clean,0,9,beignets,beignets,0.9,0.9687619209289552,1,exact,3,Answer: beignets | Confidence: 90
B,Qwen/Qwen2-VL-2B-Instruct,nf4,fewshot,clean,0,10,beignets,,,0.859996847808361,0,empty,4,Beignets
B,Qwen/Qwen2-VL-2B-Instruct,nf4,fewshot,clean,0,11,beignets,,,0.8589873760938644,0,empty,4,Beignets
B,Qwen/Qwen2-VL-2B-Instruct,nf4,fewshot,clean,0,12,beignets,beignets,0.9,0.9319411714871724,1,exact,3,Answer: beignets | Confidence: 90
B,Qwen/Qwen2-VL-2B-Instruct,nf4,fewshot,clean,0,13,beignets,,,0.851522333920002,0,empty,4,beignets
B,Qwen/Qwen2-VL-2B-Instruct,nf4,fewshot,clean,0,14,beignets,,,0.8826083093881607,0,empty,4,Beignets
B,Qwen/Qwen2-VL-2B-Instruct,nf4,fewshot,clean,0,15,beignets,beignets,0.9,0.9844227830568948,1,exact,3,Answer: beignets | Confidence: 90
B,Qwen/Qwen2-VL-2B-Instruct,nf4,fewshot,clean,0,16,beignets,beignets,0.9,0.9907225966453552,1,exact,3,Answer: beignets | Confidence: 90
B,Qwen/Qwen2-VL-2B-Instruct,nf4,fewshot,clean,0,17,beignets,,,0.846505343914032,0,empty,4,beignets
B,Qwen/Qwen2-VL-2B-Instruct,nf4,fewshot,clean,0,18,beignets,,,0.8432528972625732,0,empty,4,Beignets
B,Qwen/Qwen2-VL-2B-Instruct,nf4,fewshot,clean,0,19,beignets,,,0.8431525081396103,0,empty,4,beignets
B,Qwen/Qwen2-VL-2B-Instruct,nf4,fewshot,clean,0,20,beignets,,,0.8395671471953392,0,empty,4,Beignets
B,Qwen/Qwen2-VL-2B-Instruct,nf4,fewshot,clean,0,21,beignets,beignets,0.85,0.8589673439661661,1,exact,3,Answer: beignets | Confidence: 85
B,Qwen/Qwen2-VL-2B-Instruct,nf4,fewshot,clean,0,22,beignets,,,0.849424384534359,0,empty,4,Beignets
B,Qwen/Qwen2-VL-2B-Instruct,nf4,fewshot,clean,0,23,beignets,,,0.8353084549307823,0,empty,4,Beignets
B,Qwen/Qwen2-VL-2B-Instruct,nf4,fewshot,clean,0,24,beignets,beignets,0.9,0.9701731006304424,1,exact,3,Answer: beignets | Confidence: 90
B,Qwen/Qwen2-VL-2B-Instruct,nf4,fewshot,clean,0,25,beignets,beignets,0.9,0.985967735449473,1,exact,3,Answer: beignets | Confidence: 90
B,Qwen/Qwen2-VL-2B-Instruct,nf4,fewshot,clean,0,26,beignets,,,0.8365302383899689,0,empty,4,Beignets
B,Qwen/Qwen2-VL-2B-Instruct,nf4,fewshot,clean,0,27,beignets,,,0.8396702483296394,0,empty,4,Beignets
B,Qwen/Qwen2-VL-2B-Instruct,nf4,fewshot,clean,0,28,beignets,,,0.848343551158905,0,empty,4,Beignets
B,Qwen/Qwen2-VL-2B-Instruct,nf4,fewshot,clean,0,29,beignets,,,0.8236319050192833,0,empty,4,Beignets
B,Qwen/Qwen2-VL-2B-Instruct,nf4,fewshot,clean,0,30,beignets,,,0.8666305541992188,0,empty,4,Beignets
B,Qwen/Qwen2-VL-2B-Instruct,nf4,fewshot,clean,0,31,beignets,,,0.8427823483943939,0,empty,4,Beignets
B,Qwen/Qwen2-VL-2B-Instruct,nf4,fewshot,clean,0,32,beignets,beignets,0.9,0.9663256406784058,1,exact,3,Answer: beignets | Confidence: 90
B,Qwen/Qwen2-VL-2B-Instruct,nf4,fewshot,clean,0,33,beignets,,,0.8584089502692223,0,empty,4,beignets
B,Qwen/Qwen2-VL-2B-Instruct,nf4,fewshot,clean,0,34,beignets,,,0.8274990022182465,0,empty,4,Beignets
B,Qwen/Qwen2-VL-2B-Instruct,nf4,fewshot,clean,0,35,beignets,,,0.8642129078507423,0,empty,4,Beignets
B,Qwen/Qwen2-VL-2B-Instruct,nf4,fewshot,clean,0,36,beignets,,,0.8545100390911102,0,empty,4,beignets
B,Qwen/Qwen2-VL-2B-Instruct,nf4,fewshot,clean,0,37,beignets,beignets,0.9,0.99131178855896,1,exact,3,Answer: beignets | Confidence: 90
B,Qwen/Qwen2-VL-2B-Instruct,nf4,fewshot,clean,0,38,beignets,beignets,0.85,0.977785348892212,1,exact,3,Answer: beignets | Confidence: 85
B,Qwen/Qwen2-VL-2B-Instruct,nf4,fewshot,clean,0,39,beignets,,,0.9120639711618423,0,empty,4,beignets
B,Qwen/Qwen2-VL-2B-Instruct,nf4,fewshot,clean,0,40,beignets,,,0.8594382256269455,0,empty,4,beignets
B,Qwen/Qwen2-VL-2B-Instruct,nf4,fewshot,clean,0,41,beignets,,,0.8425444513559341,0,empty,4,beignets
B,Qwen/Qwen2-VL-2B-Instruct,nf4,fewshot,clean,0,42,beignets,,,0.8785919547080994,0,empty,4,Beignets
B,Qwen/Qwen2-VL-2B-Instruct,nf4,fewshot,clean,0,43,beignets,beignets,0.9,0.9830150405565896,1,exact,3,Answer: beignets | Confidence: 90
B,Qwen/Qwen2-VL-2B-Instruct,nf4,fewshot,clean,0,44,beignets,beignets,0.9,0.9716437458992004,1,exact,3,Answer: beignets | Confidence: 90
B,Qwen/Qwen2-VL-2B-Instruct,nf4,fewshot,clean,0,45,beignets,,,0.7624254922072092,0,empty,3,French toast
B,Qwen/Qwen2-VL-2B-Instruct,nf4,fewshot,clean,0,46,beignets,,,0.8494784981012344,0,empty,4,Beignets
B,Qwen/Qwen2-VL-2B-Instruct,nf4,fewshot,clean,0,47,beignets,beignets,,0.9168780446052552,1,exact,3,Answer: beignets
B,Qwen/Qwen2-VL-2B-Instruct,nf4,fewshot,clean,0,48,beignets,beignets,0.9,0.9803056120872498,1,exact,3,Answer: beignets | Confidence: 90
B,Qwen/Qwen2-VL-2B-Instruct,nf4,fewshot,clean,0,49,beignets,,,0.8638815060257912,0,empty,4,Beignets
B,Qwen/Qwen2-VL-2B-Instruct,nf4,fewshot,clean,0,50,beignets,beignets,,0.9854525923728944,1,exact,3,Answer: beignets
B,Qwen/Qwen2-VL-2B-Instruct,nf4,fewshot,clean,0,51,beignets,beignets,0.9,0.9846072991689048,1,exact,3,Answer: beignets | Confidence: 90
B,Qwen/Qwen2-VL-2B-Instruct,nf4,fewshot,clean,0,52,beignets,beignets,,0.9661165277163188,1,exact,3,Answer: beignets
B,Qwen/Qwen2-VL-2B-Instruct,nf4,fewshot,clean,0,53,beignets,beignets,0.9,0.9816169142723083,1,exact,3,Answer: beignets | Confidence: 90
B,Qwen/Qwen2-VL-2B-Instruct,nf4,fewshot,clean,0,54,beignets,,,0.8356785774230957,0,empty,4,beignets
B,Qwen/Qwen2-VL-2B-Instruct,nf4,fewshot,clean,0,55,beignets,,,0.8451092094182968,0,empty,4,beignets
B,Qwen/Qwen2-VL-2B-Instruct,nf4,fewshot,clean,0,56,beignets,,,0.8479772508144379,0,empty,4,Beignets
B,Qwen/Qwen2-VL-2B-Instruct,nf4,fewshot,clean,0,57,beignets,,,0.853115439414978,0,empty,4,beignets
B,Qwen/Qwen2-VL-2B-Instruct,nf4,fewshot,clean,0,58,beignets,beignets,0.9,0.9840314785639444,1,exact,3,Answer: beignets | Confidence: 90
B,Qwen/Qwen2-VL-2B-Instruct,nf4,fewshot,clean,0,59,beignets,beignets,0.9,0.9719394445419312,1,exact,3,Answer: beignets | Confidence: 90
B,Qwen/Qwen2-VL-2B-Instruct,nf4,fewshot,clean,0,60,beignets,,,0.8389488011598587,0,empty,4,Beignets
B,Qwen/Qwen2-VL-2B-Instruct,nf4,fewshot,clean,0,61,beignets,beignets,0.9,0.9851966301600138,1,exact,3,Answer: beignets | Confidence: 90
B,Qwen/Qwen2-VL-2B-Instruct,nf4,fewshot,clean,0,62,beignets,,,0.8575204163789749,0,empty,4,Beignets
B,Qwen/Qwen2-VL-2B-Instruct,nf4,fewshot,clean,0,63,beignets,beignets,0.9,0.9728337923685708,1,exact,3,Answer: beignets | Confidence: 90
B,Qwen/Qwen2-VL-2B-Instruct,nf4,fewshot,clean,0,64,beignets,,,0.8638369143009186,0,empty,4,beignets
B,Qwen/Qwen2-VL-2B-Instruct,nf4,fewshot,clean,0,65,beignets,,,0.8442205637693405,0,empty,4,Beignets
B,Qwen/Qwen2-VL-2B-Instruct,nf4,fewshot,clean,0,66,beignets,,,0.8623585626482964,0,empty,4,Beignets
B,Qwen/Qwen2-VL-2B-Instruct,nf4,fewshot,clean,0,67,beignets,,,0.83013516664505,0,empty,4,Beignets
B,Qwen/Qwen2-VL-2B-Instruct,nf4,fewshot,clean,0,68,beignets,,,0.8497797399759293,0,empty,4,Beignets
B,Qwen/Qwen2-VL-2B-Instruct,nf4,fewshot,clean,0,69,beignets,,,0.8607854694128036,0,empty,4,beignets
B,Qwen/Qwen2-VL-2B-Instruct,nf4,fewshot,clean,0,70,beignets,beignets,0.9,0.9670322934786478,1,exact,3,Answer: beignets | Confidence: 90
B,Qwen/Qwen2-VL-2B-Instruct,nf4,fewshot,clean,0,71,beignets,beignets,0.9,0.9865627884864808,1,exact,3,Answer: beignets | Confidence: 90
B,Qwen/Qwen2-VL-2B-Instruct,nf4,fewshot,clean,0,72,beignets,beignets,0.9,0.950558602809906,1,exact,3,Answer: beignets | Confidence: 90
B,Qwen/Qwen2-VL-2B-Instruct,nf4,fewshot,clean,0,73,beignets,,,0.8710449188947678,0,empty,4,Beignets
B,Qwen/Qwen2-VL-2B-Instruct,nf4,fewshot,clean,0,74,beignets,beignets,0.9,0.9900457859039308,1,exact,3,Answer: beignets | Confidence: 90
B,Qwen/Qwen2-VL-2B-Instruct,nf4,fewshot,clean,0,75,beignets,,,0.8398060202598572,0,empty,4,beignets
B,Qwen/Qwen2-VL-2B-Instruct,nf4,fewshot,clean,0,76,beignets,beignets,0.9,0.9786774118741354,1,exact,3,Answer: beignets | Confidence: 90
B,Qwen/Qwen2-VL-2B-Instruct,nf4,fewshot,clean,0,77,beignets,,,0.8466825112700462,0,empty,4,Beignets
B,Qwen/Qwen2-VL-2B-Instruct,nf4,fewshot,clean,0,78,beignets,beignets,0.9,0.9831106662750244,1,exact,3,Answer: beignets | Confidence: 90
B,Qwen/Qwen2-VL-2B-Instruct,nf4,fewshot,clean,0,79,beignets,,,0.8391250744462013,0,empty,4,Beignets
B,Qwen/Qwen2-VL-2B-Instruct,nf4,fewshot,clean,0,80,beignets,,,0.8937724530696869,0,empty,4,Beignets
B,Qwen/Qwen2-VL-2B-Instruct,nf4,fewshot,clean,0,81,beignets,,,0.8547582551836967,0,empty,4,beignets
B,Qwen/Qwen2-VL-2B-Instruct,nf4,fewshot,clean,0,82,beignets,,,0.8423255532979965,0,empty,4,Beignets
B,Qwen/Qwen2-VL-2B-Instruct,nf4,fewshot,clean,0,83,beignets,beignets,0.9,0.987702250480652,1,exact,3,Answer: beignets | Confidence: 90
B,Qwen/Qwen2-VL-2B-Instruct,nf4,fewshot,clean,0,84,beignets,,,0.8268551304936409,0,empty,4,beignets
B,Qwen/Qwen2-VL-2B-Instruct,nf4,fewshot,clean,0,85,beignets,beignets,0.9,0.9333402713139852,1,exact,3,Answer: beignets | Confidence: 90
B,Qwen/Qwen2-VL-2B-Instruct,nf4,fewshot,clean,0,86,beignets,,,0.8545330092310905,0,empty,4,Beignets
B,Qwen/Qwen2-VL-2B-Instruct,nf4,fewshot,clean,0,87,beignets,,,0.849641740322113,0,empty,4,Beignets
B,Qwen/Qwen2-VL-2B-Instruct,nf4,fewshot,clean,0,88,beignets,bread pudding,0.9,0.9742635190486908,0,contains,2,Answer: bread pudding | Confidence: 90
B,Qwen/Qwen2-VL-2B-Instruct,nf4,fewshot,clean,0,89,beignets,bread pudding,0.9,0.7911113202571869,0,contains,2,Answer: bread pudding | Confidence: 90
B,Qwen/Qwen2-VL-2B-Instruct,nf4,fewshot,clean,0,90,beignets,beignets,0.9,0.9814056555430094,1,exact,3,Answer: beignets | Confidence: 90
B,Qwen/Qwen2-VL-2B-Instruct,nf4,fewshot,clean,0,91,beignets,,,0.8542047739028931,0,empty,4,Beignets
B,Qwen/Qwen2-VL-2B-Instruct,nf4,fewshot,clean,0,92,beignets,,,0.8592446446418762,0,empty,4,Beignets
B,Qwen/Qwen2-VL-2B-Instruct,nf4,fewshot,clean,0,93,beignets,,,0.8452533334493637,0,empty,4,Beignets
B,Qwen/Qwen2-VL-2B-Instruct,nf4,fewshot,clean,0,94,beignets,,,0.8623297289013863,0,empty,4,Beignets
B,Qwen/Qwen2-VL-2B-Instruct,nf4,fewshot,clean,0,95,beignets,,,0.844412088394165,0,empty,4,beignets
B,Qwen/Qwen2-VL-2B-Instruct,nf4,fewshot,clean,0,96,beignets,,,0.8578548952937126,0,empty,4,Beignets
B,Qwen/Qwen2-VL-2B-Instruct,nf4,fewshot,clean,0,97,beignets,,,0.7750563994050026,0,empty,4,beignets
B,Qwen/Qwen2-VL-2B-Instruct,nf4,fewshot,clean,0,98,beignets,,,0.8649358153343201,0,empty,4,beignets
B,Qwen/Qwen2-VL-2B-Instruct,nf4,fewshot,clean,0,99,beignets,,,0.8446720466017723,0,empty,4,Beignets
B,Qwen/Qwen2-VL-2B-Instruct,nf4,fewshot,glare,1,0,beignets,,,0.8158417195081711,0,empty,4,Beignets
B,Qwen/Qwen2-VL-2B-Instruct,nf4,fewshot,glare,1,1,beignets,beignets,0.9,0.893315851688385,1,exact,3,Answer: beignets | Confidence: 90
B,Qwen/Qwen2-VL-2B-Instruct,nf4,fewshot,glare,1,2,beignets,beignets,0.9,0.9805568854014078,1,exact,3,Answer: beignets | Confidence: 90
B,Qwen/Qwen2-VL-2B-Instruct,nf4,fewshot,glare,1,3,beignets,,,0.8428487032651901,0,empty,4,Beignets
B,Qwen/Qwen2-VL-2B-Instruct,nf4,fewshot,glare,1,4,beignets,beignets,0.9,0.9928155144055684,1,exact,3,Answer: beignets | Confidence: 90
B,Qwen/Qwen2-VL-2B-Instruct,nf4,fewshot,glare,1,5,beignets,beignets,0.8,0.9770573576291404,1,exact,3,Answer: beignets | Confidence: 80
B,Qwen/Qwen2-VL-2B-Instruct,nf4,fewshot,glare,1,6,beignets,,,0.8533398360013962,0,empty,4,Beignets
B,Qwen/Qwen2-VL-2B-Instruct,nf4,fewshot,glare,1,7,beignets,beignets,0.9,0.9781571626663208,1,exact,3,Answer: beignets | Confidence: 90
B,Qwen/Qwen2-VL-2B-Instruct,nf4,fewshot,glare,1,8,beignets,fried calamari,0.85,0.9180601835250854,0,contains,3,Answer: fried calamari | Confidence: 85
B,Qwen/Qwen2-VL-2B-Instruct,nf4,fewshot,glare,1,9,beignets,beignets,0.9,0.9820461869239808,1,exact,3,Answer: beignets | Confidence: 90
B,Qwen/Qwen2-VL-2B-Instruct,nf4,fewshot,glare,1,10,beignets,,,0.8505126461386681,0,empty,4,Beignets
B,Qwen/Qwen2-VL-2B-Instruct,nf4,fewshot,glare,1,11,beignets,,,0.855821818113327,0,empty,4,Beignets
B,Qwen/Qwen2-VL-2B-Instruct,nf4,fewshot,glare,1,12,beignets,chicken nuggets,0.9,0.7323685189088186,0,nomatch,3,Answer: chicken nuggets | Confidence: 90
B,Qwen/Qwen2-VL-2B-Instruct,nf4,fewshot,glare,1,13,beignets,beignets,0.9,0.9808207750320436,1,exact,3,Answer: beignets | Confidence: 90
B,Qwen/Qwen2-VL-2B-Instruct,nf4,fewshot,glare,1,14,beignets,,,0.8661293759942055,0,empty,4,Beignets
B,Qwen/Qwen2-VL-2B-Instruct,nf4,fewshot,glare,1,15,beignets,,,0.8339546769857407,0,empty,4,beignets
B,Qwen/Qwen2-VL-2B-Instruct,nf4,fewshot,glare,1,16,beignets,beignets,0.9,0.98996772368749,1,exact,3,Answer: beignets | Confidence: 90
B,Qwen/Qwen2-VL-2B-Instruct,nf4,fewshot,glare,1,17,beignets,beignets,0.9,0.9778364896774292,1,exact,3,Answer: beignets | Confidence: 90
B,Qwen/Qwen2-VL-2B-Instruct,nf4,fewshot,glare,1,18,beignets,beignets,0.9,0.9828795194625854,1,exact,3,Answer: beignets | Confidence: 90
B,Qwen/Qwen2-VL-2B-Instruct,nf4,fewshot,glare,1,19,beignets,,,0.8471907898783684,0,empty,4,beignets
B,Qwen/Qwen2-VL-2B-Instruct,nf4,fewshot,glare,1,20,beignets,,,0.8392343074083328,0,empty,4,Beignets
B,Qwen/Qwen2-VL-2B-Instruct,nf4,fewshot,glare,1,21,beignets,beignets,0.9,0.9099385341008503,1,exact,3,Answer: beignets | Confidence: 90
B,Qwen/Qwen2-VL-2B-Instruct,nf4,fewshot,glare,1,22,beignets,,,0.876797690987587,0,empty,4,Beignets
B,Qwen/Qwen2-VL-2B-Instruct,nf4,fewshot,glare,1,23,beignets,,,0.8354297205805779,0,empty,4,beignets
B,Qwen/Qwen2-VL-2B-Instruct,nf4,fewshot,glare,1,24,beignets,beignets,0.9,0.9614262580871582,1,exact,3,Answer: beignets | Confidence: 90
B,Qwen/Qwen2-VL-2B-Instruct,nf4,fewshot,glare,1,25,beignets,beignets,0.9,0.982077141602834,1,exact,3,Answer: beignets | Confidence: 90
B,Qwen/Qwen2-VL-2B-Instruct,nf4,fewshot,glare,1,26,beignets,,,0.8306771591305733,0,empty,4,Beignets
B,Qwen/Qwen2-VL-2B-Instruct,nf4,fewshot,glare,1,27,beignets,beignets,0.9,0.9817785422007242,1,exact,3,Answer: beignets | Confidence: 90
B,Qwen/Qwen2-VL-2B-Instruct,nf4,fewshot,glare,1,28,beignets,beignets,0.9,0.9241093397140504,1,exact,3,Answer: beignets | Confidence: 90
B,Qwen/Qwen2-VL-2B-Instruct,nf4,fewshot,glare,1,29,beignets,,,0.826864518225193,0,empty,4,beignets
B,Qwen/Qwen2-VL-2B-Instruct,nf4,fewshot,glare,1,30,beignets,,,0.8653139472007751,0,empty,4,Beignets
B,Qwen/Qwen2-VL-2B-Instruct,nf4,fewshot,glare,1,31,beignets,beignets,0.9,0.9728896816571554,1,exact,3,Answer: beignets | Confidence: 90
B,Qwen/Qwen2-VL-2B-Instruct,nf4,fewshot,glare,1,32,beignets,beignets,0.9,0.9732071757316588,1,exact,3,Answer: beignets | Confidence: 90
B,Qwen/Qwen2-VL-2B-Instruct,nf4,fewshot,glare,1,33,beignets,,,0.8371467515826225,0,empty,4,beignets
B,Qwen/Qwen2-VL-2B-Instruct,nf4,fewshot,glare,1,34,beignets,,,0.826803021132946,0,empty,4,beignets
B,Qwen/Qwen2-VL-2B-Instruct,nf4,fewshot,glare,1,35,beignets,,,0.8164295107126236,0,empty,4,beignets
B,Qwen/Qwen2-VL-2B-Instruct,nf4,fewshot,glare,1,36,beignets,fried calamari,0.9,0.8614403009414673,0,contains,3,Answer: fried calamari | Confidence: 90
B,Qwen/Qwen2-VL-2B-Instruct,nf4,fewshot,glare,1,37,beignets,beignets,0.9,0.9891061385472616,1,exact,3,Answer: beignets | Confidence: 90
B,Qwen/Qwen2-VL-2B-Instruct,nf4,fewshot,glare,1,38,beignets,,,0.8380642756819725,0,empty,4,Beignets
B,Qwen/Qwen2-VL-2B-Instruct,nf4,fewshot,glare,1,39,beignets,,,0.8985034823417664,0,empty,4,beignets
B,Qwen/Qwen2-VL-2B-Instruct,nf4,fewshot,glare,1,40,beignets,,,0.8502546921372414,0,empty,4,beignets
B,Qwen/Qwen2-VL-2B-Instruct,nf4,fewshot,glare,1,41,beignets,,,0.8362900912761688,0,empty,4,beignets
B,Qwen/Qwen2-VL-2B-Instruct,nf4,fewshot,glare,1,42,beignets,beignets,0.9,0.9775962233543396,1,exact,3,Answer: beignets | Confidence: 90
B,Qwen/Qwen2-VL-2B-Instruct,nf4,fewshot,glare,1,43,beignets,beignets,0.9,0.9857542514801024,1,exact,3,Answer: beignets | Confidence: 90
B,Qwen/Qwen2-VL-2B-Instruct,nf4,fewshot,glare,1,44,beignets,,,0.8415679112076759,0,empty,4,Beignets
B,Qwen/Qwen2-VL-2B-Instruct,nf4,fewshot,glare,1,45,beignets,,,0.7818906307220459,0,empty,3,French toast
B,Qwen/Qwen2-VL-2B-Instruct,nf4,fewshot,glare,1,46,beignets,,,0.8352911025285721,0,empty,4,Beignets
B,Qwen/Qwen2-VL-2B-Instruct,nf4,fewshot,glare,1,47,beignets,beignets,0.9,0.9144927263259888,1,exact,3,Answer: beignets | Confidence: 90
B,Qwen/Qwen2-VL-2B-Instruct,nf4,fewshot,glare,1,48,beignets,,,0.8492970913648605,0,empty,4,Beignets
B,Qwen/Qwen2-VL-2B-Instruct,nf4,fewshot,glare,1,49,beignets,,,0.8585628345608711,0,empty,4,Beignets
B,Qwen/Qwen2-VL-2B-Instruct,nf4,fewshot,glare,1,50,beignets,,,0.8368960693478584,0,empty,4,Beignets
B,Qwen/Qwen2-VL-2B-Instruct,nf4,fewshot,glare,1,51,beignets,beignets,0.9,0.9886193672815958,1,exact,3,Answer: beignets | Confidence: 90
B,Qwen/Qwen2-VL-2B-Instruct,nf4,fewshot,glare,1,52,beignets,beignets,0.9,0.959616223971049,1,exact,3,Answer: beignets | Confidence: 90
B,Qwen/Qwen2-VL-2B-Instruct,nf4,fewshot,glare,1,53,beignets,beignets,0.9,0.983972668647766,1,exact,3,Answer: beignets | Confidence: 90
B,Qwen/Qwen2-VL-2B-Instruct,nf4,fewshot,glare,1,54,beignets,beignets,0.9,0.9787185788154602,1,exact,3,Answer: beignets | Confidence: 90
B,Qwen/Qwen2-VL-2B-Instruct,nf4,fewshot,glare,1,55,beignets,beignets,0.9,0.9882925152778624,1,exact,3,Answer: beignets | Confidence: 90
B,Qwen/Qwen2-VL-2B-Instruct,nf4,fewshot,glare,1,56,beignets,,,0.8632559478282928,0,empty,4,Beignets
B,Qwen/Qwen2-VL-2B-Instruct,nf4,fewshot,glare,1,57,beignets,,,0.8308704644441605,0,empty,4,beignets
B,Qwen/Qwen2-VL-2B-Instruct,nf4,fewshot,glare,1,58,beignets,,,0.8147581741213799,0,empty,4,Beignets
B,Qwen/Qwen2-VL-2B-Instruct,nf4,fewshot,glare,1,59,beignets,beignets,0.9,0.9771415988604228,1,exact,3,Answer: beignets | Confidence: 90
B,Qwen/Qwen2-VL-2B-Instruct,nf4,fewshot,glare,1,60,beignets,pizza,0.85,0.265053927898407,0,nomatch,1,Example reply: | Answer: pizza | Confidence: 85 |  | Now do the same for this image.
B,Qwen/Qwen2-VL-2B-Instruct,nf4,fewshot,glare,1,61,beignets,beignets,0.9,0.986021359761556,1,exact,3,Answer: beignets | Confidence: 90
B,Qwen/Qwen2-VL-2B-Instruct,nf4,fewshot,glare,1,62,beignets,,,0.861616276204586,0,empty,4,Beignets
B,Qwen/Qwen2-VL-2B-Instruct,nf4,fewshot,glare,1,63,beignets,beignets,0.9,0.976652979850769,1,exact,3,Answer: beignets | Confidence: 90
B,Qwen/Qwen2-VL-2B-Instruct,nf4,fewshot,glare,1,64,beignets,,,0.8307035863399506,0,empty,4,beignets
B,Qwen/Qwen2-VL-2B-Instruct,nf4,fewshot,glare,1,65,beignets,,,0.8437322080135345,0,empty,4,Beignets
B,Qwen/Qwen2-VL-2B-Instruct,nf4,fewshot,glare,1,66,beignets,,,0.8652241304516792,0,empty,4,Beignets
B,Qwen/Qwen2-VL-2B-Instruct,nf4,fewshot,glare,1,67,beignets,beignets,0.9,0.9867602189381918,1,exact,3,Answer: beignets | Confidence: 90
B,Qwen/Qwen2-VL-2B-Instruct,nf4,fewshot,glare,1,68,beignets,beignets,0.9,0.9756637016932168,1,exact,3,Answer: beignets | Confidence: 90
B,Qwen/Qwen2-VL-2B-Instruct,nf4,fewshot,glare,1,69,beignets,,,0.855852946639061,0,empty,4,Beignets
B,Qwen/Qwen2-VL-2B-Instruct,nf4,fewshot,glare,1,70,beignets,beignets,0.9,0.9663693110148112,1,exact,3,Answer: beignets | Confidence: 90
B,Qwen/Qwen2-VL-2B-Instruct,nf4,fewshot,glare,1,71,beignets,beignets,0.9,0.9832790295283,1,exact,3,Answer: beignets | Confidence: 90
B,Qwen/Qwen2-VL-2B-Instruct,nf4,fewshot,glare,1,72,beignets,beignets,0.9,0.9640576044718424,1,exact,3,Answer: beignets | Confidence: 90
B,Qwen/Qwen2-VL-2B-Instruct,nf4,fewshot,glare,1,73,beignets,,,0.8539467826485634,0,empty,4,Beignets
B,Qwen/Qwen2-VL-2B-Instruct,nf4,fewshot,glare,1,74,beignets,beignets,0.9,0.9891929626464844,1,exact,3,Answer: beignets | Confidence: 90
B,Qwen/Qwen2-VL-2B-Instruct,nf4,fewshot,glare,1,75,beignets,beignets,0.9,0.9913463195165,1,exact,3,Answer: beignets | Confidence: 90
B,Qwen/Qwen2-VL-2B-Instruct,nf4,fewshot,glare,1,76,beignets,beignets,0.9,0.9875338077545166,1,exact,3,Answer: beignets | Confidence: 90
B,Qwen/Qwen2-VL-2B-Instruct,nf4,fewshot,glare,1,77,beignets,,,0.8429069668054581,0,empty,4,Beignets
B,Qwen/Qwen2-VL-2B-Instruct,nf4,fewshot,glare,1,78,beignets,beignets,0.9,0.9820058147112528,1,exact,3,Answer: beignets | Confidence: 90
B,Qwen/Qwen2-VL-2B-Instruct,nf4,fewshot,glare,1,79,beignets,beignets,0.9,0.9851571122805276,1,exact,3,Answer: beignets | Confidence: 90
B,Qwen/Qwen2-VL-2B-Instruct,nf4,fewshot,glare,1,80,beignets,,,0.9016375690698624,0,empty,4,Beignets
B,Qwen/Qwen2-VL-2B-Instruct,nf4,fewshot,glare,1,81,beignets,,,0.8555532842874527,0,empty,4,beignets
B,Qwen/Qwen2-VL-2B-Instruct,nf4,fewshot,glare,1,82,beignets,beignets,0.9,0.9591414133707682,1,exact,3,Answer: beignets | Confidence: 90
B,Qwen/Qwen2-VL-2B-Instruct,nf4,fewshot,glare,1,83,beignets,beignets,0.9,0.98562886317571,1,exact,3,Answer: beignets | Confidence: 90
B,Qwen/Qwen2-VL-2B-Instruct,nf4,fewshot,glare,1,84,beignets,,,0.8303523361682892,0,empty,4,beignets
B,Qwen/Qwen2-VL-2B-Instruct,nf4,fewshot,glare,1,85,beignets,beignets,0.9,0.942202627658844,1,exact,3,Answer: beignets | Confidence: 90
B,Qwen/Qwen2-VL-2B-Instruct,nf4,fewshot,glare,1,86,beignets,,,0.8435980305075645,0,empty,4,Beignets
B,Qwen/Qwen2-VL-2B-Instruct,nf4,fewshot,glare,1,87,beignets,,,0.8492907881736755,0,empty,4,Beignets
B,Qwen/Qwen2-VL-2B-Instruct,nf4,fewshot,glare,1,88,beignets,bread pudding,0.9,0.9236441254615784,0,contains,2,Answer: bread pudding | Confidence: 90
B,Qwen/Qwen2-VL-2B-Instruct,nf4,fewshot,glare,1,89,beignets,bread pudding,0.9,0.8200922906398773,0,contains,2,Answer: bread pudding | Confidence: 90
B,Qwen/Qwen2-VL-2B-Instruct,nf4,fewshot,glare,1,90,beignets,beignets,0.9,0.9788463711738586,1,exact,3,Answer: beignets | Confidence: 90
B,Qwen/Qwen2-VL-2B-Instruct,nf4,fewshot,glare,1,91,beignets,,,0.8305642381310463,0,empty,4,Beignets
B,Qwen/Qwen2-VL-2B-Instruct,nf4,fewshot,glare,1,92,beignets,,,0.8499515205621719,0,empty,4,Beignets
B,Qwen/Qwen2-VL-2B-Instruct,nf4,fewshot,glare,1,93,beignets,,,0.853418841958046,0,empty,4,Beignets
B,Qwen/Qwen2-VL-2B-Instruct,nf4,fewshot,glare,1,94,beignets,,,0.843394510447979,0,empty,4,Beignets
B,Qwen/Qwen2-VL-2B-Instruct,nf4,fewshot,glare,1,95,beignets,,,0.8530048429965973,0,empty,4,beignets
B,Qwen/Qwen2-VL-2B-Instruct,nf4,fewshot,glare,1,96,beignets,,,0.8471333906054497,0,empty,4,Beignets
B,Qwen/Qwen2-VL-2B-Instruct,nf4,fewshot,glare,1,97,beignets,,,0.7791146859526634,0,empty,4,beignets
B,Qwen/Qwen2-VL-2B-Instruct,nf4,fewshot,glare,1,98,beignets,,,0.8570958226919174,0,empty,4,beignets
B,Qwen/Qwen2-VL-2B-Instruct,nf4,fewshot,glare,1,99,beignets,,,0.8318478539586067,0,empty,4,Beignets
B,Qwen/Qwen2-VL-2B-Instruct,nf4,fewshot,glare,2,0,beignets,,,0.7922115102410316,0,empty,4,beignets
B,Qwen/Qwen2-VL-2B-Instruct,nf4,fewshot,glare,2,1,beignets,gyoza,0.85,0.8949896494547526,0,contains,3,Answer: gyoza | Confidence: 85
B,Qwen/Qwen2-VL-2B-Instruct,nf4,fewshot,glare,2,2,beignets,beignets,0.9,0.9817283550898234,1,exact,3,Answer: beignets | Confidence: 90
B,Qwen/Qwen2-VL-2B-Instruct,nf4,fewshot,glare,2,3,beignets,pizza,0.9,0.4879648685455322,0,nomatch,1,Answer: pizza | Confidence: 90
B,Qwen/Qwen2-VL-2B-Instruct,nf4,fewshot,glare,2,4,beignets,beignets,0.9,0.994198481241862,1,exact,3,Answer: beignets | Confidence: 90
B,Qwen/Qwen2-VL-2B-Instruct,nf4,fewshot,glare,2,5,beignets,,,0.8260630592703819,0,empty,4,Beignets
B,Qwen/Qwen2-VL-2B-Instruct,nf4,fewshot,glare,2,6,beignets,,,0.8576372787356377,0,empty,4,Beignets
B,Qwen/Qwen2-VL-2B-Instruct,nf4,fewshot,glare,2,7,beignets,beignets,0.9,0.9806605776151022,1,exact,3,Answer: beignets | Confidence: 90
B,Qwen/Qwen2-VL-2B-Instruct,nf4,fewshot,glare,2,8,beignets,fried calamari,0.85,0.9445305267969768,0,contains,3,Answer: fried calamari | Confidence: 85
B,Qwen/Qwen2-VL-2B-Instruct,nf4,fewshot,glare,2,9,beignets,beignets,0.9,0.9811584154764812,1,exact,3,Answer: beignets | Confidence: 90
B,Qwen/Qwen2-VL-2B-Instruct,nf4,fewshot,glare,2,10,beignets,,,0.843498170375824,0,empty,4,Beignets
B,Qwen/Qwen2-VL-2B-Instruct,nf4,fewshot,glare,2,11,beignets,,,0.8448379337787628,0,empty,4,Beignets
B,Qwen/Qwen2-VL-2B-Instruct,nf4,fewshot,glare,2,12,beignets,beignets,0.9,0.7807129224141439,1,exact,3,Answer: beignets | Confidence: 90
B,Qwen/Qwen2-VL-2B-Instruct,nf4,fewshot,glare,2,13,beignets,beignets,0.9,0.9746370514233909,1,exact,3,Answer: beignets | Confidence: 90
B,Qwen/Qwen2-VL-2B-Instruct,nf4,fewshot,glare,2,14,beignets,,,0.8669009134173393,0,empty,4,Beignets
B,Qwen/Qwen2-VL-2B-Instruct,nf4,fewshot,glare,2,15,beignets,,,0.8371368646621704,0,empty,4,beignets
B,Qwen/Qwen2-VL-2B-Instruct,nf4,fewshot,glare,2,16,beignets,beignets,0.9,0.987542430559794,1,exact,3,Answer: beignets | Confidence: 90
B,Qwen/Qwen2-VL-2B-Instruct,nf4,fewshot,glare,2,17,beignets,beignets,0.9,0.9298343658447266,1,exact,3,Answer: beignets | Confidence: 90
B,Qwen/Qwen2-VL-2B-Instruct,nf4,fewshot,glare,2,18,beignets,beignets,0.9,0.9871286153793336,1,exact,3,Answer: beignets | Confidence: 90
B,Qwen/Qwen2-VL-2B-Instruct,nf4,fewshot,glare,2,19,beignets,beignets,0.9,0.9810992280642192,1,exact,3,Answer: beignets | Confidence: 90
B,Qwen/Qwen2-VL-2B-Instruct,nf4,fewshot,glare,2,20,beignets,,,0.8376826345920563,0,empty,4,Beignets
B,Qwen/Qwen2-VL-2B-Instruct,nf4,fewshot,glare,2,21,beignets,beignets,0.9,0.8082143465677897,1,exact,3,Answer: beignets | Confidence: 90
B,Qwen/Qwen2-VL-2B-Instruct,nf4,fewshot,glare,2,22,beignets,pizza,0.85,0.4118069112300873,0,nomatch,1,Answer: pizza | Confidence: 85
B,Qwen/Qwen2-VL-2B-Instruct,nf4,fewshot,glare,2,23,beignets,beignets,0.9,0.9887540936470032,1,exact,3,Answer: beignets | Confidence: 90
B,Qwen/Qwen2-VL-2B-Instruct,nf4,fewshot,glare,2,24,beignets,beignets,0.9,0.983228345712026,1,exact,3,Answer: beignets | Confidence: 90
B,Qwen/Qwen2-VL-2B-Instruct,nf4,fewshot,glare,2,25,beignets,beignets,0.9,0.9825899402300516,1,exact,3,Answer: beignets | Confidence: 90
B,Qwen/Qwen2-VL-2B-Instruct,nf4,fewshot,glare,2,26,beignets,bread pudding,0.9,0.7820619642734528,0,contains,2,Answer: bread pudding | Confidence: 90
B,Qwen/Qwen2-VL-2B-Instruct,nf4,fewshot,glare,2,27,beignets,beignets,0.9,0.9822105566660564,1,exact,3,Answer: beignets | Confidence: 90
B,Qwen/Qwen2-VL-2B-Instruct,nf4,fewshot,glare,2,28,beignets,,,0.8478409945964813,0,empty,4,Beignets
B,Qwen/Qwen2-VL-2B-Instruct,nf4,fewshot,glare,2,29,beignets,beignets,0.9,0.9859990080197653,1,exact,3,Answer: beignets | Confidence: 90
B,Qwen/Qwen2-VL-2B-Instruct,nf4,fewshot,glare,2,30,beignets,,,0.8675638064742088,0,empty,4,Beignets
B,Qwen/Qwen2-VL-2B-Instruct,nf4,fewshot,glare,2,31,beignets,beignets,0.9,0.9612601598103842,1,exact,3,Answer: beignets | Confidence: 90
B,Qwen/Qwen2-VL-2B-Instruct,nf4,fewshot,glare,2,32,beignets,beignets,0.9,0.9584925969441732,1,exact,3,Answer: beignets | Confidence: 90
B,Qwen/Qwen2-VL-2B-Instruct,nf4,fewshot,glare,2,33,beignets,beignets,0.9,0.9931412935256958,1,exact,3,Answer: beignets | Confidence: 90
B,Qwen/Qwen2-VL-2B-Instruct,nf4,fewshot,glare,2,34,beignets,beignets,0.9,0.991088350613912,1,exact,3,Answer: beignets | Confidence: 90
B,Qwen/Qwen2-VL-2B-Instruct,nf4,fewshot,glare,2,35,beignets,shrimp and grits,0.85,0.952720671892166,0,contains,4,Answer: shrimp and grits | Confidence: 85
B,Qwen/Qwen2-VL-2B-Instruct,nf4,fewshot,glare,2,36,beignets,fried calamari,0.9,0.8618219494819641,0,contains,3,Answer: fried calamari | Confidence: 90
B,Qwen/Qwen2-VL-2B-Instruct,nf4,fewshot,glare,2,37,beignets,beignets,0.9,0.991189936796824,1,exact,3,Answer: beignets | Confidence: 90
B,Qwen/Qwen2-VL-2B-Instruct,nf4,fewshot,glare,2,38,beignets,beignets,0.85,0.9807723959287008,1,exact,3,Answer: beignets | Confidence: 85
B,Qwen/Qwen2-VL-2B-Instruct,nf4,fewshot,glare,2,39,beignets,,,0.8579815179109573,0,empty,4,beignets
B,Qwen/Qwen2-VL-2B-Instruct,nf4,fewshot,glare,2,40,beignets,,,0.8290862515568733,0,empty,4,beignets
B,Qwen/Qwen2-VL-2B-Instruct,nf4,fewshot,glare,2,41,beignets,,,0.8254816010594368,0,empty,4,Beignets
B,Qwen/Qwen2-VL-2B-Instruct,nf4,fewshot,glare,2,42,beignets,beignets,0.9,0.9804382721583048,1,exact,3,Answer: beignets | Confidence: 90
B,Qwen/Qwen2-VL-2B-Instruct,nf4,fewshot,glare,2,43,beignets,breakfast burrito,0.9,0.874330202738444,0,contains,3,Answer: breakfast burrito | Confidence: 90
B,Qwen/Qwen2-VL-2B-Instruct,nf4,fewshot,glare,2,44,beignets,,,0.851808175444603,0,empty,4,Beignets
B,Qwen/Qwen2-VL-2B-Instruct,nf4,fewshot,glare,2,45,beignets,french toast,0.9,0.7557078897953033,0,contains,2,Answer: french toast | Confidence: 90
B,Qwen/Qwen2-VL-2B-Instruct,nf4,fewshot,glare,2,46,beignets,,,0.8284942060709,0,empty,4,beignets
B,Qwen/Qwen2-VL-2B-Instruct,nf4,fewshot,glare,2,47,beignets,beignets,0.9,0.9520262678464254,1,exact,3,Answer: beignets | Confidence: 90
B,Qwen/Qwen2-VL-2B-Instruct,nf4,fewshot,glare,2,48,beignets,beignets,0.9,0.9870602687199912,1,exact,3,Answer: beignets | Confidence: 90
B,Qwen/Qwen2-VL-2B-Instruct,nf4,fewshot,glare,2,49,beignets,beignets,0.9,0.9892526666323344,1,exact,3,Answer: beignets | Confidence: 90
B,Qwen/Qwen2-VL-2B-Instruct,nf4,fewshot,glare,2,50,beignets,beignets,0.9,0.9917996525764464,1,exact,3,Answer: beignets | Confidence: 90
B,Qwen/Qwen2-VL-2B-Instruct,nf4,fewshot,glare,2,51,beignets,beignets,0.9,0.9901941617329916,1,exact,3,Answer: beignets | Confidence: 90
B,Qwen/Qwen2-VL-2B-Instruct,nf4,fewshot,glare,2,52,beignets,beignets,0.9,0.9825154344240824,1,exact,3,Answer: beignets | Confidence: 90
B,Qwen/Qwen2-VL-2B-Instruct,nf4,fewshot,glare,2,53,beignets,,,0.8416198715567589,0,empty,4,Beignets
B,Qwen/Qwen2-VL-2B-Instruct,nf4,fewshot,glare,2,54,beignets,beignets,0.9,0.9855608145395914,1,exact,3,Answer: beignets | Confidence: 90
B,Qwen/Qwen2-VL-2B-Instruct,nf4,fewshot,glare,2,55,beignets,beignets,0.9,0.9861646691958108,1,exact,3,Answer: beignets | Confidence: 90
B,Qwen/Qwen2-VL-2B-Instruct,nf4,fewshot,glare,2,56,beignets,pizza,0.9,0.9547957181930542,0,contains,1,Answer: pizza | Confidence: 90
B,Qwen/Qwen2-VL-2B-Instruct,nf4,fewshot,glare,2,57,beignets,fried calamari,0.9,0.7751126488049825,0,contains,3,Answer: fried calamari | Confidence: 90
B,Qwen/Qwen2-VL-2B-Instruct,nf4,fewshot,glare,2,58,beignets,beignets,0.9,0.8848527471224467,1,exact,3,Answer: beignets | Confidence: 90
B,Qwen/Qwen2-VL-2B-Instruct,nf4,fewshot,glare,2,59,beignets,beignets,0.9,0.8776223460833231,1,exact,3,Answer: beignets | Confidence: 90
B,Qwen/Qwen2-VL-2B-Instruct,nf4,fewshot,glare,2,60,beignets,donuts,0.85,0.5976878255605698,0,contains,2,Example reply: | Answer: donuts | Confidence: 85
B,Qwen/Qwen2-VL-2B-Instruct,nf4,fewshot,glare,2,61,beignets,beignets,0.9,0.990468720595042,1,exact,3,Answer: beignets | Confidence: 90
B,Qwen/Qwen2-VL-2B-Instruct,nf4,fewshot,glare,2,62,beignets,,,0.8642611876130104,0,empty,4,Beignets
B,Qwen/Qwen2-VL-2B-Instruct,nf4,fewshot,glare,2,63,beignets,beignets,0.9,0.9778291583061218,1,exact,3,Answer: beignets | Confidence: 90
B,Qwen/Qwen2-VL-2B-Instruct,nf4,fewshot,glare,2,64,beignets,beignets,0.9,0.9913573662439982,1,exact,3,Answer: beignets | Confidence: 90
B,Qwen/Qwen2-VL-2B-Instruct,nf4,fewshot,glare,2,65,beignets,,,0.8496745973825455,0,empty,4,Beignets
B,Qwen/Qwen2-VL-2B-Instruct,nf4,fewshot,glare,2,66,beignets,,,0.8615811392664909,0,empty,4,Beignets
B,Qwen/Qwen2-VL-2B-Instruct,nf4,fewshot,glare,2,67,beignets,beignets,0.9,0.8059181571006775,1,exact,3,Answer: beignets | Confidence: 90
B,Qwen/Qwen2-VL-2B-Instruct,nf4,fewshot,glare,2,68,beignets,,,0.8441313356161118,0,empty,4,Beignets
B,Qwen/Qwen2-VL-2B-Instruct,nf4,fewshot,glare,2,69,beignets,,,0.8479234725236893,0,empty,4,Beignets
B,Qwen/Qwen2-VL-2B-Instruct,nf4,fewshot,glare,2,70,beignets,beignets,0.9,0.971898913383484,1,exact,3,Answer: beignets | Confidence: 90
B,Qwen/Qwen2-VL-2B-Instruct,nf4,fewshot,glare,2,71,beignets,beignets,0.9,0.9852758447329204,1,exact,3,Answer: beignets | Confidence: 90
B,Qwen/Qwen2-VL-2B-Instruct,nf4,fewshot,glare,2,72,beignets,beignets,0.9,0.9613142609596252,1,exact,3,Answer: beignets | Confidence: 90
B,Qwen/Qwen2-VL-2B-Instruct,nf4,fewshot,glare,2,73,beignets,beignets,0.9,0.9844164649645488,1,exact,3,Answer: beignets | Confidence: 90
B,Qwen/Qwen2-VL-2B-Instruct,nf4,fewshot,glare,2,74,beignets,pizza,0.85,0.3973610401153564,0,nomatch,1,Answer: pizza | Confidence: 85
B,Qwen/Qwen2-VL-2B-Instruct,nf4,fewshot,glare,2,75,beignets,beignets,0.9,0.8596706589063009,1,exact,3,Answer: beignets | Confidence: 90
B,Qwen/Qwen2-VL-2B-Instruct,nf4,fewshot,glare,2,76,beignets,beignets,0.9,0.988057772318522,1,exact,3,Answer: beignets | Confidence: 90
B,Qwen/Qwen2-VL-2B-Instruct,nf4,fewshot,glare,2,77,beignets,pizza,0.9,0.4776744246482849,0,nomatch,1,Answer: pizza | Confidence: 90
B,Qwen/Qwen2-VL-2B-Instruct,nf4,fewshot,glare,2,78,beignets,beignets,0.9,0.9863073428471884,1,exact,3,Answer: beignets | Confidence: 90
B,Qwen/Qwen2-VL-2B-Instruct,nf4,fewshot,glare,2,79,beignets,lobster roll sandwich,0.9,0.8790231943130493,0,contains,3,Answer: lobster roll sandwich | Confidence: 90
B,Qwen/Qwen2-VL-2B-Instruct,nf4,fewshot,glare,2,80,beignets,,,0.9013595283031464,0,empty,4,Beignets
B,Qwen/Qwen2-VL-2B-Instruct,nf4,fewshot,glare,2,81,beignets,,,0.8308864533901215,0,empty,4,beignets
B,Qwen/Qwen2-VL-2B-Instruct,nf4,fewshot,glare,2,82,beignets,beignets,0.9,0.9509470264116924,1,exact,3,Answer: beignets | Confidence: 90
B,Qwen/Qwen2-VL-2B-Instruct,nf4,fewshot,glare,2,83,beignets,beignets,0.9,0.9864259362220764,1,exact,3,Answer: beignets | Confidence: 90
B,Qwen/Qwen2-VL-2B-Instruct,nf4,fewshot,glare,2,84,beignets,,,0.8394526988267899,0,empty,4,Beignets
B,Qwen/Qwen2-VL-2B-Instruct,nf4,fewshot,glare,2,85,beignets,beignets,0.9,0.9575388034184774,1,exact,3,Answer: beignets | Confidence: 90
B,Qwen/Qwen2-VL-2B-Instruct,nf4,fewshot,glare,2,86,beignets,,,0.8486104309558868,0,empty,4,Beignets
B,Qwen/Qwen2-VL-2B-Instruct,nf4,fewshot,glare,2,87,beignets,,,0.8417693004012108,0,empty,4,Beignets
B,Qwen/Qwen2-VL-2B-Instruct,nf4,fewshot,glare,2,88,beignets,bread pudding,0.9,0.7357310354709625,0,contains,2,Answer: bread pudding | Confidence: 90
B,Qwen/Qwen2-VL-2B-Instruct,nf4,fewshot,glare,2,89,beignets,bread pudding,0.9,0.9139518737792968,0,contains,2,Answer: bread pudding | Confidence: 90
B,Qwen/Qwen2-VL-2B-Instruct,nf4,fewshot,glare,2,90,beignets,beignets,0.9,0.9815689921379088,1,exact,3,Answer: beignets | Confidence: 90
B,Qwen/Qwen2-VL-2B-Instruct,nf4,fewshot,glare,2,91,beignets,,,0.8159594461321831,0,empty,4,Beignets
B,Qwen/Qwen2-VL-2B-Instruct,nf4,fewshot,glare,2,92,beignets,,,0.8491965085268021,0,empty,4,Beignets
B,Qwen/Qwen2-VL-2B-Instruct,nf4,fewshot,glare,2,93,beignets,,,0.8671800196170807,0,empty,4,Beignets
B,Qwen/Qwen2-VL-2B-Instruct,nf4,fewshot,glare,2,94,beignets,,,0.8369631469249725,0,empty,4,Beignets
B,Qwen/Qwen2-VL-2B-Instruct,nf4,fewshot,glare,2,95,beignets,,,0.8346939980983734,0,empty,4,Beignets
B,Qwen/Qwen2-VL-2B-Instruct,nf4,fewshot,glare,2,96,beignets,,,0.8629342913627625,0,empty,4,Beignets
B,Qwen/Qwen2-VL-2B-Instruct,nf4,fewshot,glare,2,97,beignets,,,0.5638693943619728,0,empty,2,cake
B,Qwen/Qwen2-VL-2B-Instruct,nf4,fewshot,glare,2,98,beignets,,,0.845331035554409,0,empty,4,Beignets
B,Qwen/Qwen2-VL-2B-Instruct,nf4,fewshot,glare,2,99,beignets,beignets,0.9,0.9708342949549356,1,exact,3,Answer: beignets | Confidence: 90
B,Qwen/Qwen2-VL-2B-Instruct,nf4,fewshot,glare,3,0,beignets,beignets,0.9,0.8118341763814291,1,exact,3,Answer: beignets | Confidence: 90
B,Qwen/Qwen2-VL-2B-Instruct,nf4,fewshot,glare,3,1,beignets,gyoza,0.85,0.8499096035957336,0,contains,3,Answer: gyoza | Confidence: 85
B,Qwen/Qwen2-VL-2B-Instruct,nf4,fewshot,glare,3,2,beignets,pizza,0.85,0.4813235998153686,0,nomatch,1,Answer: pizza | Confidence: 85
B,Qwen/Qwen2-VL-2B-Instruct,nf4,fewshot,glare,3,3,beignets,pizza,0.9,0.518463134765625,0,nomatch,1,Answer: pizza | Confidence: 90
B,Qwen/Qwen2-VL-2B-Instruct,nf4,fewshot,glare,3,4,beignets,beignets,0.9,0.9948288202285768,1,exact,3,Answer: beignets | Confidence: 90
B,Qwen/Qwen2-VL-2B-Instruct,nf4,fewshot,glare,3,5,beignets,,,0.8366880267858505,0,empty,4,Beignets
B,Qwen/Qwen2-VL-2B-Instruct,nf4,fewshot,glare,3,6,beignets,,,0.8133850172162056,0,empty,4,Beignets
B,Qwen/Qwen2-VL-2B-Instruct,nf4,fewshot,glare,3,7,beignets,beignets,0.9,0.9790451725323996,1,exact,3,Answer: beignets | Confidence: 90
B,Qwen/Qwen2-VL-2B-Instruct,nf4,fewshot,glare,3,8,beignets,fried calamari,0.9,0.9472388426462808,0,contains,3,Answer: fried calamari | Confidence: 90
B,Qwen/Qwen2-VL-2B-Instruct,nf4,fewshot,glare,3,9,beignets,beignets,0.9,0.9821455081303916,1,exact,3,Answer: beignets | Confidence: 90
B,Qwen/Qwen2-VL-2B-Instruct,nf4,fewshot,glare,3,10,beignets,beignets,0.9,0.9880430301030476,1,exact,3,Answer: beignets | Confidence: 90
B,Qwen/Qwen2-VL-2B-Instruct,nf4,fewshot,glare,3,11,beignets,,,0.863570012152195,0,empty,4,Beignets
B,Qwen/Qwen2-VL-2B-Instruct,nf4,fewshot,glare,3,12,beignets,creme brulee,0.9,0.8734064996242523,0,contains,5,Answer: creme brulee | Confidence: 90
B,Qwen/Qwen2-VL-2B-Instruct,nf4,fewshot,glare,3,13,beignets,beignets,0.9,0.7353134900331497,1,exact,3,Answer: beignets | Confidence: 90
B,Qwen/Qwen2-VL-2B-Instruct,nf4,fewshot,glare,3,14,beignets,,,0.8759506642818451,0,empty,4,Beignets
B,Qwen/Qwen2-VL-2B-Instruct,nf4,fewshot,glare,3,15,beignets,scallops,0.9,0.8033317029476166,0,contains,2,Answer: scallops | Confidence: 90
B,Qwen/Qwen2-VL-2B-Instruct,nf4,fewshot,glare,3,16,beignets,beignets,0.9,0.914835532506307,1,exact,3,Answer: beignets | Confidence: 90
B,Qwen/Qwen2-VL-2B-Instruct,nf4,fewshot,glare,3,17,beignets,donuts,0.9,0.931019961833954,0,contains,2,Answer: donuts | Confidence: 90
B,Qwen/Qwen2-VL-2B-Instruct,nf4,fewshot,glare,3,18,beignets,miso soup,0.9,0.7680255770683289,0,contains,3,Answer: miso soup | Confidence: 90
B,Qwen/Qwen2-VL-2B-Instruct,nf4,fewshot,glare,3,19,beignets,beignets,0.9,0.9794624050458272,1,exact,3,Answer: beignets | Confidence: 90
B,Qwen/Qwen2-VL-2B-Instruct,nf4,fewshot,glare,3,20,beignets,,,0.8513607159256935,0,empty,4,Beignets
B,Qwen/Qwen2-VL-2B-Instruct,nf4,fewshot,glare,3,21,beignets,pizza,0.85,0.2402393072843551,0,nomatch,1,Answer: pizza | Confidence: 85
B,Qwen/Qwen2-VL-2B-Instruct,nf4,fewshot,glare,3,22,beignets,pizza,0.85,0.6236702799797058,0,nomatch,1,Answer: pizza | Confidence: 85
B,Qwen/Qwen2-VL-2B-Instruct,nf4,fewshot,glare,3,23,beignets,,,0.8152506798505783,0,empty,4,Beignets
B,Qwen/Qwen2-VL-2B-Instruct,nf4,fewshot,glare,3,24,beignets,beignets,0.9,0.9824499090512594,1,exact,3,Answer: beignets | Confidence: 90
B,Qwen/Qwen2-VL-2B-Instruct,nf4,fewshot,glare,3,25,beignets,,,0.8570159301161766,0,empty,4,Beignets
B,Qwen/Qwen2-VL-2B-Instruct,nf4,fewshot,glare,3,26,beignets,pizza,0.85,0.4684103429317474,0,nomatch,1,Answer: pizza | Confidence: 85
B,Qwen/Qwen2-VL-2B-Instruct,nf4,fewshot,glare,3,27,beignets,beignets,0.9,0.981578250726064,1,exact,3,Answer: beignets | Confidence: 90
B,Qwen/Qwen2-VL-2B-Instruct,nf4,fewshot,glare,3,28,beignets,beignets,0.9,0.9562328457832336,1,exact,3,Answer: beignets | Confidence: 90
B,Qwen/Qwen2-VL-2B-Instruct,nf4,fewshot,glare,3,29,beignets,,,0.8587574884295464,0,empty,4,Beignets
B,Qwen/Qwen2-VL-2B-Instruct,nf4,fewshot,glare,3,30,beignets,,,0.8644352927803993,0,empty,4,Beignets
B,Qwen/Qwen2-VL-2B-Instruct,nf4,fewshot,glare,3,31,beignets,creme brulee,0.9,0.982903516292572,0,contains,5,Answer: creme brulee | Confidence: 90
B,Qwen/Qwen2-VL-2B-Instruct,nf4,fewshot,glare,3,32,beignets,beignets,0.9,0.9444894194602966,1,exact,3,Answer: beignets | Confidence: 90
B,Qwen/Qwen2-VL-2B-Instruct,nf4,fewshot,glare,3,33,beignets,beignets,0.9,0.992701550324758,1,exact,3,Answer: beignets | Confidence: 90
B,Qwen/Qwen2-VL-2B-Instruct,nf4,fewshot,glare,3,34,beignets,beignets,0.9,0.9583717783292136,1,exact,3,Answer: beignets | Confidence: 90
B,Qwen/Qwen2-VL-2B-Instruct,nf4,fewshot,glare,3,35,beignets,pizza,0.85,0.3017577826976776,0,nomatch,1,Answer: pizza | Confidence: 85
B,Qwen/Qwen2-VL-2B-Instruct,nf4,fewshot,glare,3,36,beignets,fried calamari,0.9,0.9308755397796632,0,contains,3,Answer: fried calamari | Confidence: 90
B,Qwen/Qwen2-VL-2B-Instruct,nf4,fewshot,glare,3,37,beignets,beignets,0.9,0.9898508787155152,1,exact,3,Answer: beignets | Confidence: 90
B,Qwen/Qwen2-VL-2B-Instruct,nf4,fewshot,glare,3,38,beignets,beignets,0.85,0.9824748237927756,1,exact,3,Answer: beignets | Confidence: 85
B,Qwen/Qwen2-VL-2B-Instruct,nf4,fewshot,glare,3,39,beignets,,,0.8465581014752388,0,empty,4,beignets
B,Qwen/Qwen2-VL-2B-Instruct,nf4,fewshot,glare,3,40,beignets,fried calamari,0.9,0.8433151841163635,0,contains,3,Answer: fried calamari | Confidence: 90
B,Qwen/Qwen2-VL-2B-Instruct,nf4,fewshot,glare,3,41,beignets,,,0.828772284090519,0,empty,4,Beignets
B,Qwen/Qwen2-VL-2B-Instruct,nf4,fewshot,glare,3,42,beignets,beignets,0.9,0.9794623653093972,1,exact,3,Answer: beignets | Confidence: 90
B,Qwen/Qwen2-VL-2B-Instruct,nf4,fewshot,glare,3,43,beignets,breakfast burrito,0.9,0.7931717137495676,0,contains,3,Answer: breakfast burrito | Confidence: 90
B,Qwen/Qwen2-VL-2B-Instruct,nf4,fewshot,glare,3,44,beignets,,,0.8192140087485313,0,empty,4,beignets
B,Qwen/Qwen2-VL-2B-Instruct,nf4,fewshot,glare,3,45,beignets,french toast,0.9,0.9008838534355164,0,contains,2,Answer: french toast | Confidence: 90
B,Qwen/Qwen2-VL-2B-Instruct,nf4,fewshot,glare,3,46,beignets,,,0.8314674496650696,0,empty,4,beignets
B,Qwen/Qwen2-VL-2B-Instruct,nf4,fewshot,glare,3,47,beignets,scallops,0.9,0.6446450054645538,0,contains,2,Answer: scallops | Confidence: 90
B,Qwen/Qwen2-VL-2B-Instruct,nf4,fewshot,glare,3,48,beignets,beignets,0.9,0.9211053848266602,1,exact,3,Answer: beignets | Confidence: 90
B,Qwen/Qwen2-VL-2B-Instruct,nf4,fewshot,glare,3,49,beignets,poutine,0.9,0.7436793297529221,0,contains,2,Answer: poutine | Confidence: 90
B,Qwen/Qwen2-VL-2B-Instruct,nf4,fewshot,glare,3,50,beignets,beignets,0.9,0.9927407304445902,1,exact,3,Answer: beignets | Confidence: 90
B,Qwen/Qwen2-VL-2B-Instruct,nf4,fewshot,glare,3,51,beignets,pizza,0.85,0.5006113648414612,0,nomatch,1,Answer: pizza | Confidence: 85
B,Qwen/Qwen2-VL-2B-Instruct,nf4,fewshot,glare,3,52,beignets,beignets,0.9,0.9804478287696838,1,exact,3,Answer: beignets | Confidence: 90
B,Qwen/Qwen2-VL-2B-Instruct,nf4,fewshot,glare,3,53,beignets,creme brulee,0.9,0.8938977062702179,0,contains,5,Answer: creme brulee | Confidence: 90
B,Qwen/Qwen2-VL-2B-Instruct,nf4,fewshot,glare,3,54,beignets,beignets,0.9,0.9871880412101746,1,exact,3,Answer: beignets | Confidence: 90
B,Qwen/Qwen2-VL-2B-Instruct,nf4,fewshot,glare,3,55,beignets,beignets,0.9,0.9336291154225668,1,exact,3,Answer: beignets | Confidence: 90
B,Qwen/Qwen2-VL-2B-Instruct,nf4,fewshot,glare,3,56,beignets,pizza,0.9,0.9296866059303284,0,contains,1,Answer: pizza | Confidence: 90
B,Qwen/Qwen2-VL-2B-Instruct,nf4,fewshot,glare,3,57,beignets,beignets,0.85,0.8205021520455679,1,exact,3,Answer: beignets | Confidence: 85
B,Qwen/Qwen2-VL-2B-Instruct,nf4,fewshot,glare,3,58,beignets,pizza,0.85,0.3960351347923279,0,nomatch,1,Answer: pizza | Confidence: 85
B,Qwen/Qwen2-VL-2B-Instruct,nf4,fewshot,glare,3,59,beignets,pizza,0.9,0.2412677705287933,0,nomatch,1,Answer: pizza | Confidence: 90
B,Qwen/Qwen2-VL-2B-Instruct,nf4,fewshot,glare,3,60,beignets,beignets,0.85,0.7861727575461069,1,exact,3,Answer: beignets | Confidence: 85
B,Qwen/Qwen2-VL-2B-Instruct,nf4,fewshot,glare,3,61,beignets,beignets,0.9,0.989353875319163,1,exact,3,Answer: beignets | Confidence: 90
B,Qwen/Qwen2-VL-2B-Instruct,nf4,fewshot,glare,3,62,beignets,,,0.8614425957202911,0,empty,4,Beignets
B,Qwen/Qwen2-VL-2B-Instruct,nf4,fewshot,glare,3,63,beignets,,,0.8443309739232063,0,empty,4,Beignets
B,Qwen/Qwen2-VL-2B-Instruct,nf4,fewshot,glare,3,64,beignets,beignets,0.9,0.9462651014328004,1,exact,3,Answer: beignets | Confidence: 90
B,Qwen/Qwen2-VL-2B-Instruct,nf4,fewshot,glare,3,65,beignets,,,0.8413324132561684,0,empty,4,Beignets
B,Qwen/Qwen2-VL-2B-Instruct,nf4,fewshot,glare,3,66,beignets,,,0.8587356880307198,0,empty,4,Beignets
B,Qwen/Qwen2-VL-2B-Instruct,nf4,fewshot,glare,3,67,beignets,pizza,0.85,0.716729998588562,0,nomatch,1,Answer: pizza | Confidence: 85
B,Qwen/Qwen2-VL-2B-Instruct,nf4,fewshot,glare,3,68,beignets,,,0.8130042552947998,0,empty,4,Beignets
B,Qwen/Qwen2-VL-2B-Instruct,nf4,fewshot,glare,3,69,beignets,,,0.8438506573438644,0,empty,4,Beignets
B,Qwen/Qwen2-VL-2B-Instruct,nf4,fewshot,glare,3,70,beignets,beignets,0.9,0.9756554961204528,1,exact,3,Answer: beignets | Confidence: 90
B,Qwen/Qwen2-VL-2B-Instruct,nf4,fewshot,glare,3,71,beignets,beignets,0.9,0.9904029965400696,1,exact,3,Answer: beignets | Confidence: 90
B,Qwen/Qwen2-VL-2B-Instruct,nf4,fewshot,glare,3,72,beignets,beignets,0.9,0.9593418637911478,1,exact,3,Answer: beignets | Confidence: 90
B,Qwen/Qwen2-VL-2B-Instruct,nf4,fewshot,glare,3,73,beignets,beignets,0.9,0.9858888586362204,1,exact,3,Answer: beignets | Confidence: 90
B,Qwen/Qwen2-VL-2B-Instruct,nf4,fewshot,glare,3,74,beignets,pizza,0.85,0.5359920263290405,0,nomatch,1,Answer: pizza | Confidence: 85
B,Qwen/Qwen2-VL-2B-Instruct,nf4,fewshot,glare,3,75,beignets,hot dog,0.9,0.7059394419193268,0,contains,2,Answer: hot dog | Confidence: 90
B,Qwen/Qwen2-VL-2B-Instruct,nf4,fewshot,glare,3,76,beignets,beignets,0.9,0.8597702582677206,1,exact,3,Answer: beignets | Confidence: 90
B,Qwen/Qwen2-VL-2B-Instruct,nf4,fewshot,glare,3,77,beignets,pizza,0.9,0.6049779653549194,0,nomatch,1,Answer: pizza | Confidence: 90
B,Qwen/Qwen2-VL-2B-Instruct,nf4,fewshot,glare,3,78,beignets,pizza,0.85,0.4503928422927856,0,nomatch,1,Answer: pizza | Confidence: 85
B,Qwen/Qwen2-VL-2B-Instruct,nf4,fewshot,glare,3,79,beignets,pizza,0.85,0.6479208469390869,0,nomatch,1,Answer: pizza | Confidence: 85
B,Qwen/Qwen2-VL-2B-Instruct,nf4,fewshot,glare,3,80,beignets,,,0.8912936896085739,0,empty,4,Beignets
B,Qwen/Qwen2-VL-2B-Instruct,nf4,fewshot,glare,3,81,beignets,beignets,0.9,0.924399475256602,1,exact,3,Answer: beignets | Confidence: 90
B,Qwen/Qwen2-VL-2B-Instruct,nf4,fewshot,glare,3,82,beignets,beignets,0.9,0.9553525845209756,1,exact,3,Answer: beignets | Confidence: 90
B,Qwen/Qwen2-VL-2B-Instruct,nf4,fewshot,glare,3,83,beignets,beignets,0.9,0.9889121651649476,1,exact,3,Answer: beignets | Confidence: 90
B,Qwen/Qwen2-VL-2B-Instruct,nf4,fewshot,glare,3,84,beignets,beignets,0.9,0.9808841149012248,1,exact,3,Answer: beignets | Confidence: 90
B,Qwen/Qwen2-VL-2B-Instruct,nf4,fewshot,glare,3,85,beignets,pizza,0.9,0.8171828389167786,0,contains,1,Answer: pizza | Confidence: 90
B,Qwen/Qwen2-VL-2B-Instruct,nf4,fewshot,glare,3,86,beignets,beignets,0.9,0.973669687906901,1,exact,3,Answer: beignets | Confidence: 90
B,Qwen/Qwen2-VL-2B-Instruct,nf4,fewshot,glare,3,87,beignets,,,0.8379731848835945,0,empty,4,Beignets
B,Qwen/Qwen2-VL-2B-Instruct,nf4,fewshot,glare,3,88,beignets,beignets,0.9,0.7826873958110809,1,exact,3,Answer: beignets | Confidence: 90
B,Qwen/Qwen2-VL-2B-Instruct,nf4,fewshot,glare,3,89,beignets,bread pudding,0.9,0.9556447267532348,0,contains,2,Answer: bread pudding | Confidence: 90
B,Qwen/Qwen2-VL-2B-Instruct,nf4,fewshot,glare,3,90,beignets,beignets,0.9,0.982239564259847,1,exact,3,Answer: beignets | Confidence: 90
B,Qwen/Qwen2-VL-2B-Instruct,nf4,fewshot,glare,3,91,beignets,,,0.811816394329071,0,empty,4,Beignets
B,Qwen/Qwen2-VL-2B-Instruct,nf4,fewshot,glare,3,92,beignets,lobster roll sandwich,0.9,0.9499281843503316,0,contains,3,Answer: lobster roll sandwich | Confidence: 90
B,Qwen/Qwen2-VL-2B-Instruct,nf4,fewshot,glare,3,93,beignets,,,0.8655054643750191,0,empty,4,Beignets
B,Qwen/Qwen2-VL-2B-Instruct,nf4,fewshot,glare,3,94,beignets,,,0.8671479374170303,0,empty,4,Beignets
B,Qwen/Qwen2-VL-2B-Instruct,nf4,fewshot,glare,3,95,beignets,,,0.822207935154438,0,empty,4,Beignets
B,Qwen/Qwen2-VL-2B-Instruct,nf4,fewshot,glare,3,96,beignets,,,0.8483304381370544,0,empty,4,Beignets
B,Qwen/Qwen2-VL-2B-Instruct,nf4,fewshot,glare,3,97,beignets,cake,0.9,0.4119265079498291,0,nomatch,1,Answer: cake | Confidence: 90
B,Qwen/Qwen2-VL-2B-Instruct,nf4,fewshot,glare,3,98,beignets,beignets,0.9,0.9670295715332032,1,exact,3,Answer: beignets | Confidence: 90
B,Qwen/Qwen2-VL-2B-Instruct,nf4,fewshot,glare,3,99,beignets,garlic bread,0.9,0.6237346231937408,0,contains,2,Answer: garlic bread | Confidence: 90
B,Qwen/Qwen2-VL-2B-Instruct,nf4,fewshot,jpeg,1,0,beignets,beignets,0.9,0.9857717752456664,1,exact,3,Answer: beignets | Confidence: 90
B,Qwen/Qwen2-VL-2B-Instruct,nf4,fewshot,jpeg,1,1,beignets,beignets,0.9,0.9081713954607644,1,exact,3,Answer: beignets | Confidence: 90
B,Qwen/Qwen2-VL-2B-Instruct,nf4,fewshot,jpeg,1,2,beignets,beignets,0.9,0.965590755144755,1,exact,3,Answer: beignets | Confidence: 90
B,Qwen/Qwen2-VL-2B-Instruct,nf4,fewshot,jpeg,1,3,beignets,,,0.8527795895934105,0,empty,4,Beignets
B,Qwen/Qwen2-VL-2B-Instruct,nf4,fewshot,jpeg,1,4,beignets,beignets,0.9,0.988987147808075,1,exact,3,Answer: beignets | Confidence: 90
B,Qwen/Qwen2-VL-2B-Instruct,nf4,fewshot,jpeg,1,5,beignets,beignets,,0.9857017397880554,1,exact,3,Answer: beignets
B,Qwen/Qwen2-VL-2B-Instruct,nf4,fewshot,jpeg,1,6,beignets,,,0.8432263880968094,0,empty,4,Beignets
B,Qwen/Qwen2-VL-2B-Instruct,nf4,fewshot,jpeg,1,7,beignets,beignets,,0.9799458583196003,1,exact,3,Answer: beignets
B,Qwen/Qwen2-VL-2B-Instruct,nf4,fewshot,jpeg,1,8,beignets,fried calamari,0.85,0.9592261711756388,0,contains,3,Answer: fried calamari | Confidence: 85
B,Qwen/Qwen2-VL-2B-Instruct,nf4,fewshot,jpeg,1,9,beignets,beignets,0.9,0.9735426505406698,1,exact,3,Answer: beignets | Confidence: 90
B,Qwen/Qwen2-VL-2B-Instruct,nf4,fewshot,jpeg,1,10,beignets,beignets,0.9,0.9713211059570312,1,exact,3,Answer: beignets | Confidence: 90
B,Qwen/Qwen2-VL-2B-Instruct,nf4,fewshot,jpeg,1,11,beignets,,,0.8593431785702705,0,empty,4,Beignets
B,Qwen/Qwen2-VL-2B-Instruct,nf4,fewshot,jpeg,1,12,beignets,beignets,0.9,0.9463405013084412,1,exact,3,Answer: beignets | Confidence: 90
B,Qwen/Qwen2-VL-2B-Instruct,nf4,fewshot,jpeg,1,13,beignets,beignets,,0.9817501703898112,1,exact,3,Answer: beignets
B,Qwen/Qwen2-VL-2B-Instruct,nf4,fewshot,jpeg,1,14,beignets,beignets,0.9,0.9745303789774576,1,exact,3,Answer: beignets | Confidence: 90
B,Qwen/Qwen2-VL-2B-Instruct,nf4,fewshot,jpeg,1,15,beignets,beignets,0.9,0.984860340754191,1,exact,3,Answer: beignets | Confidence: 90
B,Qwen/Qwen2-VL-2B-Instruct,nf4,fewshot,jpeg,1,16,beignets,beignets,0.9,0.9805342157681785,1,exact,3,Answer: beignets | Confidence: 90
B,Qwen/Qwen2-VL-2B-Instruct,nf4,fewshot,jpeg,1,17,beignets,beignets,,0.9884946942329408,1,exact,3,Answer: beignets
B,Qwen/Qwen2-VL-2B-Instruct,nf4,fewshot,jpeg,1,18,beignets,beignets,0.9,0.9730080366134644,1,exact,3,Answer: beignets | Confidence: 90
B,Qwen/Qwen2-VL-2B-Instruct,nf4,fewshot,jpeg,1,19,beignets,beignets,0.9,0.9717955787976584,1,exact,3,Answer: beignets | Confidence: 90
B,Qwen/Qwen2-VL-2B-Instruct,nf4,fewshot,jpeg,1,20,beignets,beignets,,0.9887430667877196,1,exact,3,Answer: beignets
B,Qwen/Qwen2-VL-2B-Instruct,nf4,fewshot,jpeg,1,21,beignets,beignets,0.9,0.9005234241485596,1,exact,3,Answer: beignets | Confidence: 90
B,Qwen/Qwen2-VL-2B-Instruct,nf4,fewshot,jpeg,1,22,beignets,,,0.8580895066261292,0,empty,4,Beignets
B,Qwen/Qwen2-VL-2B-Instruct,nf4,fewshot,jpeg,1,23,beignets,beignets,0.9,0.9826647639274596,1,exact,3,Answer: beignets | Confidence: 90
B,Qwen/Qwen2-VL-2B-Instruct,nf4,fewshot,jpeg,1,24,beignets,beignets,,0.9711537957191468,1,exact,3,Answer: beignets
B,Qwen/Qwen2-VL-2B-Instruct,nf4,fewshot,jpeg,1,25,beignets,beignets,,0.9814114371935526,1,exact,3,Answer: beignets
B,Qwen/Qwen2-VL-2B-Instruct,nf4,fewshot,jpeg,1,26,beignets,beignets,,0.9777619043986002,1,exact,3,Answer: beignets
B,Qwen/Qwen2-VL-2B-Instruct,nf4,fewshot,jpeg,1,27,beignets,beignets,,0.9852595726648966,1,exact,3,Answer: beignets
B,Qwen/Qwen2-VL-2B-Instruct,nf4,fewshot,jpeg,1,28,beignets,beignets,0.9,0.9586379726727804,1,exact,3,Answer: beignets | Confidence: 90
B,Qwen/Qwen2-VL-2B-Instruct,nf4,fewshot,jpeg,1,29,beignets,beignets,,0.9823462963104248,1,exact,3,Answer: beignets
B,Qwen/Qwen2-VL-2B-Instruct,nf4,fewshot,jpeg,1,30,beignets,,,0.8610368371009827,0,empty,4,Beignets
B,Qwen/Qwen2-VL-2B-Instruct,nf4,fewshot,jpeg,1,31,beignets,beignets,0.9,0.9720980922381084,1,exact,3,Answer: beignets | Confidence: 90
B,Qwen/Qwen2-VL-2B-Instruct,nf4,fewshot,jpeg,1,32,beignets,beignets,0.9,0.9699771801630656,1,exact,3,Answer: beignets | Confidence: 90
B,Qwen/Qwen2-VL-2B-Instruct,nf4,fewshot,jpeg,1,33,beignets,beignets,0.9,0.9922724962234496,1,exact,3,Answer: beignets | Confidence: 90
B,Qwen/Qwen2-VL-2B-Instruct,nf4,fewshot,jpeg,1,34,beignets,beignets,0.9,0.9835722843805949,1,exact,3,Answer: beignets | Confidence: 90
B,Qwen/Qwen2-VL-2B-Instruct,nf4,fewshot,jpeg,1,35,beignets,,,0.8382732570171356,0,empty,4,beignets
B,Qwen/Qwen2-VL-2B-Instruct,nf4,fewshot,jpeg,1,36,beignets,beignets,,0.984537700812022,1,exact,3,Answer: beignets
B,Qwen/Qwen2-VL-2B-Instruct,nf4,fewshot,jpeg,1,37,beignets,beignets,0.9,0.990167796611786,1,exact,3,Answer: beignets | Confidence: 90
B,Qwen/Qwen2-VL-2B-Instruct,nf4,fewshot,jpeg,1,38,beignets,beignets,0.85,0.9772892196973164,1,exact,3,Answer: beignets | Confidence: 85
B,Qwen/Qwen2-VL-2B-Instruct,nf4,fewshot,jpeg,1,39,beignets,beignets,0.9,0.984709640343984,1,exact,3,Answer: beignets | Confidence: 90
B,Qwen/Qwen2-VL-2B-Instruct,nf4,fewshot,jpeg,1,40,beignets,beignets,0.9,0.9815517663955688,1,exact,3,Answer: beignets | Confidence: 90
B,Qwen/Qwen2-VL-2B-Instruct,nf4,fewshot,jpeg,1,41,beignets,beignets,0.9,0.9669843912124634,1,exact,3,Answer: beignets | Confidence: 90
B,Qwen/Qwen2-VL-2B-Instruct,nf4,fewshot,jpeg,1,42,beignets,beignets,0.9,0.9818692207336426,1,exact,3,Answer: beignets | Confidence: 90
B,Qwen/Qwen2-VL-2B-Instruct,nf4,fewshot,jpeg,1,43,beignets,beignets,0.9,0.9849204222361246,1,exact,3,Answer: beignets | Confidence: 90
B,Qwen/Qwen2-VL-2B-Instruct,nf4,fewshot,jpeg,1,44,beignets,beignets,0.9,0.9714082678159078,1,exact,3,Answer: beignets | Confidence: 90
B,Qwen/Qwen2-VL-2B-Instruct,nf4,fewshot,jpeg,1,45,beignets,beignets,,0.8005379140377045,1,exact,3,Answer: beignets
B,Qwen/Qwen2-VL-2B-Instruct,nf4,fewshot,jpeg,1,46,beignets,,,0.8379058167338371,0,empty,4,Beignets
B,Qwen/Qwen2-VL-2B-Instruct,nf4,fewshot,jpeg,1,47,beignets,beignets,0.9,0.9278995792071024,1,exact,3,Answer: beignets | Confidence: 90
B,Qwen/Qwen2-VL-2B-Instruct,nf4,fewshot,jpeg,1,48,beignets,beignets,0.9,0.9817358454068502,1,exact,3,Answer: beignets | Confidence: 90
B,Qwen/Qwen2-VL-2B-Instruct,nf4,fewshot,jpeg,1,49,beignets,beignets,0.9,0.9834335048993428,1,exact,3,Answer: beignets | Confidence: 90
B,Qwen/Qwen2-VL-2B-Instruct,nf4,fewshot,jpeg,1,50,beignets,beignets,,0.9909838438034058,1,exact,3,Answer: beignets
B,Qwen/Qwen2-VL-2B-Instruct,nf4,fewshot,jpeg,1,51,beignets,beignets,0.9,0.989146888256073,1,exact,3,Answer: beignets | Confidence: 90
B,Qwen/Qwen2-VL-2B-Instruct,nf4,fewshot,jpeg,1,52,beignets,beignets,,0.9709502855936686,1,exact,3,Answer: beignets
B,Qwen/Qwen2-VL-2B-Instruct,nf4,fewshot,jpeg,1,53,beignets,beignets,0.9,0.9811456004778544,1,exact,3,Answer: beignets | Confidence: 90
B,Qwen/Qwen2-VL-2B-Instruct,nf4,fewshot,jpeg,1,54,beignets,beignets,0.9,0.9841673970222472,1,exact,3,Answer: beignets | Confidence: 90
B,Qwen/Qwen2-VL-2B-Instruct,nf4,fewshot,jpeg,1,55,beignets,beignets,0.9,0.9733532865842184,1,exact,3,Answer: beignets | Confidence: 90
B,Qwen/Qwen2-VL-2B-Instruct,nf4,fewshot,jpeg,1,56,beignets,pizza,0.9,0.9486941695213318,0,contains,1,Answer: pizza | Confidence: 90
B,Qwen/Qwen2-VL-2B-Instruct,nf4,fewshot,jpeg,1,57,beignets,,,0.83446104824543,0,empty,4,beignets
B,Qwen/Qwen2-VL-2B-Instruct,nf4,fewshot,jpeg,1,58,beignets,beignets,0.9,0.9834899107615152,1,exact,3,Answer: beignets | Confidence: 90
B,Qwen/Qwen2-VL-2B-Instruct,nf4,fewshot,jpeg,1,59,beignets,beignets,0.9,0.980619172255198,1,exact,3,Answer: beignets | Confidence: 90
B,Qwen/Qwen2-VL-2B-Instruct,nf4,fewshot,jpeg,1,60,beignets,beignets,0.9,0.9850792288780212,1,exact,3,Answer: beignets | Confidence: 90
B,Qwen/Qwen2-VL-2B-Instruct,nf4,fewshot,jpeg,1,61,beignets,beignets,0.9,0.992401639620463,1,exact,3,Answer: beignets | Confidence: 90
B,Qwen/Qwen2-VL-2B-Instruct,nf4,fewshot,jpeg,1,62,beignets,beignets,,0.9628267884254456,1,exact,3,Answer: beignets
B,Qwen/Qwen2-VL-2B-Instruct,nf4,fewshot,jpeg,1,63,beignets,beignets,0.9,0.9703372716903688,1,exact,3,Answer: beignets | Confidence: 90
B,Qwen/Qwen2-VL-2B-Instruct,nf4,fewshot,jpeg,1,64,beignets,beignets,0.9,0.9867800871531168,1,exact,3,Answer: beignets | Confidence: 90
B,Qwen/Qwen2-VL-2B-Instruct,nf4,fewshot,jpeg,1,65,beignets,beignets,0.9,0.9810329079627992,1,exact,3,Answer: beignets | Confidence: 90
B,Qwen/Qwen2-VL-2B-Instruct,nf4,fewshot,jpeg,1,66,beignets,,,0.863599494099617,0,empty,4,Beignets
B,Qwen/Qwen2-VL-2B-Instruct,nf4,fewshot,jpeg,1,67,beignets,beignets,0.9,0.9918251236279806,1,exact,3,Answer: beignets | Confidence: 90
B,Qwen/Qwen2-VL-2B-Instruct,nf4,fewshot,jpeg,1,68,beignets,beignets,0.9,0.9572706421216328,1,exact,3,Answer: beignets | Confidence: 90
B,Qwen/Qwen2-VL-2B-Instruct,nf4,fewshot,jpeg,1,69,beignets,beignets,,0.9753203392028807,1,exact,3,Answer: beignets
B,Qwen/Qwen2-VL-2B-Instruct,nf4,fewshot,jpeg,1,70,beignets,beignets,0.9,0.971095085144043,1,exact,3,Answer: beignets | Confidence: 90
B,Qwen/Qwen2-VL-2B-Instruct,nf4,fewshot,jpeg,1,71,beignets,beignets,0.9,0.9867647091547648,1,exact,3,Answer: beignets | Confidence: 90
B,Qwen/Qwen2-VL-2B-Instruct,nf4,fewshot,jpeg,1,72,beignets,beignets,0.9,0.9646803935368856,1,exact,3,Answer: beignets | Confidence: 90
B,Qwen/Qwen2-VL-2B-Instruct,nf4,fewshot,jpeg,1,73,beignets,beignets,0.9,0.9793599645296732,1,exact,3,Answer: beignets | Confidence: 90
B,Qwen/Qwen2-VL-2B-Instruct,nf4,fewshot,jpeg,1,74,beignets,beignets,0.9,0.9841010769208272,1,exact,3,Answer: beignets | Confidence: 90
B,Qwen/Qwen2-VL-2B-Instruct,nf4,fewshot,jpeg,1,75,beignets,beignets,0.9,0.9919960498809814,1,exact,3,Answer: beignets | Confidence: 90
B,Qwen/Qwen2-VL-2B-Instruct,nf4,fewshot,jpeg,1,76,beignets,beignets,0.9,0.9764034946759542,1,exact,3,Answer: beignets | Confidence: 90
B,Qwen/Qwen2-VL-2B-Instruct,nf4,fewshot,jpeg,1,77,beignets,beignets,0.9,0.9853050112724304,1,exact,3,Answer: beignets | Confidence: 90
B,Qwen/Qwen2-VL-2B-Instruct,nf4,fewshot,jpeg,1,78,beignets,beignets,0.9,0.9846982359886168,1,exact,3,Answer: beignets | Confidence: 90
B,Qwen/Qwen2-VL-2B-Instruct,nf4,fewshot,jpeg,1,79,beignets,beignets,,0.9805419047673544,1,exact,3,Answer: beignets
B,Qwen/Qwen2-VL-2B-Instruct,nf4,fewshot,jpeg,1,80,beignets,,,0.9085418432950974,0,empty,4,Beignets
B,Qwen/Qwen2-VL-2B-Instruct,nf4,fewshot,jpeg,1,81,beignets,beignets,0.9,0.924079438050588,1,exact,3,Answer: beignets | Confidence: 90
B,Qwen/Qwen2-VL-2B-Instruct,nf4,fewshot,jpeg,1,82,beignets,beignets,0.9,0.961283544699351,1,exact,3,Answer: beignets | Confidence: 90
B,Qwen/Qwen2-VL-2B-Instruct,nf4,fewshot,jpeg,1,83,beignets,beignets,0.9,0.9866896073023478,1,exact,3,Answer: beignets | Confidence: 90
B,Qwen/Qwen2-VL-2B-Instruct,nf4,fewshot,jpeg,1,84,beignets,beignets,0.9,0.9822801550229392,1,exact,3,Answer: beignets | Confidence: 90
B,Qwen/Qwen2-VL-2B-Instruct,nf4,fewshot,jpeg,1,85,beignets,beignets,0.9,0.9405146241188048,1,exact,3,Answer: beignets | Confidence: 90
B,Qwen/Qwen2-VL-2B-Instruct,nf4,fewshot,jpeg,1,86,beignets,,,0.8592570275068283,0,empty,4,Beignets
B,Qwen/Qwen2-VL-2B-Instruct,nf4,fewshot,jpeg,1,87,beignets,beignets,0.9,0.9722822109858196,1,exact,3,Answer: beignets | Confidence: 90
B,Qwen/Qwen2-VL-2B-Instruct,nf4,fewshot,jpeg,1,88,beignets,bread pudding,0.9,0.9473578035831453,0,contains,2,Answer: bread pudding | Confidence: 90
B,Qwen/Qwen2-VL-2B-Instruct,nf4,fewshot,jpeg,1,89,beignets,bread pudding,0.9,0.8927299082279205,0,contains,2,Answer: bread pudding | Confidence: 90
B,Qwen/Qwen2-VL-2B-Instruct,nf4,fewshot,jpeg,1,90,beignets,beignets,0.9,0.9831836422284445,1,exact,3,Answer: beignets | Confidence: 90
B,Qwen/Qwen2-VL-2B-Instruct,nf4,fewshot,jpeg,1,91,beignets,beignets,0.9,0.9836339155832926,1,exact,3,Answer: beignets | Confidence: 90
B,Qwen/Qwen2-VL-2B-Instruct,nf4,fewshot,jpeg,1,92,beignets,beignets,,0.9853331049283346,1,exact,3,Answer: beignets
B,Qwen/Qwen2-VL-2B-Instruct,nf4,fewshot,jpeg,1,93,beignets,beignets,0.9,0.97167706489563,1,exact,3,Answer: beignets | Confidence: 90
B,Qwen/Qwen2-VL-2B-Instruct,nf4,fewshot,jpeg,1,94,beignets,beignets,0.9,0.9739157557487488,1,exact,3,Answer: beignets | Confidence: 90
B,Qwen/Qwen2-VL-2B-Instruct,nf4,fewshot,jpeg,1,95,beignets,,,0.8603659197688103,0,empty,4,beignets
B,Qwen/Qwen2-VL-2B-Instruct,nf4,fewshot,jpeg,1,96,beignets,beignets,0.9,0.9775823752085367,1,exact,3,Answer: beignets | Confidence: 90
B,Qwen/Qwen2-VL-2B-Instruct,nf4,fewshot,jpeg,1,97,beignets,cake,0.9,0.1757827699184417,0,nomatch,1,Answer: cake | Confidence: 90
B,Qwen/Qwen2-VL-2B-Instruct,nf4,fewshot,jpeg,1,98,beignets,beignets,0.9,0.9638243317604064,1,exact,3,Answer: beignets | Confidence: 90
B,Qwen/Qwen2-VL-2B-Instruct,nf4,fewshot,jpeg,1,99,beignets,beignets,0.9,0.982848087946574,1,exact,3,Answer: beignets | Confidence: 90
B,Qwen/Qwen2-VL-2B-Instruct,nf4,fewshot,jpeg,2,0,beignets,beignets,0.9,0.9823325077692668,1,exact,3,Answer: beignets | Confidence: 90
B,Qwen/Qwen2-VL-2B-Instruct,nf4,fewshot,jpeg,2,1,beignets,beignets,0.9,0.9108038942019144,1,exact,3,Answer: beignets | Confidence: 90
B,Qwen/Qwen2-VL-2B-Instruct,nf4,fewshot,jpeg,2,2,beignets,beignets,0.9,0.9717591603597006,1,exact,3,Answer: beignets | Confidence: 90
B,Qwen/Qwen2-VL-2B-Instruct,nf4,fewshot,jpeg,2,3,beignets,beignets,0.9,0.9674186309178672,1,exact,3,Answer: beignets | Confidence: 90
B,Qwen/Qwen2-VL-2B-Instruct,nf4,fewshot,jpeg,2,4,beignets,beignets,0.9,0.987952490647634,1,exact,3,Answer: beignets | Confidence: 90
B,Qwen/Qwen2-VL-2B-Instruct,nf4,fewshot,jpeg,2,5,beignets,beignets,,0.979629377524058,1,exact,3,Answer: beignets
B,Qwen/Qwen2-VL-2B-Instruct,nf4,fewshot,jpeg,2,6,beignets,beignets,,0.961565891901652,1,exact,3,Answer: beignets
B,Qwen/Qwen2-VL-2B-Instruct,nf4,fewshot,jpeg,2,7,beignets,beignets,0.9,0.9797849853833516,1,exact,3,Answer: beignets | Confidence: 90
B,Qwen/Qwen2-VL-2B-Instruct,nf4,fewshot,jpeg,2,8,beignets,fried calamari,0.85,0.9917216300964355,0,contains,3,Answer: fried calamari | Confidence: 85
B,Qwen/Qwen2-VL-2B-Instruct,nf4,fewshot,jpeg,2,9,beignets,beignets,0.9,0.9803836146990458,1,exact,3,Answer: beignets | Confidence: 90
B,Qwen/Qwen2-VL-2B-Instruct,nf4,fewshot,jpeg,2,10,beignets,beignets,0.9,0.979969600836436,1,exact,3,Answer: beignets | Confidence: 90
B,Qwen/Qwen2-VL-2B-Instruct,nf4,fewshot,jpeg,2,11,beignets,,,0.8428961783647537,0,empty,4,Beignets
B,Qwen/Qwen2-VL-2B-Instruct,nf4,fewshot,jpeg,2,12,beignets,beignets,0.9,0.8898812929789225,1,exact,3,Answer: beignets | Confidence: 90
B,Qwen/Qwen2-VL-2B-Instruct,nf4,fewshot,jpeg,2,13,beignets,beignets,0.9,0.9777222077051798,1,exact,3,Answer: beignets | Confidence: 90
B,Qwen/Qwen2-VL-2B-Instruct,nf4,fewshot,jpeg,2,14,beignets,beignets,0.9,0.9803361495335896,1,exact,3,Answer: beignets | Confidence: 90
B,Qwen/Qwen2-VL-2B-Instruct,nf4,fewshot,jpeg,2,15,beignets,beignets,0.9,0.981827716032664,1,exact,3,Answer: beignets | Confidence: 90
B,Qwen/Qwen2-VL-2B-Instruct,nf4,fewshot,jpeg,2,16,beignets,beignets,0.9,0.9853389461835226,1,exact,3,Answer: beignets | Confidence: 90
B,Qwen/Qwen2-VL-2B-Instruct,nf4,fewshot,jpeg,2,17,beignets,beignets,,0.9868927200635276,1,exact,3,Answer: beignets
B,Qwen/Qwen2-VL-2B-Instruct,nf4,fewshot,jpeg,2,18,beignets,beignets,0.9,0.9743227163950602,1,exact,3,Answer: beignets | Confidence: 90
B,Qwen/Qwen2-VL-2B-Instruct,nf4,fewshot,jpeg,2,19,beignets,beignets,0.9,0.968126138051351,1,exact,3,Answer: beignets | Confidence: 90
B,Qwen/Qwen2-VL-2B-Instruct,nf4,fewshot,jpeg,2,20,beignets,beignets,0.9,0.9859572847684224,1,exact,3,Answer: beignets | Confidence: 90
B,Qwen/Qwen2-VL-2B-Instruct,nf4,fewshot,jpeg,2,21,beignets,beignets,0.9,0.9385059078534445,1,exact,3,Answer: beignets | Confidence: 90
B,Qwen/Qwen2-VL-2B-Instruct,nf4,fewshot,jpeg,2,22,beignets,beignets,0.9,0.9828243255615234,1,exact,3,Answer: beignets | Confidence: 90
B,Qwen/Qwen2-VL-2B-Instruct,nf4,fewshot,jpeg,2,23,beignets,beignets,0.9,0.983077029387156,1,exact,3,Answer: beignets | Confidence: 90
B,Qwen/Qwen2-VL-2B-Instruct,nf4,fewshot,jpeg,2,24,beignets,beignets,0.9,0.9808624386787416,1,exact,3,Answer: beignets | Confidence: 90
B,Qwen/Qwen2-VL-2B-Instruct,nf4,fewshot,jpeg,2,25,beignets,beignets,0.9,0.9780304431915284,1,exact,3,Answer: beignets | Confidence: 90
B,Qwen/Qwen2-VL-2B-Instruct,nf4,fewshot,jpeg,2,26,beignets,beignets,0.9,0.9653708934783936,1,exact,3,Answer: beignets | Confidence: 90
B,Qwen/Qwen2-VL-2B-Instruct,nf4,fewshot,jpeg,2,27,beignets,beignets,0.9,0.985162099202474,1,exact,3,Answer: beignets | Confidence: 90
B,Qwen/Qwen2-VL-2B-Instruct,nf4,fewshot,jpeg,2,28,beignets,beignets,0.9,0.959200084209442,1,exact,3,Answer: beignets | Confidence: 90
B,Qwen/Qwen2-VL-2B-Instruct,nf4,fewshot,jpeg,2,29,beignets,beignets,,0.9791314999262491,1,exact,3,Answer: beignets
B,Qwen/Qwen2-VL-2B-Instruct,nf4,fewshot,jpeg,2,30,beignets,,,0.8358280509710312,0,empty,4,Beignets
B,Qwen/Qwen2-VL-2B-Instruct,nf4,fewshot,jpeg,2,31,beignets,beignets,0.9,0.8958240946133932,1,exact,3,Answer: beignets | Confidence: 90
B,Qwen/Qwen2-VL-2B-Instruct,nf4,fewshot,jpeg,2,32,beignets,beignets,0.9,0.9701482057571412,1,exact,3,Answer: beignets | Confidence: 90
B,Qwen/Qwen2-VL-2B-Instruct,nf4,fewshot,jpeg,2,33,beignets,beignets,0.9,0.989668349424998,1,exact,3,Answer: beignets | Confidence: 90
B,Qwen/Qwen2-VL-2B-Instruct,nf4,fewshot,jpeg,2,34,beignets,beignets,0.9,0.9826484322547911,1,exact,3,Answer: beignets | Confidence: 90
B,Qwen/Qwen2-VL-2B-Instruct,nf4,fewshot,jpeg,2,35,beignets,,,0.857296958565712,0,empty,4,Beignets
B,Qwen/Qwen2-VL-2B-Instruct,nf4,fewshot,jpeg,2,36,beignets,beignets,0.9,0.9840245048205056,1,exact,3,Answer: beignets | Confidence: 90
B,Qwen/Qwen2-VL-2B-Instruct,nf4,fewshot,jpeg,2,37,beignets,beignets,0.9,0.9851646622021992,1,exact,3,Answer: beignets | Confidence: 90
B,Qwen/Qwen2-VL-2B-Instruct,nf4,fewshot,jpeg,2,38,beignets,beignets,0.9,0.9719643394152324,1,exact,3,Answer: beignets | Confidence: 90
B,Qwen/Qwen2-VL-2B-Instruct,nf4,fewshot,jpeg,2,39,beignets,beignets,0.9,0.979941189289093,1,exact,3,Answer: beignets | Confidence: 90
B,Qwen/Qwen2-VL-2B-Instruct,nf4,fewshot,jpeg,2,40,beignets,beignets,0.9,0.961946447690328,1,exact,3,Answer: beignets | Confidence: 90
B,Qwen/Qwen2-VL-2B-Instruct,nf4,fewshot,jpeg,2,41,beignets,beignets,0.9,0.9651079575220743,1,exact,3,Answer: beignets | Confidence: 90
B,Qwen/Qwen2-VL-2B-Instruct,nf4,fewshot,jpeg,2,42,beignets,beignets,0.9,0.9794507026672364,1,exact,3,Answer: beignets | Confidence: 90
B,Qwen/Qwen2-VL-2B-Instruct,nf4,fewshot,jpeg,2,43,beignets,beignets,0.9,0.9752463301022848,1,exact,3,Answer: beignets | Confidence: 90
B,Qwen/Qwen2-VL-2B-Instruct,nf4,fewshot,jpeg,2,44,beignets,beignets,0.9,0.9766577084859211,1,exact,3,Answer: beignets | Confidence: 90
B,Qwen/Qwen2-VL-2B-Instruct,nf4,fewshot,jpeg,2,45,beignets,french toast,,0.7436535507440567,0,contains,2,Answer: french toast
B,Qwen/Qwen2-VL-2B-Instruct,nf4,fewshot,jpeg,2,46,beignets,beignets,0.9,0.9781031807263691,1,exact,3,Answer: beignets | Confidence: 90
B,Qwen/Qwen2-VL-2B-Instruct,nf4,fewshot,jpeg,2,47,beignets,beignets,0.9,0.912916918595632,1,exact,3,Answer: beignets | Confidence: 90
B,Qwen/Qwen2-VL-2B-Instruct,nf4,fewshot,jpeg,2,48,beignets,beignets,0.9,0.9823384284973145,1,exact,3,Answer: beignets | Confidence: 90
B,Qwen/Qwen2-VL-2B-Instruct,nf4,fewshot,jpeg,2,49,beignets,beignets,0.9,0.9787063002586364,1,exact,3,Answer: beignets | Confidence: 90
B,Qwen/Qwen2-VL-2B-Instruct,nf4,fewshot,jpeg,2,50,beignets,lobster roll sandwich,0.9,0.7874136666456858,0,contains,3,Answer: lobster roll sandwich | Confidence: 90
B,Qwen/Qwen2-VL-2B-Instruct,nf4,fewshot,jpeg,2,51,beignets,beignets,0.9,0.9847931663195292,1,exact,3,Answer: beignets | Confidence: 90
B,Qwen/Qwen2-VL-2B-Instruct,nf4,fewshot,jpeg,2,52,beignets,beignets,,0.9725952744483948,1,exact,3,Answer: beignets
B,Qwen/Qwen2-VL-2B-Instruct,nf4,fewshot,jpeg,2,53,beignets,beignets,0.9,0.9779100815455118,1,exact,3,Answer: beignets | Confidence: 90
B,Qwen/Qwen2-VL-2B-Instruct,nf4,fewshot,jpeg,2,54,beignets,beignets,0.9,0.9862356185913086,1,exact,3,Answer: beignets | Confidence: 90
B,Qwen/Qwen2-VL-2B-Instruct,nf4,fewshot,jpeg,2,55,beignets,beignets,0.9,0.9815184275309244,1,exact,3,Answer: beignets | Confidence: 90
B,Qwen/Qwen2-VL-2B-Instruct,nf4,fewshot,jpeg,2,56,beignets,pizza,0.9,0.872344434261322,0,contains,1,Answer: pizza | Confidence: 90
B,Qwen/Qwen2-VL-2B-Instruct,nf4,fewshot,jpeg,2,57,beignets,beignets,0.9,0.9317145347595216,1,exact,3,Answer: beignets | Confidence: 90
B,Qwen/Qwen2-VL-2B-Instruct,nf4,fewshot,jpeg,2,58,beignets,beignets,0.9,0.979318141937256,1,exact,3,Answer: beignets | Confidence: 90
B,Qwen/Qwen2-VL-2B-Instruct,nf4,fewshot,jpeg,2,59,beignets,beignets,0.9,0.9479583104451498,1,exact,3,Answer: beignets | Confidence: 90
B,Qwen/Qwen2-VL-2B-Instruct,nf4,fewshot,jpeg,2,60,beignets,sandwich,,0.2740128338336944,0,nomatch,1,Answer: sandwich
B,Qwen/Qwen2-VL-2B-Instruct,nf4,fewshot,jpeg,2,61,beignets,beignets,0.9,0.9909423391024272,1,exact,3,Answer: beignets | Confidence: 90
B,Qwen/Qwen2-VL-2B-Instruct,nf4,fewshot,jpeg,2,62,beignets,beignets,,0.9628592332204184,1,exact,3,Answer: beignets
B,Qwen/Qwen2-VL-2B-Instruct,nf4,fewshot,jpeg,2,63,beignets,beignets,0.9,0.976066529750824,1,exact,3,Answer: beignets | Confidence: 90
B,Qwen/Qwen2-VL-2B-Instruct,nf4,fewshot,jpeg,2,64,beignets,beignets,0.9,0.983886162439982,1,exact,3,Answer: beignets | Confidence: 90
B,Qwen/Qwen2-VL-2B-Instruct,nf4,fewshot,jpeg,2,65,beignets,beignets,0.9,0.9761284987131754,1,exact,3,Answer: beignets | Confidence: 90
B,Qwen/Qwen2-VL-2B-Instruct,nf4,fewshot,jpeg,2,66,beignets,,,0.8555973842740059,0,empty,4,Beignets
B,Qwen/Qwen2-VL-2B-Instruct,nf4,fewshot,jpeg,2,67,beignets,beignets,0.9,0.9500962495803832,1,exact,3,Answer: beignets | Confidence: 90
B,Qwen/Qwen2-VL-2B-Instruct,nf4,fewshot,jpeg,2,68,beignets,beignets,0.9,0.9760916034380596,1,exact,3,Answer: beignets | Confidence: 90
B,Qwen/Qwen2-VL-2B-Instruct,nf4,fewshot,jpeg,2,69,beignets,,,0.8514801859855652,0,empty,4,Beignets
B,Qwen/Qwen2-VL-2B-Instruct,nf4,fewshot,jpeg,2,70,beignets,beignets,0.9,0.972675363222758,1,exact,3,Answer: beignets | Confidence: 90
B,Qwen/Qwen2-VL-2B-Instruct,nf4,fewshot,jpeg,2,71,beignets,beignets,0.9,0.985416809717814,1,exact,3,Answer: beignets | Confidence: 90
B,Qwen/Qwen2-VL-2B-Instruct,nf4,fewshot,jpeg,2,72,beignets,beignets,,0.9562138319015504,1,exact,3,Answer: beignets
B,Qwen/Qwen2-VL-2B-Instruct,nf4,fewshot,jpeg,2,73,beignets,beignets,0.9,0.9793254931767782,1,exact,3,Answer: beignets | Confidence: 90
B,Qwen/Qwen2-VL-2B-Instruct,nf4,fewshot,jpeg,2,74,beignets,beignets,0.9,0.9802741408348083,1,exact,3,Answer: beignets | Confidence: 90
B,Qwen/Qwen2-VL-2B-Instruct,nf4,fewshot,jpeg,2,75,beignets,beignets,0.9,0.990631341934204,1,exact,3,Answer: beignets | Confidence: 90
B,Qwen/Qwen2-VL-2B-Instruct,nf4,fewshot,jpeg,2,76,beignets,beignets,0.9,0.9788669347763062,1,exact,3,Answer: beignets | Confidence: 90
B,Qwen/Qwen2-VL-2B-Instruct,nf4,fewshot,jpeg,2,77,beignets,beignets,0.9,0.9793148239453634,1,exact,3,Answer: beignets | Confidence: 90
B,Qwen/Qwen2-VL-2B-Instruct,nf4,fewshot,jpeg,2,78,beignets,beignets,0.9,0.9881130258242288,1,exact,3,Answer: beignets | Confidence: 90
B,Qwen/Qwen2-VL-2B-Instruct,nf4,fewshot,jpeg,2,79,beignets,beignets,0.9,0.978712558746338,1,exact,3,Answer: beignets | Confidence: 90
B,Qwen/Qwen2-VL-2B-Instruct,nf4,fewshot,jpeg,2,80,beignets,,,0.8689468801021576,0,empty,4,Beignets
B,Qwen/Qwen2-VL-2B-Instruct,nf4,fewshot,jpeg,2,81,beignets,beignets,0.9,0.9490256110827128,1,exact,3,Answer: beignets | Confidence: 90
B,Qwen/Qwen2-VL-2B-Instruct,nf4,fewshot,jpeg,2,82,beignets,beignets,,0.9521082441012064,1,exact,3,Answer: beignets
B,Qwen/Qwen2-VL-2B-Instruct,nf4,fewshot,jpeg,2,83,beignets,beignets,0.9,0.875855008761088,1,exact,3,Answer: beignets | Confidence: 90
B,Qwen/Qwen2-VL-2B-Instruct,nf4,fewshot,jpeg,2,84,beignets,beignets,0.9,0.8697600166002909,1,exact,3,Answer: beignets | Confidence: 90
B,Qwen/Qwen2-VL-2B-Instruct,nf4,fewshot,jpeg,2,85,beignets,beignets,0.9,0.952581743399302,1,exact,3,Answer: beignets | Confidence: 90
B,Qwen/Qwen2-VL-2B-Instruct,nf4,fewshot,jpeg,2,86,beignets,beignets,0.9,0.9545398553212484,1,exact,3,Answer: beignets | Confidence: 90
B,Qwen/Qwen2-VL-2B-Instruct,nf4,fewshot,jpeg,2,87,beignets,beignets,0.9,0.9590354363123575,1,exact,3,Answer: beignets | Confidence: 90
B,Qwen/Qwen2-VL-2B-Instruct,nf4,fewshot,jpeg,2,88,beignets,bread pudding,0.9,0.8095669746398926,0,contains,2,Answer: bread pudding | Confidence: 90
B,Qwen/Qwen2-VL-2B-Instruct,nf4,fewshot,jpeg,2,89,beignets,bread pudding,0.9,0.8296959400177002,0,contains,2,Answer: bread pudding | Confidence: 90
B,Qwen/Qwen2-VL-2B-Instruct,nf4,fewshot,jpeg,2,90,beignets,beignets,0.9,0.9826697707176208,1,exact,3,Answer: beignets | Confidence: 90
B,Qwen/Qwen2-VL-2B-Instruct,nf4,fewshot,jpeg,2,91,beignets,beignets,0.9,0.9843404094378152,1,exact,3,Answer: beignets | Confidence: 90
B,Qwen/Qwen2-VL-2B-Instruct,nf4,fewshot,jpeg,2,92,beignets,beignets,0.9,0.9889611999193828,1,exact,3,Answer: beignets | Confidence: 90
B,Qwen/Qwen2-VL-2B-Instruct,nf4,fewshot,jpeg,2,93,beignets,beignets,0.9,0.9577195843060812,1,exact,3,Answer: beignets | Confidence: 90
B,Qwen/Qwen2-VL-2B-Instruct,nf4,fewshot,jpeg,2,94,beignets,beignets,0.9,0.9732208251953124,1,exact,3,Answer: beignets | Confidence: 90
B,Qwen/Qwen2-VL-2B-Instruct,nf4,fewshot,jpeg,2,95,beignets,,,0.8566505387425423,0,empty,4,Beignets
B,Qwen/Qwen2-VL-2B-Instruct,nf4,fewshot,jpeg,2,96,beignets,beignets,0.9,0.976713498433431,1,exact,3,Answer: beignets | Confidence: 90
B,Qwen/Qwen2-VL-2B-Instruct,nf4,fewshot,jpeg,2,97,beignets,steak,0.9,0.3578755855560303,0,nomatch,1,Answer: steak | Confidence: 90
B,Qwen/Qwen2-VL-2B-Instruct,nf4,fewshot,jpeg,2,98,beignets,beignets,0.9,0.9542951782544454,1,exact,3,Answer: beignets | Confidence: 90
B,Qwen/Qwen2-VL-2B-Instruct,nf4,fewshot,jpeg,2,99,beignets,beignets,0.9,0.9827436407407124,1,exact,3,Answer: beignets | Confidence: 90
B,Qwen/Qwen2-VL-2B-Instruct,nf4,fewshot,jpeg,3,0,beignets,beignets,0.9,0.9840193390846252,1,exact,3,Answer: beignets | Confidence: 90
B,Qwen/Qwen2-VL-2B-Instruct,nf4,fewshot,jpeg,3,1,beignets,foie gras,0.9,0.7981488505999247,0,contains,3,Answer: foie gras | Confidence: 90
B,Qwen/Qwen2-VL-2B-Instruct,nf4,fewshot,jpeg,3,2,beignets,beignets,0.9,0.9695143500963846,1,exact,3,Answer: beignets | Confidence: 90
B,Qwen/Qwen2-VL-2B-Instruct,nf4,fewshot,jpeg,3,3,beignets,oysters,0.9,0.636655643582344,0,contains,2,Answer: oysters | Confidence: 90
B,Qwen/Qwen2-VL-2B-Instruct,nf4,fewshot,jpeg,3,4,beignets,beignets,0.9,0.988586405913035,1,exact,3,Answer: beignets | Confidence: 90
B,Qwen/Qwen2-VL-2B-Instruct,nf4,fewshot,jpeg,3,5,beignets,beignets,0.9,0.9681126276652018,1,exact,3,Answer: beignets | Confidence: 90
B,Qwen/Qwen2-VL-2B-Instruct,nf4,fewshot,jpeg,3,6,beignets,beignets,,0.94880481561025,1,exact,3,Answer: beignets
B,Qwen/Qwen2-VL-2B-Instruct,nf4,fewshot,jpeg,3,7,beignets,beignets,,0.9700265328089396,1,exact,3,Answer: beignets
B,Qwen/Qwen2-VL-2B-Instruct,nf4,fewshot,jpeg,3,8,beignets,fried calamari,0.9,0.933464805285136,0,contains,3,Answer: fried calamari | Confidence: 90
B,Qwen/Qwen2-VL-2B-Instruct,nf4,fewshot,jpeg,3,9,beignets,beignets,0.9,0.9804818034172058,1,exact,3,Answer: beignets | Confidence: 90
B,Qwen/Qwen2-VL-2B-Instruct,nf4,fewshot,jpeg,3,10,beignets,beignets,0.9,0.9764434297879536,1,exact,3,Answer: beignets | Confidence: 90
B,Qwen/Qwen2-VL-2B-Instruct,nf4,fewshot,jpeg,3,11,beignets,beignets,0.9,0.977608859539032,1,exact,3,Answer: beignets | Confidence: 90
B,Qwen/Qwen2-VL-2B-Instruct,nf4,fewshot,jpeg,3,12,beignets,creme brulee,0.9,0.8919133722782135,0,contains,5,Answer: creme brulee | Confidence: 90
B,Qwen/Qwen2-VL-2B-Instruct,nf4,fewshot,jpeg,3,13,beignets,beignets,0.9,0.9745118618011476,1,exact,3,Answer: beignets | Confidence: 90
B,Qwen/Qwen2-VL-2B-Instruct,nf4,fewshot,jpeg,3,14,beignets,beignets,0.9,0.9706214666366576,1,exact,3,Answer: beignets | Confidence: 90
B,Qwen/Qwen2-VL-2B-Instruct,nf4,fewshot,jpeg,3,15,beignets,beignets,0.9,0.9789378841718038,1,exact,3,Answer: beignets | Confidence: 90
B,Qwen/Qwen2-VL-2B-Instruct,nf4,fewshot,jpeg,3,16,beignets,beignets,0.9,0.942348301410675,1,exact,3,Answer: beignets | Confidence: 90
B,Qwen/Qwen2-VL-2B-Instruct,nf4,fewshot,jpeg,3,17,beignets,beignets,0.9,0.9688794016838074,1,exact,3,Answer: beignets | Confidence: 90
B,Qwen/Qwen2-VL-2B-Instruct,nf4,fewshot,jpeg,3,18,beignets,beignets,0.9,0.9257439374923706,1,exact,3,Answer: beignets | Confidence: 90
B,Qwen/Qwen2-VL-2B-Instruct,nf4,fewshot,jpeg,3,19,beignets,beignets,0.9,0.8024885257085165,1,exact,3,Answer: beignets | Confidence: 90
B,Qwen/Qwen2-VL-2B-Instruct,nf4,fewshot,jpeg,3,20,beignets,beignets,0.9,0.8411852320035299,1,exact,3,Answer: beignets | Confidence: 90
B,Qwen/Qwen2-VL-2B-Instruct,nf4,fewshot,jpeg,3,21,beignets,beignets,0.9,0.8514288465181986,1,exact,3,Answer: beignets | Confidence: 90
B,Qwen/Qwen2-VL-2B-Instruct,nf4,fewshot,jpeg,3,22,beignets,beignets,0.9,0.9594913323720295,1,exact,3,Answer: beignets | Confidence: 90
B,Qwen/Qwen2-VL-2B-Instruct,nf4,fewshot,jpeg,3,23,beignets,beignets,0.9,0.8763237595558167,1,exact,3,Answer: beignets | Confidence: 90
B,Qwen/Qwen2-VL-2B-Instruct,nf4,fewshot,jpeg,3,24,beignets,beignets,0.9,0.8180099229017893,1,exact,3,Answer: beignets | Confidence: 90
B,Qwen/Qwen2-VL-2B-Instruct,nf4,fewshot,jpeg,3,25,beignets,beignets,0.9,0.9756953716278076,1,exact,3,Answer: beignets | Confidence: 90
B,Qwen/Qwen2-VL-2B-Instruct,nf4,fewshot,jpeg,3,26,beignets,beignets,0.9,0.9866878986358644,1,exact,3,Answer: beignets | Confidence: 90
B,Qwen/Qwen2-VL-2B-Instruct,nf4,fewshot,jpeg,3,27,beignets,beignets,0.9,0.9862017631530762,1,exact,3,Answer: beignets | Confidence: 90
B,Qwen/Qwen2-VL-2B-Instruct,nf4,fewshot,jpeg,3,28,beignets,beignets,0.9,0.9438203175862632,1,exact,3,Answer: beignets | Confidence: 90
B,Qwen/Qwen2-VL-2B-Instruct,nf4,fewshot,jpeg,3,29,beignets,beignets,,0.9764086405436198,1,exact,3,Answer: beignets
B,Qwen/Qwen2-VL-2B-Instruct,nf4,fewshot,jpeg,3,30,beignets,beignets,,0.9354039629300436,1,exact,3,Answer: beignets
B,Qwen/Qwen2-VL-2B-Instruct,nf4,fewshot,jpeg,3,31,beignets,creme brulee,0.9,0.941462516784668,0,contains,5,Answer: creme brulee | Confidence: 90
B,Qwen/Qwen2-VL-2B-Instruct,nf4,fewshot,jpeg,3,32,beignets,beignets,0.9,0.97688227891922,1,exact,3,Answer: beignets | Confidence: 90
B,Qwen/Qwen2-VL-2B-Instruct,nf4,fewshot,jpeg,3,33,beignets,beignets,0.9,0.9814985394477844,1,exact,3,Answer: beignets | Confidence: 90
B,Qwen/Qwen2-VL-2B-Instruct,nf4,fewshot,jpeg,3,34,beignets,beignets,0.9,0.9720270236333212,1,exact,3,Answer: beignets | Confidence: 90
B,Qwen/Qwen2-VL-2B-Instruct,nf4,fewshot,jpeg,3,35,beignets,chicken wings,0.9,0.7683848142623901,0,contains,2,Answer: chicken wings | Confidence: 90
B,Qwen/Qwen2-VL-2B-Instruct,nf4,fewshot,jpeg,3,36,beignets,fried calamari,0.9,0.9603485663731892,0,contains,3,Answer: fried calamari | Confidence: 90
B,Qwen/Qwen2-VL-2B-Instruct,nf4,fewshot,jpeg,3,37,beignets,beignets,0.9,0.9733603000640868,1,exact,3,Answer: beignets | Confidence: 90
B,Qwen/Qwen2-VL-2B-Instruct,nf4,fewshot,jpeg,3,38,beignets,beignets,0.9,0.9676412343978882,1,exact,3,Answer: beignets | Confidence: 90
B,Qwen/Qwen2-VL-2B-Instruct,nf4,fewshot,jpeg,3,39,beignets,beignets,0.9,0.9743308424949646,1,exact,3,Answer: beignets | Confidence: 90
B,Qwen/Qwen2-VL-2B-Instruct,nf4,fewshot,jpeg,3,40,beignets,fried calamari,0.9,0.86268417040507,0,contains,3,Answer: fried calamari | Confidence: 90
B,Qwen/Qwen2-VL-2B-Instruct,nf4,fewshot,jpeg,3,41,beignets,beignets,0.9,0.969637413819631,1,exact,3,Answer: beignets | Confidence: 90
B,Qwen/Qwen2-VL-2B-Instruct,nf4,fewshot,jpeg,3,42,beignets,beignets,0.9,0.9785223603248596,1,exact,3,Answer: beignets | Confidence: 90
B,Qwen/Qwen2-VL-2B-Instruct,nf4,fewshot,jpeg,3,43,beignets,beignets,0.9,0.9735219478607178,1,exact,3,Answer: beignets | Confidence: 90
B,Qwen/Qwen2-VL-2B-Instruct,nf4,fewshot,jpeg,3,44,beignets,beignets,0.9,0.976268192132314,1,exact,3,Answer: beignets | Confidence: 90
B,Qwen/Qwen2-VL-2B-Instruct,nf4,fewshot,jpeg,3,45,beignets,french toast,,0.8975792527198792,0,contains,2,Answer: french toast
B,Qwen/Qwen2-VL-2B-Instruct,nf4,fewshot,jpeg,3,46,beignets,beignets,0.9,0.954214096069336,1,exact,3,Answer: beignets | Confidence: 90
B,Qwen/Qwen2-VL-2B-Instruct,nf4,fewshot,jpeg,3,47,beignets,scallops,0.9,0.7003496140241623,0,contains,2,Answer: scallops | Confidence: 90
B,Qwen/Qwen2-VL-2B-Instruct,nf4,fewshot,jpeg,3,48,beignets,beignets,0.9,0.9892624815305074,1,exact,3,Answer: beignets | Confidence: 90
B,Qwen/Qwen2-VL-2B-Instruct,nf4,fewshot,jpeg,3,49,beignets,beignets,0.9,0.963558793067932,1,exact,3,Answer: beignets | Confidence: 90
B,Qwen/Qwen2-VL-2B-Instruct,nf4,fewshot,jpeg,3,50,beignets,lobster roll sandwich,0.9,0.8186546862125397,0,contains,3,Answer: lobster roll sandwich | Confidence: 90
B,Qwen/Qwen2-VL-2B-Instruct,nf4,fewshot,jpeg,3,51,beignets,pizza,0.85,0.4573485851287842,0,nomatch,1,Answer: pizza | Confidence: 85
B,Qwen/Qwen2-VL-2B-Instruct,nf4,fewshot,jpeg,3,52,beignets,beignets,0.9,0.9754740595817566,1,exact,3,Answer: beignets | Confidence: 90
B,Qwen/Qwen2-VL-2B-Instruct,nf4,fewshot,jpeg,3,53,beignets,beignets,0.9,0.9640404383341472,1,exact,3,Answer: beignets | Confidence: 90
B,Qwen/Qwen2-VL-2B-Instruct,nf4,fewshot,jpeg,3,54,beignets,beignets,0.9,0.9826706846555074,1,exact,3,Answer: beignets | Confidence: 90
B,Qwen/Qwen2-VL-2B-Instruct,nf4,fewshot,jpeg,3,55,beignets,beignets,0.9,0.98402734597524,1,exact,3,Answer: beignets | Confidence: 90
B,Qwen/Qwen2-VL-2B-Instruct,nf4,fewshot,jpeg,3,56,beignets,pizza,0.9,0.9009634852409364,0,contains,1,Answer: pizza | Confidence: 90
B,Qwen/Qwen2-VL-2B-Instruct,nf4,fewshot,jpeg,3,57,beignets,fried rice,0.9,0.7238388061523438,0,contains,2,Answer: fried rice | Confidence: 90
B,Qwen/Qwen2-VL-2B-Instruct,nf4,fewshot,jpeg,3,58,beignets,beignets,0.9,0.9760023355484008,1,exact,3,Answer: beignets | Confidence: 90
B,Qwen/Qwen2-VL-2B-Instruct,nf4,fewshot,jpeg,3,59,beignets,beignets,0.9,0.9471052686373392,1,exact,3,Answer: beignets | Confidence: 90
B,Qwen/Qwen2-VL-2B-Instruct,nf4,fewshot,jpeg,3,60,beignets,beignets,0.9,0.7736635208129883,1,exact,3,Answer: beignets | Confidence: 90
B,Qwen/Qwen2-VL-2B-Instruct,nf4,fewshot,jpeg,3,61,beignets,beignets,0.9,0.9900610446929932,1,exact,3,Answer: beignets | Confidence: 90
B,Qwen/Qwen2-VL-2B-Instruct,nf4,fewshot,jpeg,3,62,beignets,beignets,,0.9705328543980916,1,exact,3,Answer: beignets
B,Qwen/Qwen2-VL-2B-Instruct,nf4,fewshot,jpeg,3,63,beignets,cheesecake,0.9,0.7055397778749466,0,contains,2,Answer: cheesecake | Confidence: 90
B,Qwen/Qwen2-VL-2B-Instruct,nf4,fewshot,jpeg,3,64,beignets,beignets,0.9,0.9837746024131776,1,exact,3,Answer: beignets | Confidence: 90
B,Qwen/Qwen2-VL-2B-Instruct,nf4,fewshot,jpeg,3,65,beignets,beignets,0.9,0.9729528625806172,1,exact,3,Answer: beignets | Confidence: 90
B,Qwen/Qwen2-VL-2B-Instruct,nf4,fewshot,jpeg,3,66,beignets,beignets,0.9,0.9853214820226034,1,exact,3,Answer: beignets | Confidence: 90
B,Qwen/Qwen2-VL-2B-Instruct,nf4,fewshot,jpeg,3,67,beignets,pizza,0.85,0.6595550179481506,0,nomatch,1,Answer: pizza | Confidence: 85
B,Qwen/Qwen2-VL-2B-Instruct,nf4,fewshot,jpeg,3,68,beignets,beignets,0.9,0.7876453598340353,1,exact,3,Answer: beignets | Confidence: 90
B,Qwen/Qwen2-VL-2B-Instruct,nf4,fewshot,jpeg,3,69,beignets,beignets,0.9,0.9820678035418192,1,exact,3,Answer: beignets | Confidence: 90
B,Qwen/Qwen2-VL-2B-Instruct,nf4,fewshot,jpeg,3,70,beignets,beignets,0.9,0.9747250080108644,1,exact,3,Answer: beignets | Confidence: 90
B,Qwen/Qwen2-VL-2B-Instruct,nf4,fewshot,jpeg,3,71,beignets,crab cakes,0.9,0.6356834322214127,0,contains,2,Answer: crab cakes | Confidence: 90
B,Qwen/Qwen2-VL-2B-Instruct,nf4,fewshot,jpeg,3,72,beignets,beignets,0.9,0.955850084622701,1,exact,3,Answer: beignets | Confidence: 90
B,Qwen/Qwen2-VL-2B-Instruct,nf4,fewshot,jpeg,3,73,beignets,beignets,0.9,0.9799688855806986,1,exact,3,Answer: beignets | Confidence: 90
B,Qwen/Qwen2-VL-2B-Instruct,nf4,fewshot,jpeg,3,74,beignets,pork chop,0.9,0.6889521479606628,0,contains,2,Answer: pork chop | Confidence: 90
B,Qwen/Qwen2-VL-2B-Instruct,nf4,fewshot,jpeg,3,75,beignets,beignets,0.9,0.8005088071028391,1,exact,3,Answer: beignets | Confidence: 90
B,Qwen/Qwen2-VL-2B-Instruct,nf4,fewshot,jpeg,3,76,beignets,beignets,0.9,0.9764747818311056,1,exact,3,Answer: beignets | Confidence: 90
B,Qwen/Qwen2-VL-2B-Instruct,nf4,fewshot,jpeg,3,77,beignets,pizza,0.9,0.3612818121910095,0,nomatch,1,Answer: pizza | Confidence: 90
B,Qwen/Qwen2-VL-2B-Instruct,nf4,fewshot,jpeg,3,78,beignets,edamame,0.9,0.7653429607550303,0,contains,3,Answer: edamame | Confidence: 90
B,Qwen/Qwen2-VL-2B-Instruct,nf4,fewshot,jpeg,3,79,beignets,lobster roll sandwich,0.9,0.9095534284909568,0,contains,3,Answer: lobster roll sandwich | Confidence: 90
B,Qwen/Qwen2-VL-2B-Instruct,nf4,fewshot,jpeg,3,80,beignets,beignets,0.9,0.96416304508845,1,exact,3,Answer: beignets | Confidence: 90
B,Qwen/Qwen2-VL-2B-Instruct,nf4,fewshot,jpeg,3,81,beignets,beignets,0.9,0.915266772111257,1,exact,3,Answer: beignets | Confidence: 90
B,Qwen/Qwen2-VL-2B-Instruct,nf4,fewshot,jpeg,3,82,beignets,beignets,,0.9364498655001322,1,exact,3,Answer: beignets
B,Qwen/Qwen2-VL-2B-Instruct,nf4,fewshot,jpeg,3,83,beignets,tiramisu,0.9,0.7874854902426401,0,contains,3,Answer: tiramisu | Confidence: 90
B,Qwen/Qwen2-VL-2B-Instruct,nf4,fewshot,jpeg,3,84,beignets,fish and chips,0.9,0.8609394629796346,0,contains,3,Answer: fish and chips | Confidence: 90
B,Qwen/Qwen2-VL-2B-Instruct,nf4,fewshot,jpeg,3,85,beignets,beignets,0.9,0.8879422744115194,1,exact,3,Answer: beignets | Confidence: 90
B,Qwen/Qwen2-VL-2B-Instruct,nf4,fewshot,jpeg,3,86,beignets,pizza,0.85,0.4625129103660583,0,nomatch,1,Answer: pizza | Confidence: 85
B,Qwen/Qwen2-VL-2B-Instruct,nf4,fewshot,jpeg,3,87,beignets,beignets,0.9,0.963508148988088,1,exact,3,Answer: beignets | Confidence: 90
B,Qwen/Qwen2-VL-2B-Instruct,nf4,fewshot,jpeg,3,88,beignets,bread pudding,0.9,0.9486971199512482,0,contains,2,Answer: bread pudding | Confidence: 90
B,Qwen/Qwen2-VL-2B-Instruct,nf4,fewshot,jpeg,3,89,beignets,bread pudding,0.9,0.8666859567165375,0,contains,2,Answer: bread pudding | Confidence: 90
B,Qwen/Qwen2-VL-2B-Instruct,nf4,fewshot,jpeg,3,90,beignets,beignets,0.9,0.9554854234059652,1,exact,3,Answer: beignets | Confidence: 90
B,Qwen/Qwen2-VL-2B-Instruct,nf4,fewshot,jpeg,3,91,beignets,beignets,0.9,0.9440173506736756,1,exact,3,Answer: beignets | Confidence: 90
B,Qwen/Qwen2-VL-2B-Instruct,nf4,fewshot,jpeg,3,92,beignets,lobster roll sandwich,0.9,0.8320176204045614,0,contains,3,Answer: lobster roll sandwich | Confidence: 90
B,Qwen/Qwen2-VL-2B-Instruct,nf4,fewshot,jpeg,3,93,beignets,beignets,0.9,0.9646334052085876,1,exact,3,Answer: beignets | Confidence: 90
B,Qwen/Qwen2-VL-2B-Instruct,nf4,fewshot,jpeg,3,94,beignets,beignets,0.9,0.9676822423934937,1,exact,3,Answer: beignets | Confidence: 90
B,Qwen/Qwen2-VL-2B-Instruct,nf4,fewshot,jpeg,3,95,beignets,beignets,0.9,0.9785647392272948,1,exact,3,Answer: beignets | Confidence: 90
B,Qwen/Qwen2-VL-2B-Instruct,nf4,fewshot,jpeg,3,96,beignets,beignets,0.9,0.943601926167806,1,exact,3,Answer: beignets | Confidence: 90
B,Qwen/Qwen2-VL-2B-Instruct,nf4,fewshot,jpeg,3,97,beignets,pizza,0.85,0.3179988861083984,0,nomatch,1,Answer: pizza | Confidence: 85
B,Qwen/Qwen2-VL-2B-Instruct,nf4,fewshot,jpeg,3,98,beignets,beignets,0.9,0.961169401804606,1,exact,3,Answer: beignets | Confidence: 90
B,Qwen/Qwen2-VL-2B-Instruct,nf4,fewshot,jpeg,3,99,beignets,pizza,0.85,0.5735912322998047,0,nomatch,1,Answer: pizza | Confidence: 85
B,Qwen/Qwen2-VL-2B-Instruct,nf4,fewshot,low_light,1,0,beignets,,,0.8331472799181938,0,empty,4,Beignets
B,Qwen/Qwen2-VL-2B-Instruct,nf4,fewshot,low_light,1,1,beignets,beignets,0.9,0.8708576758702596,1,exact,3,Answer: beignets | Confidence: 90
B,Qwen/Qwen2-VL-2B-Instruct,nf4,fewshot,low_light,1,2,beignets,beignets,0.9,0.9607298374176024,1,exact,3,Answer: beignets | Confidence: 90
B,Qwen/Qwen2-VL-2B-Instruct,nf4,fewshot,low_light,1,3,beignets,,,0.8486103415489197,0,empty,4,Beignets
B,Qwen/Qwen2-VL-2B-Instruct,nf4,fewshot,low_light,1,4,beignets,,,0.842914953827858,0,empty,4,beignets
B,Qwen/Qwen2-VL-2B-Instruct,nf4,fewshot,low_light,1,5,beignets,beignets,0.8,0.9797827204068502,1,exact,3,Answer: beignets | Confidence: 80
B,Qwen/Qwen2-VL-2B-Instruct,nf4,fewshot,low_light,1,6,beignets,,,0.8994908928871155,0,empty,4,beignets
B,Qwen/Qwen2-VL-2B-Instruct,nf4,fewshot,low_light,1,7,beignets,beignets,0.9,0.9875936508178712,1,exact,3,Answer: beignets | Confidence: 90
B,Qwen/Qwen2-VL-2B-Instruct,nf4,fewshot,low_light,1,8,beignets,fried calamari,0.85,0.953535775343577,0,contains,3,Answer: fried calamari | Confidence: 85
B,Qwen/Qwen2-VL-2B-Instruct,nf4,fewshot,low_light,1,9,beignets,beignets,0.9,0.9801174799601235,1,exact,3,Answer: beignets | Confidence: 90
B,Qwen/Qwen2-VL-2B-Instruct,nf4,fewshot,low_light,1,10,beignets,,,0.8623529970645905,0,empty,4,Beignets
B,Qwen/Qwen2-VL-2B-Instruct,nf4,fewshot,low_light,1,11,beignets,,,0.8576034605503082,0,empty,4,Beignets
B,Qwen/Qwen2-VL-2B-Instruct,nf4,fewshot,low_light,1,12,beignets,chicken nuggets,,0.7610905567804972,0,nomatch,3,Answer: chicken nuggets
B,Qwen/Qwen2-VL-2B-Instruct,nf4,fewshot,low_light,1,13,beignets,,,0.8543878495693207,0,empty,4,beignets
B,Qwen/Qwen2-VL-2B-Instruct,nf4,fewshot,low_light,1,14,beignets,,,0.8433054387569427,0,empty,4,beignets
B,Qwen/Qwen2-VL-2B-Instruct,nf4,fewshot,low_light,1,15,beignets,,,0.8402686640620232,0,empty,4,beignets
B,Qwen/Qwen2-VL-2B-Instruct,nf4,fewshot,low_light,1,16,beignets,beignets,0.9,0.9921442270278932,1,exact,3,Answer: beignets | Confidence: 90
B,Qwen/Qwen2-VL-2B-Instruct,nf4,fewshot,low_light,1,17,beignets,,,0.8452809378504753,0,empty,4,beignets
B,Qwen/Qwen2-VL-2B-Instruct,nf4,fewshot,low_light,1,18,beignets,beignets,0.9,0.969340721766154,1,exact,3,Answer: beignets | Confidence: 90
B,Qwen/Qwen2-VL-2B-Instruct,nf4,fewshot,low_light,1,19,beignets,,,0.8418872430920601,0,empty,4,beignets
B,Qwen/Qwen2-VL-2B-Instruct,nf4,fewshot,low_light,1,20,beignets,,,0.8447991535067558,0,empty,4,beignets
B,Qwen/Qwen2-VL-2B-Instruct,nf4,fewshot,low_light,1,21,beignets,beignets,0.9,0.9162171880404154,1,exact,3,Answer: beignets | Confidence: 90
B,Qwen/Qwen2-VL-2B-Instruct,nf4,fewshot,low_light,1,22,beignets,,,0.8615564256906509,0,empty,4,beignets
B,Qwen/Qwen2-VL-2B-Instruct,nf4,fewshot,low_light,1,23,beignets,,,0.825689435005188,0,empty,4,Beignets
B,Qwen/Qwen2-VL-2B-Instruct,nf4,fewshot,low_light,1,24,beignets,beignets,0.9,0.9744024276733398,1,exact,3,Answer: beignets | Confidence: 90
B,Qwen/Qwen2-VL-2B-Instruct,nf4,fewshot,low_light,1,25,beignets,,,0.8609334379434586,0,empty,4,Beignets
B,Qwen/Qwen2-VL-2B-Instruct,nf4,fewshot,low_light,1,26,beignets,beignets,0.9,0.9635622104008992,1,exact,3,Answer: beignets | Confidence: 90
B,Qwen/Qwen2-VL-2B-Instruct,nf4,fewshot,low_light,1,27,beignets,,,0.8619292005896568,0,empty,4,Beignets
B,Qwen/Qwen2-VL-2B-Instruct,nf4,fewshot,low_light,1,28,beignets,beignets,0.9,0.9278669555981954,1,exact,3,Answer: beignets | Confidence: 90
B,Qwen/Qwen2-VL-2B-Instruct,nf4,fewshot,low_light,1,29,beignets,,,0.8290618732571602,0,empty,4,beignets
B,Qwen/Qwen2-VL-2B-Instruct,nf4,fewshot,low_light,1,30,beignets,,,0.8622753843665123,0,empty,4,Beignets
B,Qwen/Qwen2-VL-2B-Instruct,nf4,fewshot,low_light,1,31,beignets,beignets,0.9,0.985085924466451,1,exact,3,Answer: beignets | Confidence: 90
B,Qwen/Qwen2-VL-2B-Instruct,nf4,fewshot,low_light,1,32,beignets,beignets,0.9,0.9796143770217896,1,exact,3,Answer: beignets | Confidence: 90
B,Qwen/Qwen2-VL-2B-Instruct,nf4,fewshot,low_light,1,33,beignets,,,0.8562473133206367,0,empty,4,beignets
B,Qwen/Qwen2-VL-2B-Instruct,nf4,fewshot,low_light,1,34,beignets,,,0.8285264894366264,0,empty,4,Beignets
B,Qwen/Qwen2-VL-2B-Instruct,nf4,fewshot,low_light,1,35,beignets,,,0.7888138890266418,0,empty,4,beignets
B,Qwen/Qwen2-VL-2B-Instruct,nf4,fewshot,low_light,1,36,beignets,,,0.8602656051516533,0,empty,4,beignets
B,Qwen/Qwen2-VL-2B-Instruct,nf4,fewshot,low_light,1,37,beignets,beignets,0.9,0.9847883184750876,1,exact,3,Answer: beignets | Confidence: 90
B,Qwen/Qwen2-VL-2B-Instruct,nf4,fewshot,low_light,1,38,beignets,,,0.8339768946170807,0,empty,4,beignets
B,Qwen/Qwen2-VL-2B-Instruct,nf4,fewshot,low_light,1,39,beignets,,,0.907143458724022,0,empty,4,beignets
B,Qwen/Qwen2-VL-2B-Instruct,nf4,fewshot,low_light,1,40,beignets,,,0.8334617465734482,0,empty,4,beignets
B,Qwen/Qwen2-VL-2B-Instruct,nf4,fewshot,low_light,1,41,beignets,,,0.8839068710803986,0,empty,4,beignets
B,Qwen/Qwen2-VL-2B-Instruct,nf4,fewshot,low_light,1,42,beignets,,,0.8781076818704605,0,empty,4,Beignets
B,Qwen/Qwen2-VL-2B-Instruct,nf4,fewshot,low_light,1,43,beignets,beignets,0.9,0.9773805141448976,1,exact,3,Answer: beignets | Confidence: 90
B,Qwen/Qwen2-VL-2B-Instruct,nf4,fewshot,low_light,1,44,beignets,,,0.8511964678764343,0,empty,4,Beignets
B,Qwen/Qwen2-VL-2B-Instruct,nf4,fewshot,low_light,1,45,beignets,,,0.8975327213605245,0,empty,3,French toast
B,Qwen/Qwen2-VL-2B-Instruct,nf4,fewshot,low_light,1,46,beignets,,,0.8595482409000397,0,empty,4,beignets
B,Qwen/Qwen2-VL-2B-Instruct,nf4,fewshot,low_light,1,47,beignets,,,0.823795385658741,0,empty,4,beignets
B,Qwen/Qwen2-VL-2B-Instruct,nf4,fewshot,low_light,1,48,beignets,beignets,0.9,0.9766712784767152,1,exact,3,Answer: beignets | Confidence: 90
B,Qwen/Qwen2-VL-2B-Instruct,nf4,fewshot,low_light,1,49,beignets,,,0.8634261637926102,0,empty,4,beignets
B,Qwen/Qwen2-VL-2B-Instruct,nf4,fewshot,low_light,1,50,beignets,lobster roll sandwich,0.9,0.8698303500811259,0,contains,3,Answer: lobster roll sandwich | Confidence: 90
B,Qwen/Qwen2-VL-2B-Instruct,nf4,fewshot,low_light,1,51,beignets,beignets,0.9,0.9859703183174132,1,exact,3,Answer: beignets | Confidence: 90
B,Qwen/Qwen2-VL-2B-Instruct,nf4,fewshot,low_light,1,52,beignets,beignets,0.9,0.955911616484324,1,exact,3,Answer: beignets | Confidence: 90
B,Qwen/Qwen2-VL-2B-Instruct,nf4,fewshot,low_light,1,53,beignets,beignets,0.9,0.9770872394243876,1,exact,3,Answer: beignets | Confidence: 90
B,Qwen/Qwen2-VL-2B-Instruct,nf4,fewshot,low_light,1,54,beignets,beignets,0.85,0.9780745108922324,1,exact,3,Answer: beignets | Confidence: 85
B,Qwen/Qwen2-VL-2B-Instruct,nf4,fewshot,low_light,1,55,beignets,,,0.8610222414135933,0,empty,4,beignets
B,Qwen/Qwen2-VL-2B-Instruct,nf4,fewshot,low_light,1,56,beignets,,,0.6515443921089172,0,empty,2,pizza
B,Qwen/Qwen2-VL-2B-Instruct,nf4,fewshot,low_light,1,57,beignets,,,0.9091692119836808,0,empty,4,beignets
B,Qwen/Qwen2-VL-2B-Instruct,nf4,fewshot,low_light,1,58,beignets,,,0.8313188701868057,0,empty,4,Beignets
B,Qwen/Qwen2-VL-2B-Instruct,nf4,fewshot,low_light,1,59,beignets,,,0.8264001831412315,0,empty,4,beignets
B,Qwen/Qwen2-VL-2B-Instruct,nf4,fewshot,low_light,1,60,beignets,donuts,0.9,0.6274131834506989,0,contains,2,Answer: donuts | Confidence: 90
B,Qwen/Qwen2-VL-2B-Instruct,nf4,fewshot,low_light,1,61,beignets,beignets,0.9,0.9860555330912272,1,exact,3,Answer: beignets | Confidence: 90
B,Qwen/Qwen2-VL-2B-Instruct,nf4,fewshot,low_light,1,62,beignets,,,0.8590673804283142,0,empty,4,Beignets
B,Qwen/Qwen2-VL-2B-Instruct,nf4,fewshot,low_light,1,63,beignets,beignets,0.9,0.928443213303884,1,exact,3,Answer: beignets | Confidence: 90
B,Qwen/Qwen2-VL-2B-Instruct,nf4,fewshot,low_light,1,64,beignets,,,0.8409887179732323,0,empty,4,beignets
B,Qwen/Qwen2-VL-2B-Instruct,nf4,fewshot,low_light,1,65,beignets,,,0.8402359932661057,0,empty,4,beignets
B,Qwen/Qwen2-VL-2B-Instruct,nf4,fewshot,low_light,1,66,beignets,,,0.8526493534445763,0,empty,4,beignets
B,Qwen/Qwen2-VL-2B-Instruct,nf4,fewshot,low_light,1,67,beignets,,,0.6981725096702576,0,empty,2,pizza
B,Qwen/Qwen2-VL-2B-Instruct,nf4,fewshot,low_light,1,68,beignets,,,0.8732470721006393,0,empty,4,Beignets
B,Qwen/Qwen2-VL-2B-Instruct,nf4,fewshot,low_light,1,69,beignets,,,0.8607113286852837,0,empty,4,beignets
B,Qwen/Qwen2-VL-2B-Instruct,nf4,fewshot,low_light,1,70,beignets,beignets,0.9,0.9623841444651284,1,exact,3,Answer: beignets | Confidence: 90
B,Qwen/Qwen2-VL-2B-Instruct,nf4,fewshot,low_light,1,71,beignets,beignets,0.9,0.9866056640942892,1,exact,3,Answer: beignets | Confidence: 90
B,Qwen/Qwen2-VL-2B-Instruct,nf4,fewshot,low_light,1,72,beignets,beignets,0.9,0.96026873588562,1,exact,3,Answer: beignets | Confidence: 90
B,Qwen/Qwen2-VL-2B-Instruct,nf4,fewshot,low_light,1,73,beignets,beignets,0.9,0.9881182312965392,1,exact,3,Answer: beignets | Confidence: 90
B,Qwen/Qwen2-VL-2B-Instruct,nf4,fewshot,low_light,1,74,beignets,,,0.8553981631994247,0,empty,4,beignets
B,Qwen/Qwen2-VL-2B-Instruct,nf4,fewshot,low_light,1,75,beignets,,,0.8376933857798576,0,empty,4,beignets
B,Qwen/Qwen2-VL-2B-Instruct,nf4,fewshot,low_light,1,76,beignets,beignets,0.9,0.9717634320259094,1,exact,3,Answer: beignets | Confidence: 90
B,Qwen/Qwen2-VL-2B-Instruct,nf4,fewshot,low_light,1,77,beignets,,,0.838616669178009,0,empty,4,Beignets
B,Qwen/Qwen2-VL-2B-Instruct,nf4,fewshot,low_light,1,78,beignets,,,0.8304295763373375,0,empty,4,beignets
B,Qwen/Qwen2-VL-2B-Instruct,nf4,fewshot,low_light,1,79,beignets,beignets,0.9,0.983654816945394,1,exact,3,Answer: beignets | Confidence: 90
B,Qwen/Qwen2-VL-2B-Instruct,nf4,fewshot,low_light,1,80,beignets,,,0.8743047714233398,0,empty,4,Beignets
B,Qwen/Qwen2-VL-2B-Instruct,nf4,fewshot,low_light,1,81,beignets,,,0.8762021660804749,0,empty,4,beignets
B,Qwen/Qwen2-VL-2B-Instruct,nf4,fewshot,low_light,1,82,beignets,,,0.8477795049548149,0,empty,4,Beignets
B,Qwen/Qwen2-VL-2B-Instruct,nf4,fewshot,low_light,1,83,beignets,scallops,0.9,0.801549881696701,0,contains,2,Answer: scallops | Confidence: 90
B,Qwen/Qwen2-VL-2B-Instruct,nf4,fewshot,low_light,1,84,beignets,,,0.8278667032718658,0,empty,4,beignets
B,Qwen/Qwen2-VL-2B-Instruct,nf4,fewshot,low_light,1,85,beignets,beignets,0.9,0.9356023073196412,1,exact,3,Answer: beignets | Confidence: 90
B,Qwen/Qwen2-VL-2B-Instruct,nf4,fewshot,low_light,1,86,beignets,,,0.8336422592401505,0,empty,4,Beignets
B,Qwen/Qwen2-VL-2B-Instruct,nf4,fewshot,low_light,1,87,beignets,,,0.8276355639100075,0,empty,4,Beignets
B,Qwen/Qwen2-VL-2B-Instruct,nf4,fewshot,low_light,1,88,beignets,bread pudding,0.9,0.851240873336792,0,contains,2,Answer: bread pudding | Confidence: 90
B,Qwen/Qwen2-VL-2B-Instruct,nf4,fewshot,low_light,1,89,beignets,bread pudding,0.9,0.9283407330513,0,contains,2,Answer: bread pudding | Confidence: 90
B,Qwen/Qwen2-VL-2B-Instruct,nf4,fewshot,low_light,1,90,beignets,beignets,0.9,0.9839357336362204,1,exact,3,Answer: beignets | Confidence: 90
B,Qwen/Qwen2-VL-2B-Instruct,nf4,fewshot,low_light,1,91,beignets,,,0.8391329720616341,0,empty,4,Beignets
B,Qwen/Qwen2-VL-2B-Instruct,nf4,fewshot,low_light,1,92,beignets,,,0.8543921113014221,0,empty,4,Beignets
B,Qwen/Qwen2-VL-2B-Instruct,nf4,fewshot,low_light,1,93,beignets,,,0.8418596833944321,0,empty,4,Beignets
B,Qwen/Qwen2-VL-2B-Instruct,nf4,fewshot,low_light,1,94,beignets,,,0.8429909348487854,0,empty,4,beignets
B,Qwen/Qwen2-VL-2B-Instruct,nf4,fewshot,low_light,1,95,beignets,,,0.865738183259964,0,empty,4,beignets
B,Qwen/Qwen2-VL-2B-Instruct,nf4,fewshot,low_light,1,96,beignets,,,0.8640252351760864,0,empty,4,beignets
B,Qwen/Qwen2-VL-2B-Instruct,nf4,fewshot,low_light,1,97,beignets,,,0.858755998313427,0,empty,4,beignets
B,Qwen/Qwen2-VL-2B-Instruct,nf4,fewshot,low_light,1,98,beignets,,,0.8730597048997879,0,empty,4,beignets
B,Qwen/Qwen2-VL-2B-Instruct,nf4,fewshot,low_light,1,99,beignets,,,0.841158390045166,0,empty,4,Beignets
B,Qwen/Qwen2-VL-2B-Instruct,nf4,fewshot,low_light,2,0,beignets,,,0.8529344573616982,0,empty,4,Beignets
B,Qwen/Qwen2-VL-2B-Instruct,nf4,fewshot,low_light,2,1,beignets,,,0.8321250975131989,0,empty,4,beignets
B,Qwen/Qwen2-VL-2B-Instruct,nf4,fewshot,low_light,2,2,beignets,beignets,0.9,0.9668189287185668,1,exact,3,Answer: beignets | Confidence: 90
B,Qwen/Qwen2-VL-2B-Instruct,nf4,fewshot,low_light,2,3,beignets,,,0.4979650825262069,0,empty,2,pizza
B,Qwen/Qwen2-VL-2B-Instruct,nf4,fewshot,low_light,2,4,beignets,,,0.856208898127079,0,empty,4,beignets
B,Qwen/Qwen2-VL-2B-Instruct,nf4,fewshot,low_light,2,5,beignets,,,0.8288164958357811,0,empty,4,beignets
B,Qwen/Qwen2-VL-2B-Instruct,nf4,fewshot,low_light,2,6,beignets,,,0.8984869867563248,0,empty,4,beignets
B,Qwen/Qwen2-VL-2B-Instruct,nf4,fewshot,low_light,2,7,beignets,,,0.845528244972229,0,empty,4,Beignets
B,Qwen/Qwen2-VL-2B-Instruct,nf4,fewshot,low_light,2,8,beignets,fried calamari,0.85,0.9430540204048156,0,contains,3,Answer: fried calamari | Confidence: 85
B,Qwen/Qwen2-VL-2B-Instruct,nf4,fewshot,low_light,2,9,beignets,beignets,0.9,0.9842044512430826,1,exact,3,Answer: beignets | Confidence: 90
B,Qwen/Qwen2-VL-2B-Instruct,nf4,fewshot,low_light,2,10,beignets,,,0.8491251319646835,0,empty,4,Beignets
B,Qwen/Qwen2-VL-2B-Instruct,nf4,fewshot,low_light,2,11,beignets,,,0.8493360280990601,0,empty,4,Beignets
B,Qwen/Qwen2-VL-2B-Instruct,nf4,fewshot,low_light,2,12,beignets,creme brulee,0.8,0.8517216920852662,0,contains,5,Answer: creme brulee | Confidence: 80
B,Qwen/Qwen2-VL-2B-Instruct,nf4,fewshot,low_light,2,13,beignets,,,0.8260755985975266,0,empty,4,beignets
B,Qwen/Qwen2-VL-2B-Instruct,nf4,fewshot,low_light,2,14,beignets,,,0.8468714877963066,0,empty,4,beignets
B,Qwen/Qwen2-VL-2B-Instruct,nf4,fewshot,low_light,2,15,beignets,,,0.8767808973789215,0,empty,4,beignets
B,Qwen/Qwen2-VL-2B-Instruct,nf4,fewshot,low_light,2,16,beignets,beignets,0.9,0.986512025197347,1,exact,3,Answer: beignets | Confidence: 90
B,Qwen/Qwen2-VL-2B-Instruct,nf4,fewshot,low_light,2,17,beignets,,,0.8678271844983101,0,empty,4,beignets
B,Qwen/Qwen2-VL-2B-Instruct,nf4,fewshot,low_light,2,18,beignets,,,0.8601702451705933,0,empty,4,beignets
B,Qwen/Qwen2-VL-2B-Instruct,nf4,fewshot,low_light,2,19,beignets,,,0.7985047623515129,0,empty,4,beignets
B,Qwen/Qwen2-VL-2B-Instruct,nf4,fewshot,low_light,2,20,beignets,,,0.805280789732933,0,empty,4,beignets
B,Qwen/Qwen2-VL-2B-Instruct,nf4,fewshot,low_light,2,21,beignets,fried calamari,0.9,0.9559241731961567,0,contains,3,Answer: fried calamari | Confidence: 90
B,Qwen/Qwen2-VL-2B-Instruct,nf4,fewshot,low_light,2,22,beignets,,,0.872884601354599,0,empty,4,beignets
B,Qwen/Qwen2-VL-2B-Instruct,nf4,fewshot,low_light,2,23,beignets,,,0.8401214703917503,0,empty,4,beignets
B,Qwen/Qwen2-VL-2B-Instruct,nf4,fewshot,low_light,2,24,beignets,,,0.8502444252371788,0,empty,4,beignets
B,Qwen/Qwen2-VL-2B-Instruct,nf4,fewshot,low_light,2,25,beignets,,,0.864509217441082,0,empty,4,Beignets
B,Qwen/Qwen2-VL-2B-Instruct,nf4,fewshot,low_light,2,26,beignets,,,0.8559650704264641,0,empty,4,beignets
B,Qwen/Qwen2-VL-2B-Instruct,nf4,fewshot,low_light,2,27,beignets,,,0.8523301333189011,0,empty,4,Beignets
B,Qwen/Qwen2-VL-2B-Instruct,nf4,fewshot,low_light,2,28,beignets,,,0.8450409397482872,0,empty,4,beignets
B,Qwen/Qwen2-VL-2B-Instruct,nf4,fewshot,low_light,2,29,beignets,,,0.877416580915451,0,empty,4,beignets
B,Qwen/Qwen2-VL-2B-Instruct,nf4,fewshot,low_light,2,30,beignets,,,0.8439212962985039,0,empty,4,beignets
B,Qwen/Qwen2-VL-2B-Instruct,nf4,fewshot,low_light,2,31,beignets,beignets,0.9,0.9821856220563252,1,exact,3,Answer: beignets | Confidence: 90
B,Qwen/Qwen2-VL-2B-Instruct,nf4,fewshot,low_light,2,32,beignets,,,0.8302796110510826,0,empty,4,Beignets
B,Qwen/Qwen2-VL-2B-Instruct,nf4,fewshot,low_light,2,33,beignets,,,0.8766311705112457,0,empty,4,beignets
B,Qwen/Qwen2-VL-2B-Instruct,nf4,fewshot,low_light,2,34,beignets,,,0.845625527203083,0,empty,4,beignets
B,Qwen/Qwen2-VL-2B-Instruct,nf4,fewshot,low_light,2,35,beignets,,,0.8227191790938377,0,empty,4,beignets
B,Qwen/Qwen2-VL-2B-Instruct,nf4,fewshot,low_light,2,36,beignets,,,0.8854723274707794,0,empty,4,beignets
B,Qwen/Qwen2-VL-2B-Instruct,nf4,fewshot,low_light,2,37,beignets,,,0.822951078414917,0,empty,4,Beignets
B,Qwen/Qwen2-VL-2B-Instruct,nf4,fewshot,low_light,2,38,beignets,,,0.8541388586163521,0,empty,4,beignets
B,Qwen/Qwen2-VL-2B-Instruct,nf4,fewshot,low_light,2,39,beignets,,,0.9165773391723632,0,empty,4,beignets
B,Qwen/Qwen2-VL-2B-Instruct,nf4,fewshot,low_light,2,40,beignets,,,0.8394146263599396,0,empty,4,beignets
B,Qwen/Qwen2-VL-2B-Instruct,nf4,fewshot,low_light,2,41,beignets,,,0.8891400843858719,0,empty,4,beignets
B,Qwen/Qwen2-VL-2B-Instruct,nf4,fewshot,low_light,2,42,beignets,,,0.8659683614969254,0,empty,4,Beignets
B,Qwen/Qwen2-VL-2B-Instruct,nf4,fewshot,low_light,2,43,beignets,,,0.8303248658776283,0,empty,4,beignets
B,Qwen/Qwen2-VL-2B-Instruct,nf4,fewshot,low_light,2,44,beignets,,,0.8902300000190735,0,empty,4,beignets
B,Qwen/Qwen2-VL-2B-Instruct,nf4,fewshot,low_light,2,45,beignets,,,0.927228569984436,0,empty,3,French toast
B,Qwen/Qwen2-VL-2B-Instruct,nf4,fewshot,low_light,2,46,beignets,,,0.8809215724468231,0,empty,4,beignets
B,Qwen/Qwen2-VL-2B-Instruct,nf4,fewshot,low_light,2,47,beignets,scallops,0.9,0.7552799880504608,0,contains,2,Answer: scallops | Confidence: 90
B,Qwen/Qwen2-VL-2B-Instruct,nf4,fewshot,low_light,2,48,beignets,,,0.8345215618610382,0,empty,4,Beignets
B,Qwen/Qwen2-VL-2B-Instruct,nf4,fewshot,low_light,2,49,beignets,,,0.8634763956069946,0,empty,4,beignets
B,Qwen/Qwen2-VL-2B-Instruct,nf4,fewshot,low_light,2,50,beignets,lobster roll sandwich,0.9,0.9289028445879618,0,contains,3,Answer: lobster roll sandwich | Confidence: 90
B,Qwen/Qwen2-VL-2B-Instruct,nf4,fewshot,low_light,2,51,beignets,beignets,0.9,0.9828819831212362,1,exact,3,Answer: beignets | Confidence: 90
B,Qwen/Qwen2-VL-2B-Instruct,nf4,fewshot,low_light,2,52,beignets,beignets,0.9,0.97023735443751,1,exact,3,Answer: beignets | Confidence: 90
B,Qwen/Qwen2-VL-2B-Instruct,nf4,fewshot,low_light,2,53,beignets,,,0.8345511332154274,0,empty,4,beignets
B,Qwen/Qwen2-VL-2B-Instruct,nf4,fewshot,low_light,2,54,beignets,,,0.8533765897154808,0,empty,4,beignets
B,Qwen/Qwen2-VL-2B-Instruct,nf4,fewshot,low_light,2,55,beignets,,,0.8617279753088951,0,empty,4,beignets
B,Qwen/Qwen2-VL-2B-Instruct,nf4,fewshot,low_light,2,56,beignets,,,0.6971971541643143,0,empty,2,pizza
B,Qwen/Qwen2-VL-2B-Instruct,nf4,fewshot,low_light,2,57,beignets,,,0.8606174439191818,0,empty,4,beignets
B,Qwen/Qwen2-VL-2B-Instruct,nf4,fewshot,low_light,2,58,beignets,,,0.8438373133540154,0,empty,4,Beignets
B,Qwen/Qwen2-VL-2B-Instruct,nf4,fewshot,low_light,2,59,beignets,,,0.8395194187760353,0,empty,4,beignets
B,Qwen/Qwen2-VL-2B-Instruct,nf4,fewshot,low_light,2,60,beignets,pizza,0.85,0.3733859360218048,0,nomatch,1,Answer: pizza | Confidence: 85
B,Qwen/Qwen2-VL-2B-Instruct,nf4,fewshot,low_light,2,61,beignets,,,0.8435385525226593,0,empty,4,beignets
B,Qwen/Qwen2-VL-2B-Instruct,nf4,fewshot,low_light,2,62,beignets,,,0.8584829568862915,0,empty,4,Beignets
B,Qwen/Qwen2-VL-2B-Instruct,nf4,fewshot,low_light,2,63,beignets,beignets,0.9,0.7755124866962433,1,exact,3,Answer: beignets | Confidence: 90
B,Qwen/Qwen2-VL-2B-Instruct,nf4,fewshot,low_light,2,64,beignets,,,0.8686084449291229,0,empty,4,beignets
B,Qwen/Qwen2-VL-2B-Instruct,nf4,fewshot,low_light,2,65,beignets,,,0.8521315529942513,0,empty,4,beignets
B,Qwen/Qwen2-VL-2B-Instruct,nf4,fewshot,low_light,2,66,beignets,,,0.8723647594451904,0,empty,4,beignets
B,Qwen/Qwen2-VL-2B-Instruct,nf4,fewshot,low_light,2,67,beignets,pizza,0.85,0.9190590977668762,0,nomatch,1,Answer: pizza | Confidence: 85
B,Qwen/Qwen2-VL-2B-Instruct,nf4,fewshot,low_light,2,68,beignets,,,0.8725113868713379,0,empty,4,Beignets
B,Qwen/Qwen2-VL-2B-Instruct,nf4,fewshot,low_light,2,69,beignets,,,0.8815766870975494,0,empty,4,beignets
B,Qwen/Qwen2-VL-2B-Instruct,nf4,fewshot,low_light,2,70,beignets,,,0.8633352145552635,0,empty,4,Beignets
B,Qwen/Qwen2-VL-2B-Instruct,nf4,fewshot,low_light,2,71,beignets,,,0.820180855691433,0,empty,4,beignets
B,Qwen/Qwen2-VL-2B-Instruct,nf4,fewshot,low_light,2,72,beignets,beignets,0.9,0.9580728809038798,1,exact,3,Answer: beignets | Confidence: 90
B,Qwen/Qwen2-VL-2B-Instruct,nf4,fewshot,low_light,2,73,beignets,beignets,0.9,0.988248606522878,1,exact,3,Answer: beignets | Confidence: 90
B,Qwen/Qwen2-VL-2B-Instruct,nf4,fewshot,low_light,2,74,beignets,,,0.8861587345600128,0,empty,4,beignets
B,Qwen/Qwen2-VL-2B-Instruct,nf4,fewshot,low_light,2,75,beignets,,,0.8434432744979858,0,empty,4,beignets
B,Qwen/Qwen2-VL-2B-Instruct,nf4,fewshot,low_light,2,76,beignets,,,0.8280492499470711,0,empty,4,Beignets
B,Qwen/Qwen2-VL-2B-Instruct,nf4,fewshot,low_light,2,77,beignets,pizza,0.9,0.6142091155052185,0,nomatch,1,Answer: pizza | Confidence: 90
B,Qwen/Qwen2-VL-2B-Instruct,nf4,fewshot,low_light,2,78,beignets,,,0.8205060288310051,0,empty,4,beignets
B,Qwen/Qwen2-VL-2B-Instruct,nf4,fewshot,low_light,2,79,beignets,,,0.8513120785355568,0,empty,4,Beignets
B,Qwen/Qwen2-VL-2B-Instruct,nf4,fewshot,low_light,2,80,beignets,,,0.8892243951559067,0,empty,4,Beignets
B,Qwen/Qwen2-VL-2B-Instruct,nf4,fewshot,low_light,2,81,beignets,,,0.8734943270683289,0,empty,4,beignets
B,Qwen/Qwen2-VL-2B-Instruct,nf4,fewshot,low_light,2,82,beignets,,,0.8556076139211655,0,empty,4,Beignets
B,Qwen/Qwen2-VL-2B-Instruct,nf4,fewshot,low_light,2,83,beignets,crab,0.9,0.2585899531841278,0,nomatch,1,Answer: crab | Confidence: 90
B,Qwen/Qwen2-VL-2B-Instruct,nf4,fewshot,low_light,2,84,beignets,beignets,0.9,0.8399163484573364,1,exact,3,Answer: beignets | Confidence: 90
B,Qwen/Qwen2-VL-2B-Instruct,nf4,fewshot,low_light,2,85,beignets,,,0.8624039068818092,0,empty,4,Beignets
B,Qwen/Qwen2-VL-2B-Instruct,nf4,fewshot,low_light,2,86,beignets,beignets,0.9,0.9645487666130066,1,exact,3,Answer: beignets | Confidence: 90
B,Qwen/Qwen2-VL-2B-Instruct,nf4,fewshot,low_light,2,87,beignets,,,0.8242807313799858,0,empty,4,Beignets
B,Qwen/Qwen2-VL-2B-Instruct,nf4,fewshot,low_light,2,88,beignets,bread pudding,0.9,0.767929345369339,0,contains,2,Answer: bread pudding | Confidence: 90
B,Qwen/Qwen2-VL-2B-Instruct,nf4,fewshot,low_light,2,89,beignets,bread pudding,0.9,0.8896059393882751,0,contains,2,Answer: bread pudding | Confidence: 90
B,Qwen/Qwen2-VL-2B-Instruct,nf4,fewshot,low_light,2,90,beignets,beignets,0.9,0.9841217199961344,1,exact,3,Answer: beignets | Confidence: 90
B,Qwen/Qwen2-VL-2B-Instruct,nf4,fewshot,low_light,2,91,beignets,,,0.8541957810521126,0,empty,4,beignets
B,Qwen/Qwen2-VL-2B-Instruct,nf4,fewshot,low_light,2,92,beignets,,,0.8656281679868698,0,empty,4,beignets
B,Qwen/Qwen2-VL-2B-Instruct,nf4,fewshot,low_light,2,93,beignets,,,0.8472904190421104,0,empty,4,Beignets
B,Qwen/Qwen2-VL-2B-Instruct,nf4,fewshot,low_light,2,94,beignets,,,0.8441827520728111,0,empty,4,beignets
B,Qwen/Qwen2-VL-2B-Instruct,nf4,fewshot,low_light,2,95,beignets,,,0.885788083076477,0,empty,4,beignets
B,Qwen/Qwen2-VL-2B-Instruct,nf4,fewshot,low_light,2,96,beignets,,,0.8786726593971252,0,empty,4,beignets
B,Qwen/Qwen2-VL-2B-Instruct,nf4,fewshot,low_light,2,97,beignets,,,0.5921294614672661,0,empty,2,cake
B,Qwen/Qwen2-VL-2B-Instruct,nf4,fewshot,low_light,2,98,beignets,,,0.8911694288253784,0,empty,4,beignets
B,Qwen/Qwen2-VL-2B-Instruct,nf4,fewshot,low_light,2,99,beignets,,,0.8293615952134132,0,empty,4,beignets
B,Qwen/Qwen2-VL-2B-Instruct,nf4,fewshot,low_light,3,0,beignets,,,0.8067915812134743,0,empty,4,beignets
B,Qwen/Qwen2-VL-2B-Instruct,nf4,fewshot,low_light,3,1,beignets,gyoza,0.85,0.7743329405784607,0,contains,3,Answer: gyoza | Confidence: 85
B,Qwen/Qwen2-VL-2B-Instruct,nf4,fewshot,low_light,3,2,beignets,,,0.7992722615599632,0,empty,4,beignets
B,Qwen/Qwen2-VL-2B-Instruct,nf4,fewshot,low_light,3,3,beignets,,,0.4983282685279846,0,empty,2,pizza
B,Qwen/Qwen2-VL-2B-Instruct,nf4,fewshot,low_light,3,4,beignets,,,0.8600596189498901,0,empty,4,beignets
B,Qwen/Qwen2-VL-2B-Instruct,nf4,fewshot,low_light,3,5,beignets,,,0.8531443029642105,0,empty,4,Beignets
B,Qwen/Qwen2-VL-2B-Instruct,nf4,fewshot,low_light,3,6,beignets,,,0.9009019583463668,0,empty,4,beignets
B,Qwen/Qwen2-VL-2B-Instruct,nf4,fewshot,low_light,3,7,beignets,,,0.838311031460762,0,empty,4,Beignets
B,Qwen/Qwen2-VL-2B-Instruct,nf4,fewshot,low_light,3,8,beignets,,,0.8296140655875206,0,empty,4,Dumplings
B,Qwen/Qwen2-VL-2B-Instruct,nf4,fewshot,low_light,3,9,beignets,beignets,0.8,0.9584100842475892,1,exact,3,Answer: beignets | Confidence: 80
B,Qwen/Qwen2-VL-2B-Instruct,nf4,fewshot,low_light,3,10,beignets,cannoli,0.9,0.7886621356010437,0,contains,2,Answer: cannoli | Confidence: 90
B,Qwen/Qwen2-VL-2B-Instruct,nf4,fewshot,low_light,3,11,beignets,,,0.8568220734596252,0,empty,4,beignets
B,Qwen/Qwen2-VL-2B-Instruct,nf4,fewshot,low_light,3,12,beignets,creme brulee,0.8,0.8705810487270356,0,contains,5,Answer: creme brulee | Confidence: 80
B,Qwen/Qwen2-VL-2B-Instruct,nf4,fewshot,low_light,3,13,beignets,,,0.7935902774333954,0,empty,4,beignets
B,Qwen/Qwen2-VL-2B-Instruct,nf4,fewshot,low_light,3,14,beignets,,,0.8811028897762299,0,empty,4,beignets
B,Qwen/Qwen2-VL-2B-Instruct,nf4,fewshot,low_light,3,15,beignets,scallops,0.85,0.6968317329883575,0,contains,2,Answer: scallops | Confidence: 85
B,Qwen/Qwen2-VL-2B-Instruct,nf4,fewshot,low_light,3,16,beignets,pizza,0.9,0.3837209343910217,0,nomatch,1,Answer: pizza | Confidence: 90
B,Qwen/Qwen2-VL-2B-Instruct,nf4,fewshot,low_light,3,17,beignets,,,0.7920849621295929,0,empty,4,beignets
B,Qwen/Qwen2-VL-2B-Instruct,nf4,fewshot,low_light,3,18,beignets,samosa,0.9,0.6798221468925476,0,contains,2,Answer: samosa | Confidence: 90
B,Qwen/Qwen2-VL-2B-Instruct,nf4,fewshot,low_light,3,19,beignets,,,0.8569471389055252,0,empty,4,beignets
B,Qwen/Qwen2-VL-2B-Instruct,nf4,fewshot,low_light,3,20,beignets,pizza,0.85,0.2698482573032379,0,nomatch,1,Answer: pizza | Confidence: 85
B,Qwen/Qwen2-VL-2B-Instruct,nf4,fewshot,low_light,3,21,beignets,fried calamari,0.9,0.8527209957440695,0,contains,3,Answer: fried calamari | Confidence: 90
B,Qwen/Qwen2-VL-2B-Instruct,nf4,fewshot,low_light,3,22,beignets,pizza,0.85,0.7465927004814148,0,nomatch,1,Answer: pizza | Confidence: 85
B,Qwen/Qwen2-VL-2B-Instruct,nf4,fewshot,low_light,3,23,beignets,,,0.7808153554797173,0,empty,4,beignets
B,Qwen/Qwen2-VL-2B-Instruct,nf4,fewshot,low_light,3,24,beignets,pizza,0.85,0.3940270841121673,0,nomatch,1,Answer: pizza | Confidence: 85
B,Qwen/Qwen2-VL-2B-Instruct,nf4,fewshot,low_light,3,25,beignets,club sandwich,0.9,0.6229247525334358,0,contains,2,Answer: club sandwich | Confidence: 90
B,Qwen/Qwen2-VL-2B-Instruct,nf4,fewshot,low_light,3,26,beignets,,,0.7247776389122009,0,empty,3,bread pudding
B,Qwen/Qwen2-VL-2B-Instruct,nf4,fewshot,low_light,3,27,beignets,,,0.833192341029644,0,empty,4,beignets
B,Qwen/Qwen2-VL-2B-Instruct,nf4,fewshot,low_light,3,28,beignets,,,0.8492420315742493,0,empty,4,Beignets
B,Qwen/Qwen2-VL-2B-Instruct,nf4,fewshot,low_light,3,29,beignets,,,0.8159379288554192,0,empty,4,beignets
B,Qwen/Qwen2-VL-2B-Instruct,nf4,fewshot,low_light,3,30,beignets,garlic bread,0.9,0.8811007440090179,0,contains,2,Answer: garlic bread | Confidence: 90
B,Qwen/Qwen2-VL-2B-Instruct,nf4,fewshot,low_light,3,31,beignets,pizza,0.9,0.3435645699501037,0,nomatch,1,Answer: pizza | Confidence: 90
B,Qwen/Qwen2-VL-2B-Instruct,nf4,fewshot,low_light,3,32,beignets,beignets,0.9,0.78135613600413,1,exact,3,Answer: beignets | Confidence: 90
B,Qwen/Qwen2-VL-2B-Instruct,nf4,fewshot,low_light,3,33,beignets,,,0.8565228506922722,0,empty,4,beignets
B,Qwen/Qwen2-VL-2B-Instruct,nf4,fewshot,low_light,3,34,beignets,panna cotta,0.9,0.8317447230219841,0,contains,4,Answer: panna cotta | Confidence: 90
B,Qwen/Qwen2-VL-2B-Instruct,nf4,fewshot,low_light,3,35,beignets,,,0.8213633224368095,0,empty,4,beignets
B,Qwen/Qwen2-VL-2B-Instruct,nf4,fewshot,low_light,3,36,beignets,pizza,0.9,0.3156924545764923,0,nomatch,1,Answer: pizza | Confidence: 90
B,Qwen/Qwen2-VL-2B-Instruct,nf4,fewshot,low_light,3,37,beignets,pizza,0.85,0.3263371288776397,0,nomatch,1,Answer: pizza | Confidence: 85
B,Qwen/Qwen2-VL-2B-Instruct,nf4,fewshot,low_light,3,38,beignets,,,0.8504699096083641,0,empty,4,beignets
B,Qwen/Qwen2-VL-2B-Instruct,nf4,fewshot,low_light,3,39,beignets,,,0.8938306868076324,0,empty,4,beignets
B,Qwen/Qwen2-VL-2B-Instruct,nf4,fewshot,low_light,3,40,beignets,pizza,0.85,0.5080791115760803,0,nomatch,1,Answer: pizza | Confidence: 85
B,Qwen/Qwen2-VL-2B-Instruct,nf4,fewshot,low_light,3,41,beignets,,,0.8898506611585617,0,empty,4,beignets
B,Qwen/Qwen2-VL-2B-Instruct,nf4,fewshot,low_light,3,42,beignets,,,0.8324433043599129,0,empty,4,Beignets
B,Qwen/Qwen2-VL-2B-Instruct,nf4,fewshot,low_light,3,43,beignets,beignets,0.85,0.7731801668802897,1,exact,3,Answer: beignets | Confidence: 85
B,Qwen/Qwen2-VL-2B-Instruct,nf4,fewshot,low_light,3,44,beignets,,,0.4232546836137771,0,empty,2,pizza
B,Qwen/Qwen2-VL-2B-Instruct,nf4,fewshot,low_light,3,45,beignets,,,0.9135958751042684,0,empty,3,French toast
B,Qwen/Qwen2-VL-2B-Instruct,nf4,fewshot,low_light,3,46,beignets,,,0.7978981621563435,0,empty,4,beignets
B,Qwen/Qwen2-VL-2B-Instruct,nf4,fewshot,low_light,3,47,beignets,pizza,0.85,0.4524834454059601,0,nomatch,1,Answer: pizza | Confidence: 85
B,Qwen/Qwen2-VL-2B-Instruct,nf4,fewshot,low_light,3,48,beignets,,,0.90423122048378,0,empty,4,beignets
B,Qwen/Qwen2-VL-2B-Instruct,nf4,fewshot,low_light,3,49,beignets,,,0.876738652586937,0,empty,4,beignets
B,Qwen/Qwen2-VL-2B-Instruct,nf4,fewshot,low_light,3,50,beignets,pizza,0.85,0.3851569294929504,0,nomatch,1,Answer: pizza | Confidence: 85
B,Qwen/Qwen2-VL-2B-Instruct,nf4,fewshot,low_light,3,51,beignets,pizza,0.85,0.6371975541114807,0,nomatch,1,Answer: pizza | Confidence: 85
B,Qwen/Qwen2-VL-2B-Instruct,nf4,fewshot,low_light,3,52,beignets,,,0.8369260802865028,0,empty,4,beignets
B,Qwen/Qwen2-VL-2B-Instruct,nf4,fewshot,low_light,3,53,beignets,,,0.8397492095828056,0,empty,4,Beignets
B,Qwen/Qwen2-VL-2B-Instruct,nf4,fewshot,low_light,3,54,beignets,,,0.8803840130567551,0,empty,4,beignets
B,Qwen/Qwen2-VL-2B-Instruct,nf4,fewshot,low_light,3,55,beignets,,,0.8536568656563759,0,empty,4,beignets
B,Qwen/Qwen2-VL-2B-Instruct,nf4,fewshot,low_light,3,56,beignets,,,0.6053352802991867,0,empty,2,pizza
B,Qwen/Qwen2-VL-2B-Instruct,nf4,fewshot,low_light,3,57,beignets,pizza,0.85,0.2780412435531616,0,nomatch,1,Answer: pizza | Confidence: 85
B,Qwen/Qwen2-VL-2B-Instruct,nf4,fewshot,low_light,3,58,beignets,,,0.8306091353297234,0,empty,4,Beignets
B,Qwen/Qwen2-VL-2B-Instruct,nf4,fewshot,low_light,3,59,beignets,beignets,0.9,0.7901876866817474,1,exact,3,Answer: beignets | Confidence: 90
B,Qwen/Qwen2-VL-2B-Instruct,nf4,fewshot,low_light,3,60,beignets,,,0.7980533391237259,0,empty,4,beignets
B,Qwen/Qwen2-VL-2B-Instruct,nf4,fewshot,low_light,3,61,beignets,,,0.8508411794900894,0,empty,4,beignets
B,Qwen/Qwen2-VL-2B-Instruct,nf4,fewshot,low_light,3,62,beignets,,,0.8442601412534714,0,empty,4,Beignets
B,Qwen/Qwen2-VL-2B-Instruct,nf4,fewshot,low_light,3,63,beignets,cheesecake,0.9,0.6397109925746918,0,contains,2,Answer: cheesecake | Confidence: 90
B,Qwen/Qwen2-VL-2B-Instruct,nf4,fewshot,low_light,3,64,beignets,,,0.8607326373457909,0,empty,4,beignets
B,Qwen/Qwen2-VL-2B-Instruct,nf4,fewshot,low_light,3,65,beignets,,,0.8599108979105949,0,empty,4,beignets
B,Qwen/Qwen2-VL-2B-Instruct,nf4,fewshot,low_light,3,66,beignets,,,0.8586541265249252,0,empty,4,beignets
B,Qwen/Qwen2-VL-2B-Instruct,nf4,fewshot,low_light,3,67,beignets,pizza,0.85,0.8002945780754089,0,nomatch,1,Answer: pizza | Confidence: 85
B,Qwen/Qwen2-VL-2B-Instruct,nf4,fewshot,low_light,3,68,beignets,,,0.7830238118767738,0,empty,4,Beignets
B,Qwen/Qwen2-VL-2B-Instruct,nf4,fewshot,low_light,3,69,beignets,,,0.8667019084095955,0,empty,4,beignets
B,Qwen/Qwen2-VL-2B-Instruct,nf4,fewshot,low_light,3,70,beignets,,,0.8614185974001884,0,empty,4,beignets
B,Qwen/Qwen2-VL-2B-Instruct,nf4,fewshot,low_light,3,71,beignets,takoyaki,0.9,0.7968369921048483,0,contains,3,Answer: takoyaki | Confidence: 90
B,Qwen/Qwen2-VL-2B-Instruct,nf4,fewshot,low_light,3,72,beignets,,,0.8302103132009506,0,empty,4,beignets
B,Qwen/Qwen2-VL-2B-Instruct,nf4,fewshot,low_light,3,73,beignets,beignets,0.9,0.9883598287900288,1,exact,3,Answer: beignets | Confidence: 90
B,Qwen/Qwen2-VL-2B-Instruct,nf4,fewshot,low_light,3,74,beignets,pizza,0.85,0.612977921962738,0,nomatch,1,Answer: pizza | Confidence: 85
B,Qwen/Qwen2-VL-2B-Instruct,nf4,fewshot,low_light,3,75,beignets,,,0.7968161031603813,0,empty,4,beignets
B,Qwen/Qwen2-VL-2B-Instruct,nf4,fewshot,low_light,3,76,beignets,,,0.8306771889328957,0,empty,4,beignets
B,Qwen/Qwen2-VL-2B-Instruct,nf4,fewshot,low_light,3,77,beignets,pizza,0.9,0.7671103477478027,0,nomatch,1,Answer: pizza | Confidence: 90
B,Qwen/Qwen2-VL-2B-Instruct,nf4,fewshot,low_light,3,78,beignets,,,0.7988784536719322,0,empty,4,beignets
B,Qwen/Qwen2-VL-2B-Instruct,nf4,fewshot,low_light,3,79,beignets,pizza,0.85,0.829108476638794,0,nomatch,1,Answer: pizza | Confidence: 85
B,Qwen/Qwen2-VL-2B-Instruct,nf4,fewshot,low_light,3,80,beignets,,,0.880876749753952,0,empty,4,beignets
B,Qwen/Qwen2-VL-2B-Instruct,nf4,fewshot,low_light,3,81,beignets,,,0.8762701898813248,0,empty,4,beignets
B,Qwen/Qwen2-VL-2B-Instruct,nf4,fewshot,low_light,3,82,beignets,,,0.8057217188179493,0,empty,4,beignets
B,Qwen/Qwen2-VL-2B-Instruct,nf4,fewshot,low_light,3,83,beignets,tiramisu,0.9,0.7947581708431244,0,contains,3,Answer: tiramisu | Confidence: 90
B,Qwen/Qwen2-VL-2B-Instruct,nf4,fewshot,low_light,3,84,beignets,beignets,0.9,0.7687821884950002,1,exact,3,Answer: beignets | Confidence: 90
B,Qwen/Qwen2-VL-2B-Instruct,nf4,fewshot,low_light,3,85,beignets,pizza,0.9,0.5306680202484131,0,contains,1,Answer: pizza | Confidence: 90
B,Qwen/Qwen2-VL-2B-Instruct,nf4,fewshot,low_light,3,86,beignets,pizza,0.85,0.6774876713752747,0,nomatch,1,Answer: pizza | Confidence: 85
B,Qwen/Qwen2-VL-2B-Instruct,nf4,fewshot,low_light,3,87,beignets,,,0.8413899019360542,0,empty,4,Beignets
B,Qwen/Qwen2-VL-2B-Instruct,nf4,fewshot,low_light,3,88,beignets,bread pudding,0.9,0.7018538117408752,0,contains,2,Answer: bread pudding | Confidence: 90
B,Qwen/Qwen2-VL-2B-Instruct,nf4,fewshot,low_light,3,89,beignets,bread pudding,0.9,0.9215233027935028,0,contains,2,Answer: bread pudding | Confidence: 90
B,Qwen/Qwen2-VL-2B-Instruct,nf4,fewshot,low_light,3,90,beignets,beignets,0.9,0.9821929534276328,1,exact,3,Answer: beignets | Confidence: 90
B,Qwen/Qwen2-VL-2B-Instruct,nf4,fewshot,low_light,3,91,beignets,,,0.8387456014752388,0,empty,4,beignets
B,Qwen/Qwen2-VL-2B-Instruct,nf4,fewshot,low_light,3,92,beignets,lobster roll sandwich,0.9,0.7997657954692841,0,contains,3,Answer: lobster roll sandwich | Confidence: 90
B,Qwen/Qwen2-VL-2B-Instruct,nf4,fewshot,low_light,3,93,beignets,,,0.86799306422472,0,empty,4,Beignets
B,Qwen/Qwen2-VL-2B-Instruct,nf4,fewshot,low_light,3,94,beignets,,,0.8596565201878548,0,empty,4,beignets
B,Qwen/Qwen2-VL-2B-Instruct,nf4,fewshot,low_light,3,95,beignets,,,0.9095495045185088,0,empty,4,beignets
B,Qwen/Qwen2-VL-2B-Instruct,nf4,fewshot,low_light,3,96,beignets,,,0.8793322294950485,0,empty,4,beignets
B,Qwen/Qwen2-VL-2B-Instruct,nf4,fewshot,low_light,3,97,beignets,pizza,0.85,0.21749147772789,0,nomatch,1,Answer: pizza | Confidence: 85
B,Qwen/Qwen2-VL-2B-Instruct,nf4,fewshot,low_light,3,98,beignets,,,0.8956553339958191,0,empty,4,beignets
B,Qwen/Qwen2-VL-2B-Instruct,nf4,fewshot,low_light,3,99,beignets,pizza,0.85,0.5977649688720703,0,nomatch,1,Answer: pizza | Confidence: 85
B,Qwen/Qwen2-VL-2B-Instruct,nf4,fewshot,motion_blur,1,0,beignets,beignets,0.9,0.9756875236829122,1,exact,3,Answer: beignets | Confidence: 90
B,Qwen/Qwen2-VL-2B-Instruct,nf4,fewshot,motion_blur,1,1,beignets,beignets,,0.8937017718950907,1,exact,3,Answer: beignets
B,Qwen/Qwen2-VL-2B-Instruct,nf4,fewshot,motion_blur,1,2,beignets,beignets,0.9,0.9422957301139832,1,exact,3,Answer: beignets | Confidence: 90
B,Qwen/Qwen2-VL-2B-Instruct,nf4,fewshot,motion_blur,1,3,beignets,beignets,0.9,0.9667989611625672,1,exact,3,Answer: beignets | Confidence: 90
B,Qwen/Qwen2-VL-2B-Instruct,nf4,fewshot,motion_blur,1,4,beignets,beignets,,0.985807240009308,1,exact,3,Answer: beignets
B,Qwen/Qwen2-VL-2B-Instruct,nf4,fewshot,motion_blur,1,5,beignets,beignets,,0.9697097738583884,1,exact,3,Answer: beignets
B,Qwen/Qwen2-VL-2B-Instruct,nf4,fewshot,motion_blur,1,6,beignets,beignets,,0.9352424343427024,1,exact,3,Answer: beignets
B,Qwen/Qwen2-VL-2B-Instruct,nf4,fewshot,motion_blur,1,7,beignets,beignets,,0.9801369309425354,1,exact,3,Answer: beignets
B,Qwen/Qwen2-VL-2B-Instruct,nf4,fewshot,motion_blur,1,8,beignets,fried calamari,0.85,0.9775894085566202,0,contains,3,Answer: fried calamari | Confidence: 85
B,Qwen/Qwen2-VL-2B-Instruct,nf4,fewshot,motion_blur,1,9,beignets,beignets,0.9,0.976056138674418,1,exact,3,Answer: beignets | Confidence: 90
B,Qwen/Qwen2-VL-2B-Instruct,nf4,fewshot,motion_blur,1,10,beignets,beignets,0.9,0.9460333585739136,1,exact,3,Answer: beignets | Confidence: 90
B,Qwen/Qwen2-VL-2B-Instruct,nf4,fewshot,motion_blur,1,11,beignets,beignets,0.9,0.9573581218719482,1,exact,3,Answer: beignets | Confidence: 90
B,Qwen/Qwen2-VL-2B-Instruct,nf4,fewshot,motion_blur,1,12,beignets,beignets,0.9,0.9609811703364054,1,exact,3,Answer: beignets | Confidence: 90
B,Qwen/Qwen2-VL-2B-Instruct,nf4,fewshot,motion_blur,1,13,beignets,beignets,0.9,0.9704966147740682,1,exact,3,Answer: beignets | Confidence: 90
B,Qwen/Qwen2-VL-2B-Instruct,nf4,fewshot,motion_blur,1,14,beignets,,,0.864128552377224,0,empty,4,Beignets
B,Qwen/Qwen2-VL-2B-Instruct,nf4,fewshot,motion_blur,1,15,beignets,beignets,0.9,0.9782424966494242,1,exact,3,Answer: beignets | Confidence: 90
B,Qwen/Qwen2-VL-2B-Instruct,nf4,fewshot,motion_blur,1,16,beignets,beignets,0.9,0.9759196241696676,1,exact,3,Answer: beignets | Confidence: 90
B,Qwen/Qwen2-VL-2B-Instruct,nf4,fewshot,motion_blur,1,17,beignets,beignets,,0.9767600099245708,1,exact,3,Answer: beignets
B,Qwen/Qwen2-VL-2B-Instruct,nf4,fewshot,motion_blur,1,18,beignets,beignets,0.9,0.969610850016276,1,exact,3,Answer: beignets | Confidence: 90
B,Qwen/Qwen2-VL-2B-Instruct,nf4,fewshot,motion_blur,1,19,beignets,beignets,0.9,0.9662414789199828,1,exact,3,Answer: beignets | Confidence: 90
B,Qwen/Qwen2-VL-2B-Instruct,nf4,fewshot,motion_blur,1,20,beignets,beignets,,0.9839262962341307,1,exact,3,Answer: beignets
B,Qwen/Qwen2-VL-2B-Instruct,nf4,fewshot,motion_blur,1,21,beignets,beignets,0.9,0.9232660134633384,1,exact,3,Answer: beignets | Confidence: 90
B,Qwen/Qwen2-VL-2B-Instruct,nf4,fewshot,motion_blur,1,22,beignets,beignets,0.9,0.9745203852653505,1,exact,3,Answer: beignets | Confidence: 90
B,Qwen/Qwen2-VL-2B-Instruct,nf4,fewshot,motion_blur,1,23,beignets,,,0.8413405492901802,0,empty,4,Beignets
B,Qwen/Qwen2-VL-2B-Instruct,nf4,fewshot,motion_blur,1,24,beignets,beignets,,0.937981367111206,1,exact,3,Answer: beignets
B,Qwen/Qwen2-VL-2B-Instruct,nf4,fewshot,motion_blur,1,25,beignets,beignets,0.9,0.9841957489649454,1,exact,3,Answer: beignets | Confidence: 90
B,Qwen/Qwen2-VL-2B-Instruct,nf4,fewshot,motion_blur,1,26,beignets,beignets,,0.9378995299339294,1,exact,3,Answer: beignets
B,Qwen/Qwen2-VL-2B-Instruct,nf4,fewshot,motion_blur,1,27,beignets,beignets,,0.9682475328445436,1,exact,3,Answer: beignets
B,Qwen/Qwen2-VL-2B-Instruct,nf4,fewshot,motion_blur,1,28,beignets,beignets,,0.9303122361501058,1,exact,3,Answer: beignets
B,Qwen/Qwen2-VL-2B-Instruct,nf4,fewshot,motion_blur,1,29,beignets,beignets,,0.9653021295865376,1,exact,3,Answer: beignets
B,Qwen/Qwen2-VL-2B-Instruct,nf4,fewshot,motion_blur,1,30,beignets,,,0.8674029260873795,0,empty,4,Beignets
B,Qwen/Qwen2-VL-2B-Instruct,nf4,fewshot,motion_blur,1,31,beignets,beignets,0.9,0.965928594271342,1,exact,3,Answer: beignets | Confidence: 90
B,Qwen/Qwen2-VL-2B-Instruct,nf4,fewshot,motion_blur,1,32,beignets,beignets,0.9,0.95020725329717,1,exact,3,Answer: beignets | Confidence: 90
B,Qwen/Qwen2-VL-2B-Instruct,nf4,fewshot,motion_blur,1,33,beignets,beignets,0.9,0.9861725568771362,1,exact,3,Answer: beignets | Confidence: 90
B,Qwen/Qwen2-VL-2B-Instruct,nf4,fewshot,motion_blur,1,34,beignets,beignets,,0.9775222937266032,1,exact,3,Answer: beignets
B,Qwen/Qwen2-VL-2B-Instruct,nf4,fewshot,motion_blur,1,35,beignets,,,0.8733342885971069,0,empty,4,Beignets
B,Qwen/Qwen2-VL-2B-Instruct,nf4,fewshot,motion_blur,1,36,beignets,beignets,0.9,0.9819824496905007,1,exact,3,Answer: beignets | Confidence: 90
B,Qwen/Qwen2-VL-2B-Instruct,nf4,fewshot,motion_blur,1,37,beignets,beignets,0.9,0.9856606125831604,1,exact,3,Answer: beignets | Confidence: 90
B,Qwen/Qwen2-VL-2B-Instruct,nf4,fewshot,motion_blur,1,38,beignets,beignets,,0.9619415402412416,1,exact,3,Answer: beignets
B,Qwen/Qwen2-VL-2B-Instruct,nf4,fewshot,motion_blur,1,39,beignets,,,0.8694427609443665,0,empty,4,beignets
B,Qwen/Qwen2-VL-2B-Instruct,nf4,fewshot,motion_blur,1,40,beignets,beignets,0.9,0.9809238513310752,1,exact,3,Answer: beignets | Confidence: 90
B,Qwen/Qwen2-VL-2B-Instruct,nf4,fewshot,motion_blur,1,41,beignets,,,0.8450730070471764,0,empty,4,Beignets
B,Qwen/Qwen2-VL-2B-Instruct,nf4,fewshot,motion_blur,1,42,beignets,beignets,,0.9682059288024902,1,exact,3,Answer: beignets
B,Qwen/Qwen2-VL-2B-Instruct,nf4,fewshot,motion_blur,1,43,beignets,beignets,,0.9699137608210244,1,exact,3,Answer: beignets
B,Qwen/Qwen2-VL-2B-Instruct,nf4,fewshot,motion_blur,1,44,beignets,beignets,,0.9548001488049824,1,exact,3,Answer: beignets
B,Qwen/Qwen2-VL-2B-Instruct,nf4,fewshot,motion_blur,1,45,beignets,beignets,,0.7988053858280182,1,exact,3,Answer: beignets
B,Qwen/Qwen2-VL-2B-Instruct,nf4,fewshot,motion_blur,1,46,beignets,,,0.8345764651894569,0,empty,4,Beignets
B,Qwen/Qwen2-VL-2B-Instruct,nf4,fewshot,motion_blur,1,47,beignets,beignets,,0.8891613483428955,1,exact,3,Answer: beignets
B,Qwen/Qwen2-VL-2B-Instruct,nf4,fewshot,motion_blur,1,48,beignets,beignets,,0.9641557733217876,1,exact,3,Answer: beignets
B,Qwen/Qwen2-VL-2B-Instruct,nf4,fewshot,motion_blur,1,49,beignets,beignets,0.9,0.9652419884999592,1,exact,3,Answer: beignets | Confidence: 90
B,Qwen/Qwen2-VL-2B-Instruct,nf4,fewshot,motion_blur,1,50,beignets,beignets,,0.9791786472002664,1,exact,3,Answer: beignets
B,Qwen/Qwen2-VL-2B-Instruct,nf4,fewshot,motion_blur,1,51,beignets,beignets,0.9,0.9866085052490234,1,exact,3,Answer: beignets | Confidence: 90
B,Qwen/Qwen2-VL-2B-Instruct,nf4,fewshot,motion_blur,1,52,beignets,beignets,,0.9574355085690816,1,exact,3,Answer: beignets
B,Qwen/Qwen2-VL-2B-Instruct,nf4,fewshot,motion_blur,1,53,beignets,beignets,0.9,0.9825101494789124,1,exact,3,Answer: beignets | Confidence: 90
B,Qwen/Qwen2-VL-2B-Instruct,nf4,fewshot,motion_blur,1,54,beignets,beignets,,0.9580865303675332,1,exact,3,Answer: beignets
B,Qwen/Qwen2-VL-2B-Instruct,nf4,fewshot,motion_blur,1,55,beignets,beignets,0.9,0.9741692940394084,1,exact,3,Answer: beignets | Confidence: 90
B,Qwen/Qwen2-VL-2B-Instruct,nf4,fewshot,motion_blur,1,56,beignets,beignets,,0.9763537645339966,1,exact,3,Answer: beignets
B,Qwen/Qwen2-VL-2B-Instruct,nf4,fewshot,motion_blur,1,57,beignets,beignets,,0.9401804606119792,1,exact,3,Answer: beignets
B,Qwen/Qwen2-VL-2B-Instruct,nf4,fewshot,motion_blur,1,58,beignets,beignets,0.9,0.977474590142568,1,exact,3,Answer: beignets | Confidence: 90
B,Qwen/Qwen2-VL-2B-Instruct,nf4,fewshot,motion_blur,1,59,beignets,beignets,0.9,0.9774993856747946,1,exact,3,Answer: beignets | Confidence: 90
B,Qwen/Qwen2-VL-2B-Instruct,nf4,fewshot,motion_blur,1,60,beignets,beignets,0.9,0.979560693105062,1,exact,3,Answer: beignets | Confidence: 90
B,Qwen/Qwen2-VL-2B-Instruct,nf4,fewshot,motion_blur,1,61,beignets,beignets,0.9,0.9870458245277404,1,exact,3,Answer: beignets | Confidence: 90
B,Qwen/Qwen2-VL-2B-Instruct,nf4,fewshot,motion_blur,1,62,beignets,beignets,,0.9503847559293112,1,exact,3,Answer: beignets
B,Qwen/Qwen2-VL-2B-Instruct,nf4,fewshot,motion_blur,1,63,beignets,beignets,0.9,0.9597176512082418,1,exact,3,Answer: beignets | Confidence: 90
B,Qwen/Qwen2-VL-2B-Instruct,nf4,fewshot,motion_blur,1,64,beignets,beignets,,0.9739920099576316,1,exact,3,Answer: beignets
B,Qwen/Qwen2-VL-2B-Instruct,nf4,fewshot,motion_blur,1,65,beignets,beignets,,0.9625259836514792,1,exact,3,Answer: beignets
B,Qwen/Qwen2-VL-2B-Instruct,nf4,fewshot,motion_blur,1,66,beignets,,,0.8844199776649475,0,empty,4,Beignets
B,Qwen/Qwen2-VL-2B-Instruct,nf4,fewshot,motion_blur,1,67,beignets,beignets,0.9,0.9876388708750408,1,exact,3,Answer: beignets | Confidence: 90
B,Qwen/Qwen2-VL-2B-Instruct,nf4,fewshot,motion_blur,1,68,beignets,beignets,0.9,0.9700945814450582,1,exact,3,Answer: beignets | Confidence: 90
B,Qwen/Qwen2-VL-2B-Instruct,nf4,fewshot,motion_blur,1,69,beignets,beignets,,0.9655183752377828,1,exact,3,Answer: beignets
B,Qwen/Qwen2-VL-2B-Instruct,nf4,fewshot,motion_blur,1,70,beignets,beignets,,0.9358898798624674,1,exact,3,Answer: beignets
B,Qwen/Qwen2-VL-2B-Instruct,nf4,fewshot,motion_blur,1,71,beignets,beignets,0.9,0.9865936438242594,1,exact,3,Answer: beignets | Confidence: 90
B,Qwen/Qwen2-VL-2B-Instruct,nf4,fewshot,motion_blur,1,72,beignets,beignets,0.9,0.961632251739502,1,exact,3,Answer: beignets | Confidence: 90
B,Qwen/Qwen2-VL-2B-Instruct,nf4,fewshot,motion_blur,1,73,beignets,beignets,0.9,0.9770542979240416,1,exact,3,Answer: beignets | Confidence: 90
B,Qwen/Qwen2-VL-2B-Instruct,nf4,fewshot,motion_blur,1,74,beignets,beignets,,0.9761629501978556,1,exact,3,Answer: beignets
B,Qwen/Qwen2-VL-2B-Instruct,nf4,fewshot,motion_blur,1,75,beignets,beignets,0.9,0.9902873237927756,1,exact,3,Answer: beignets | Confidence: 90
B,Qwen/Qwen2-VL-2B-Instruct,nf4,fewshot,motion_blur,1,76,beignets,beignets,0.9,0.9569509824117024,1,exact,3,Answer: beignets | Confidence: 90
B,Qwen/Qwen2-VL-2B-Instruct,nf4,fewshot,motion_blur,1,77,beignets,beignets,0.9,0.9711300532023112,1,exact,3,Answer: beignets | Confidence: 90
B,Qwen/Qwen2-VL-2B-Instruct,nf4,fewshot,motion_blur,1,78,beignets,beignets,0.9,0.97722727060318,1,exact,3,Answer: beignets | Confidence: 90
B,Qwen/Qwen2-VL-2B-Instruct,nf4,fewshot,motion_blur,1,79,beignets,beignets,0.9,0.985595186551412,1,exact,3,Answer: beignets | Confidence: 90
B,Qwen/Qwen2-VL-2B-Instruct,nf4,fewshot,motion_blur,1,80,beignets,beignets,,0.939169704914093,1,exact,3,Answer: beignets
B,Qwen/Qwen2-VL-2B-Instruct,nf4,fewshot,motion_blur,1,81,beignets,beignets,,0.8983381191889445,1,exact,3,Answer: beignets
B,Qwen/Qwen2-VL-2B-Instruct,nf4,fewshot,motion_blur,1,82,beignets,beignets,,0.8952356576919556,1,exact,3,Answer: beignets
B,Qwen/Qwen2-VL-2B-Instruct,nf4,fewshot,motion_blur,1,83,beignets,beignets,0.9,0.976478139559428,1,exact,3,Answer: beignets | Confidence: 90
B,Qwen/Qwen2-VL-2B-Instruct,nf4,fewshot,motion_blur,1,84,beignets,beignets,0.9,0.988282044728597,1,exact,3,Answer: beignets | Confidence: 90
B,Qwen/Qwen2-VL-2B-Instruct,nf4,fewshot,motion_blur,1,85,beignets,beignets,0.9,0.93112313747406,1,exact,3,Answer: beignets | Confidence: 90
B,Qwen/Qwen2-VL-2B-Instruct,nf4,fewshot,motion_blur,1,86,beignets,beignets,,0.9097570776939392,1,exact,3,Answer: beignets
B,Qwen/Qwen2-VL-2B-Instruct,nf4,fewshot,motion_blur,1,87,beignets,,,0.8426011353731155,0,empty,4,Beignets
B,Qwen/Qwen2-VL-2B-Instruct,nf4,fewshot,motion_blur,1,88,beignets,beignets,0.9,0.9797942042350768,1,exact,3,Answer: beignets | Confidence: 90
B,Qwen/Qwen2-VL-2B-Instruct,nf4,fewshot,motion_blur,1,89,beignets,bread pudding,0.9,0.6607915610074997,0,contains,2,Answer: bread pudding | Confidence: 90
B,Qwen/Qwen2-VL-2B-Instruct,nf4,fewshot,motion_blur,1,90,beignets,beignets,0.9,0.983185569445292,1,exact,3,Answer: beignets | Confidence: 90
B,Qwen/Qwen2-VL-2B-Instruct,nf4,fewshot,motion_blur,1,91,beignets,beignets,0.9,0.9693044821421304,1,exact,3,Answer: beignets | Confidence: 90
B,Qwen/Qwen2-VL-2B-Instruct,nf4,fewshot,motion_blur,1,92,beignets,beignets,,0.977802594502767,1,exact,3,Answer: beignets
B,Qwen/Qwen2-VL-2B-Instruct,nf4,fewshot,motion_blur,1,93,beignets,beignets,0.9,0.957844614982605,1,exact,3,Answer: beignets | Confidence: 90
B,Qwen/Qwen2-VL-2B-Instruct,nf4,fewshot,motion_blur,1,94,beignets,beignets,0.9,0.9543631474177042,1,exact,3,Answer: beignets | Confidence: 90
B,Qwen/Qwen2-VL-2B-Instruct,nf4,fewshot,motion_blur,1,95,beignets,,,0.8463020101189613,0,empty,4,Beignets
B,Qwen/Qwen2-VL-2B-Instruct,nf4,fewshot,motion_blur,1,96,beignets,beignets,0.9,0.9680336316426597,1,exact,3,Answer: beignets | Confidence: 90
B,Qwen/Qwen2-VL-2B-Instruct,nf4,fewshot,motion_blur,1,97,beignets,cake,0.9,0.2860737144947052,0,nomatch,1,Answer: cake | Confidence: 90
B,Qwen/Qwen2-VL-2B-Instruct,nf4,fewshot,motion_blur,1,98,beignets,beignets,0.9,0.937538206577301,1,exact,3,Answer: beignets | Confidence: 90
B,Qwen/Qwen2-VL-2B-Instruct,nf4,fewshot,motion_blur,1,99,beignets,beignets,0.9,0.9723770221074424,1,exact,3,Answer: beignets | Confidence: 90
B,Qwen/Qwen2-VL-2B-Instruct,nf4,fewshot,motion_blur,2,0,beignets,beignets,0.9,0.9752873380978904,1,exact,3,Answer: beignets | Confidence: 90
B,Qwen/Qwen2-VL-2B-Instruct,nf4,fewshot,motion_blur,2,1,beignets,beignets,0.9,0.8527704278628031,1,exact,3,Answer: beignets | Confidence: 90
B,Qwen/Qwen2-VL-2B-Instruct,nf4,fewshot,motion_blur,2,2,beignets,beignets,0.9,0.952138642470042,1,exact,3,Answer: beignets | Confidence: 90
B,Qwen/Qwen2-VL-2B-Instruct,nf4,fewshot,motion_blur,2,3,beignets,beignets,0.9,0.9735966722170512,1,exact,3,Answer: beignets | Confidence: 90
B,Qwen/Qwen2-VL-2B-Instruct,nf4,fewshot,motion_blur,2,4,beignets,beignets,0.9,0.9827966888745626,1,exact,3,Answer: beignets | Confidence: 90
B,Qwen/Qwen2-VL-2B-Instruct,nf4,fewshot,motion_blur,2,5,beignets,beignets,,0.9726723233858744,1,exact,3,Answer: beignets
B,Qwen/Qwen2-VL-2B-Instruct,nf4,fewshot,motion_blur,2,6,beignets,beignets,,0.9351851940155028,1,exact,3,Answer: beignets
B,Qwen/Qwen2-VL-2B-Instruct,nf4,fewshot,motion_blur,2,7,beignets,beignets,0.9,0.98496812582016,1,exact,3,Answer: beignets | Confidence: 90
B,Qwen/Qwen2-VL-2B-Instruct,nf4,fewshot,motion_blur,2,8,beignets,fried calamari,0.9,0.976974070072174,0,contains,3,Answer: fried calamari | Confidence: 90
B,Qwen/Qwen2-VL-2B-Instruct,nf4,fewshot,motion_blur,2,9,beignets,beignets,0.9,0.976283073425293,1,exact,3,Answer: beignets | Confidence: 90
B,Qwen/Qwen2-VL-2B-Instruct,nf4,fewshot,motion_blur,2,10,beignets,beignets,0.9,0.96254034837087,1,exact,3,Answer: beignets | Confidence: 90
B,Qwen/Qwen2-VL-2B-Instruct,nf4,fewshot,motion_blur,2,11,beignets,beignets,0.9,0.9631228446960448,1,exact,3,Answer: beignets | Confidence: 90
B,Qwen/Qwen2-VL-2B-Instruct,nf4,fewshot,motion_blur,2,12,beignets,beignets,0.9,0.96966685851415,1,exact,3,Answer: beignets | Confidence: 90
B,Qwen/Qwen2-VL-2B-Instruct,nf4,fewshot,motion_blur,2,13,beignets,beignets,0.9,0.9664561549822488,1,exact,3,Answer: beignets | Confidence: 90
B,Qwen/Qwen2-VL-2B-Instruct,nf4,fewshot,motion_blur,2,14,beignets,,,0.8601171597838402,0,empty,4,Beignets
B,Qwen/Qwen2-VL-2B-Instruct,nf4,fewshot,motion_blur,2,15,beignets,beignets,0.9,0.977557361125946,1,exact,3,Answer: beignets | Confidence: 90
B,Qwen/Qwen2-VL-2B-Instruct,nf4,fewshot,motion_blur,2,16,beignets,beignets,0.9,0.982742190361023,1,exact,3,Answer: beignets | Confidence: 90
B,Qwen/Qwen2-VL-2B-Instruct,nf4,fewshot,motion_blur,2,17,beignets,beignets,,0.9816402395566304,1,exact,3,Answer: beignets
B,Qwen/Qwen2-VL-2B-Instruct,nf4,fewshot,motion_blur,2,18,beignets,,,0.860987588763237,0,empty,4,Beignets
B,Qwen/Qwen2-VL-2B-Instruct,nf4,fewshot,motion_blur,2,19,beignets,beignets,0.9,0.8199045658111572,1,exact,3,Answer: beignets | Confidence: 90
B,Qwen/Qwen2-VL-2B-Instruct,nf4,fewshot,motion_blur,2,20,beignets,beignets,,0.9857085943222046,1,exact,3,Answer: beignets
B,Qwen/Qwen2-VL-2B-Instruct,nf4,fewshot,motion_blur,2,21,beignets,beignets,0.9,0.9249705076217652,1,exact,3,Answer: beignets | Confidence: 90
B,Qwen/Qwen2-VL-2B-Instruct,nf4,fewshot,motion_blur,2,22,beignets,,,0.8474486246705055,0,empty,4,Beignets
B,Qwen/Qwen2-VL-2B-Instruct,nf4,fewshot,motion_blur,2,23,beignets,,,0.8512229174375534,0,empty,4,Beignets
B,Qwen/Qwen2-VL-2B-Instruct,nf4,fewshot,motion_blur,2,24,beignets,beignets,0.9,0.9534539381663004,1,exact,3,Answer: beignets | Confidence: 90
B,Qwen/Qwen2-VL-2B-Instruct,nf4,fewshot,motion_blur,2,25,beignets,beignets,0.9,0.9802857438723246,1,exact,3,Answer: beignets | Confidence: 90
B,Qwen/Qwen2-VL-2B-Instruct,nf4,fewshot,motion_blur,2,26,beignets,beignets,,0.9572355151176452,1,exact,3,Answer: beignets
B,Qwen/Qwen2-VL-2B-Instruct,nf4,fewshot,motion_blur,2,27,beignets,beignets,0.9,0.9670407772064208,1,exact,3,Answer: beignets | Confidence: 90
B,Qwen/Qwen2-VL-2B-Instruct,nf4,fewshot,motion_blur,2,28,beignets,beignets,0.9,0.9455549120903016,1,exact,3,Answer: beignets | Confidence: 90
B,Qwen/Qwen2-VL-2B-Instruct,nf4,fewshot,motion_blur,2,29,beignets,beignets,,0.972561240196228,1,exact,3,Answer: beignets
B,Qwen/Qwen2-VL-2B-Instruct,nf4,fewshot,motion_blur,2,30,beignets,,,0.8454879000782967,0,empty,4,Beignets
B,Qwen/Qwen2-VL-2B-Instruct,nf4,fewshot,motion_blur,2,31,beignets,beignets,0.9,0.9779401818911234,1,exact,3,Answer: beignets | Confidence: 90
B,Qwen/Qwen2-VL-2B-Instruct,nf4,fewshot,motion_blur,2,32,beignets,beignets,0.9,0.9546698530515036,1,exact,3,Answer: beignets | Confidence: 90
B,Qwen/Qwen2-VL-2B-Instruct,nf4,fewshot,motion_blur,2,33,beignets,beignets,0.9,0.9871185620625814,1,exact,3,Answer: beignets | Confidence: 90
B,Qwen/Qwen2-VL-2B-Instruct,nf4,fewshot,motion_blur,2,34,beignets,beignets,0.9,0.9800116022427876,1,exact,3,Answer: beignets | Confidence: 90
B,Qwen/Qwen2-VL-2B-Instruct,nf4,fewshot,motion_blur,2,35,beignets,,,0.8683381304144859,0,empty,4,Beignets
B,Qwen/Qwen2-VL-2B-Instruct,nf4,fewshot,motion_blur,2,36,beignets,,,0.8301456645131111,0,empty,4,Beignets
B,Qwen/Qwen2-VL-2B-Instruct,nf4,fewshot,motion_blur,2,37,beignets,beignets,0.9,0.9884569446245828,1,exact,3,Answer: beignets | Confidence: 90
B,Qwen/Qwen2-VL-2B-Instruct,nf4,fewshot,motion_blur,2,38,beignets,beignets,0.9,0.9719879031181335,1,exact,3,Answer: beignets | Confidence: 90
B,Qwen/Qwen2-VL-2B-Instruct,nf4,fewshot,motion_blur,2,39,beignets,,,0.8596023693680763,0,empty,4,beignets
B,Qwen/Qwen2-VL-2B-Instruct,nf4,fewshot,motion_blur,2,40,beignets,beignets,0.9,0.9781018495559692,1,exact,3,Answer: beignets | Confidence: 90
B,Qwen/Qwen2-VL-2B-Instruct,nf4,fewshot,motion_blur,2,41,beignets,,,0.8327528312802315,0,empty,4,beignets
B,Qwen/Qwen2-VL-2B-Instruct,nf4,fewshot,motion_blur,2,42,beignets,beignets,,0.9750458399454752,1,exact,3,Answer: beignets
B,Qwen/Qwen2-VL-2B-Instruct,nf4,fewshot,motion_blur,2,43,beignets,beignets,,0.971686323483785,1,exact,3,Answer: beignets
B,Qwen/Qwen2-VL-2B-Instruct,nf4,fewshot,motion_blur,2,44,beignets,beignets,,0.9572662313779196,1,exact,3,Answer: beignets
B,Qwen/Qwen2-VL-2B-Instruct,nf4,fewshot,motion_blur,2,45,beignets,french toast,,0.7316727787256241,0,contains,2,Answer: french toast
B,Qwen/Qwen2-VL-2B-Instruct,nf4,fewshot,motion_blur,2,46,beignets,,,0.8299490585923195,0,empty,4,Beignets
B,Qwen/Qwen2-VL-2B-Instruct,nf4,fewshot,motion_blur,2,47,beignets,beignets,0.9,0.9235300620396932,1,exact,3,Answer: beignets | Confidence: 90
B,Qwen/Qwen2-VL-2B-Instruct,nf4,fewshot,motion_blur,2,48,beignets,beignets,,0.9678935805956522,1,exact,3,Answer: beignets
B,Qwen/Qwen2-VL-2B-Instruct,nf4,fewshot,motion_blur,2,49,beignets,beignets,0.9,0.9693119128545126,1,exact,3,Answer: beignets | Confidence: 90
B,Qwen/Qwen2-VL-2B-Instruct,nf4,fewshot,motion_blur,2,50,beignets,beignets,,0.9816845059394836,1,exact,3,Answer: beignets
B,Qwen/Qwen2-VL-2B-Instruct,nf4,fewshot,motion_blur,2,51,beignets,beignets,0.9,0.9853002627690634,1,exact,3,Answer: beignets | Confidence: 90
B,Qwen/Qwen2-VL-2B-Instruct,nf4,fewshot,motion_blur,2,52,beignets,beignets,,0.9639015992482504,1,exact,3,Answer: beignets
B,Qwen/Qwen2-VL-2B-Instruct,nf4,fewshot,motion_blur,2,53,beignets,beignets,0.9,0.9810999830563863,1,exact,3,Answer: beignets | Confidence: 90
B,Qwen/Qwen2-VL-2B-Instruct,nf4,fewshot,motion_blur,2,54,beignets,beignets,0.9,0.9701813260714212,1,exact,3,Answer: beignets | Confidence: 90
B,Qwen/Qwen2-VL-2B-Instruct,nf4,fewshot,motion_blur,2,55,beignets,beignets,0.9,0.970345656077067,1,exact,3,Answer: beignets | Confidence: 90
B,Qwen/Qwen2-VL-2B-Instruct,nf4,fewshot,motion_blur,2,56,beignets,beignets,0.9,0.9685821135838828,1,exact,3,Answer: beignets | Confidence: 90
B,Qwen/Qwen2-VL-2B-Instruct,nf4,fewshot,motion_blur,2,57,beignets,beignets,,0.9189829031626384,1,exact,3,Answer: beignets
B,Qwen/Qwen2-VL-2B-Instruct,nf4,fewshot,motion_blur,2,58,beignets,beignets,0.9,0.9772175947825114,1,exact,3,Answer: beignets | Confidence: 90
B,Qwen/Qwen2-VL-2B-Instruct,nf4,fewshot,motion_blur,2,59,beignets,beignets,0.9,0.9737409750620524,1,exact,3,Answer: beignets | Confidence: 90
B,Qwen/Qwen2-VL-2B-Instruct,nf4,fewshot,motion_blur,2,60,beignets,beignets,0.9,0.979240874449412,1,exact,3,Answer: beignets | Confidence: 90
B,Qwen/Qwen2-VL-2B-Instruct,nf4,fewshot,motion_blur,2,61,beignets,beignets,0.9,0.9886983831723531,1,exact,3,Answer: beignets | Confidence: 90
B,Qwen/Qwen2-VL-2B-Instruct,nf4,fewshot,motion_blur,2,62,beignets,,,0.8574957475066185,0,empty,4,Beignets
B,Qwen/Qwen2-VL-2B-Instruct,nf4,fewshot,motion_blur,2,63,beignets,,,0.847149670124054,0,empty,4,Beignets
B,Qwen/Qwen2-VL-2B-Instruct,nf4,fewshot,motion_blur,2,64,beignets,,,0.841374360024929,0,empty,4,Beignets
B,Qwen/Qwen2-VL-2B-Instruct,nf4,fewshot,motion_blur,2,65,beignets,beignets,0.9,0.96383003393809,1,exact,3,Answer: beignets | Confidence: 90
B,Qwen/Qwen2-VL-2B-Instruct,nf4,fewshot,motion_blur,2,66,beignets,,,0.86745335906744,0,empty,4,Beignets
B,Qwen/Qwen2-VL-2B-Instruct,nf4,fewshot,motion_blur,2,67,beignets,beignets,0.9,0.983769675095876,1,exact,3,Answer: beignets | Confidence: 90
B,Qwen/Qwen2-VL-2B-Instruct,nf4,fewshot,motion_blur,2,68,beignets,,,0.8534931242465973,0,empty,4,Beignets
B,Qwen/Qwen2-VL-2B-Instruct,nf4,fewshot,motion_blur,2,69,beignets,beignets,,0.9794058402379354,1,exact,3,Answer: beignets
B,Qwen/Qwen2-VL-2B-Instruct,nf4,fewshot,motion_blur,2,70,beignets,beignets,0.9,0.944607675075531,1,exact,3,Answer: beignets | Confidence: 90
B,Qwen/Qwen2-VL-2B-Instruct,nf4,fewshot,motion_blur,2,71,beignets,beignets,0.9,0.98850017786026,1,exact,3,Answer: beignets | Confidence: 90
B,Qwen/Qwen2-VL-2B-Instruct,nf4,fewshot,motion_blur,2,72,beignets,beignets,0.9,0.9618533849716188,1,exact,3,Answer: beignets | Confidence: 90
B,Qwen/Qwen2-VL-2B-Instruct,nf4,fewshot,motion_blur,2,73,beignets,beignets,0.9,0.9651816884676616,1,exact,3,Answer: beignets | Confidence: 90
B,Qwen/Qwen2-VL-2B-Instruct,nf4,fewshot,motion_blur,2,74,beignets,beignets,0.9,0.9836949904759724,1,exact,3,Answer: beignets | Confidence: 90
B,Qwen/Qwen2-VL-2B-Instruct,nf4,fewshot,motion_blur,2,75,beignets,beignets,0.9,0.9920861522356668,1,exact,3,Answer: beignets | Confidence: 90
B,Qwen/Qwen2-VL-2B-Instruct,nf4,fewshot,motion_blur,2,76,beignets,beignets,0.9,0.9603474934895834,1,exact,3,Answer: beignets | Confidence: 90
B,Qwen/Qwen2-VL-2B-Instruct,nf4,fewshot,motion_blur,2,77,beignets,beignets,0.9,0.9737030267715454,1,exact,3,Answer: beignets | Confidence: 90
B,Qwen/Qwen2-VL-2B-Instruct,nf4,fewshot,motion_blur,2,78,beignets,beignets,0.9,0.9811929066975912,1,exact,3,Answer: beignets | Confidence: 90
B,Qwen/Qwen2-VL-2B-Instruct,nf4,fewshot,motion_blur,2,79,beignets,beignets,0.9,0.9839635292689004,1,exact,3,Answer: beignets | Confidence: 90
B,Qwen/Qwen2-VL-2B-Instruct,nf4,fewshot,motion_blur,2,80,beignets,,,0.8960996121168137,0,empty,4,Beignets
B,Qwen/Qwen2-VL-2B-Instruct,nf4,fewshot,motion_blur,2,81,beignets,beignets,,0.9034443298975626,1,exact,3,Answer: beignets
B,Qwen/Qwen2-VL-2B-Instruct,nf4,fewshot,motion_blur,2,82,beignets,beignets,0.9,0.905288596947988,1,exact,3,Answer: beignets | Confidence: 90
B,Qwen/Qwen2-VL-2B-Instruct,nf4,fewshot,motion_blur,2,83,beignets,beignets,0.9,0.98736439148585,1,exact,3,Answer: beignets | Confidence: 90
B,Qwen/Qwen2-VL-2B-Instruct,nf4,fewshot,motion_blur,2,84,beignets,beignets,0.9,0.9878349900245668,1,exact,3,Answer: beignets | Confidence: 90
B,Qwen/Qwen2-VL-2B-Instruct,nf4,fewshot,motion_blur,2,85,beignets,beignets,0.9,0.948582132657369,1,exact,3,Answer: beignets | Confidence: 90
B,Qwen/Qwen2-VL-2B-Instruct,nf4,fewshot,motion_blur,2,86,beignets,beignets,,0.9149581988652548,1,exact,3,Answer: beignets
B,Qwen/Qwen2-VL-2B-Instruct,nf4,fewshot,motion_blur,2,87,beignets,beignets,0.9,0.9741131067276,1,exact,3,Answer: beignets | Confidence: 90
B,Qwen/Qwen2-VL-2B-Instruct,nf4,fewshot,motion_blur,2,88,beignets,beignets,0.9,0.8354052106539408,1,exact,3,Answer: beignets | Confidence: 90
B,Qwen/Qwen2-VL-2B-Instruct,nf4,fewshot,motion_blur,2,89,beignets,bread pudding,0.9,0.709573045372963,0,contains,2,Answer: bread pudding | Confidence: 90
B,Qwen/Qwen2-VL-2B-Instruct,nf4,fewshot,motion_blur,2,90,beignets,beignets,0.9,0.9795817931493124,1,exact,3,Answer: beignets | Confidence: 90
B,Qwen/Qwen2-VL-2B-Instruct,nf4,fewshot,motion_blur,2,91,beignets,,,0.8441898375749588,0,empty,4,Beignets
B,Qwen/Qwen2-VL-2B-Instruct,nf4,fewshot,motion_blur,2,92,beignets,,,0.8489959314465523,0,empty,4,Beignets
B,Qwen/Qwen2-VL-2B-Instruct,nf4,fewshot,motion_blur,2,93,beignets,,,0.8523585647344589,0,empty,4,Beignets
B,Qwen/Qwen2-VL-2B-Instruct,nf4,fewshot,motion_blur,2,94,beignets,beignets,0.9,0.9525587757428488,1,exact,3,Answer: beignets | Confidence: 90
B,Qwen/Qwen2-VL-2B-Instruct,nf4,fewshot,motion_blur,2,95,beignets,,,0.857772096991539,0,empty,4,Beignets
B,Qwen/Qwen2-VL-2B-Instruct,nf4,fewshot,motion_blur,2,96,beignets,,,0.8618705496191978,0,empty,4,Beignets
B,Qwen/Qwen2-VL-2B-Instruct,nf4,fewshot,motion_blur,2,97,beignets,beignets,0.9,0.891424278418223,1,exact,3,Answer: beignets | Confidence: 90
B,Qwen/Qwen2-VL-2B-Instruct,nf4,fewshot,motion_blur,2,98,beignets,beignets,0.9,0.9342994888623556,1,exact,3,Answer: beignets | Confidence: 90
B,Qwen/Qwen2-VL-2B-Instruct,nf4,fewshot,motion_blur,2,99,beignets,beignets,0.9,0.9778550267219543,1,exact,3,Answer: beignets | Confidence: 90
B,Qwen/Qwen2-VL-2B-Instruct,nf4,fewshot,motion_blur,3,0,beignets,beignets,0.9,0.9859782059987386,1,exact,3,Answer: beignets | Confidence: 90
B,Qwen/Qwen2-VL-2B-Instruct,nf4,fewshot,motion_blur,3,1,beignets,gyoza,0.85,0.7972001433372498,0,contains,3,Answer: gyoza | Confidence: 85
B,Qwen/Qwen2-VL-2B-Instruct,nf4,fewshot,motion_blur,3,2,beignets,beignets,0.9,0.9733256498972574,1,exact,3,Answer: beignets | Confidence: 90
B,Qwen/Qwen2-VL-2B-Instruct,nf4,fewshot,motion_blur,3,3,beignets,,,0.8614843785762787,0,empty,4,Beignets
B,Qwen/Qwen2-VL-2B-Instruct,nf4,fewshot,motion_blur,3,4,beignets,beignets,0.9,0.9936427076657612,1,exact,3,Answer: beignets | Confidence: 90
B,Qwen/Qwen2-VL-2B-Instruct,nf4,fewshot,motion_blur,3,5,beignets,beignets,0.9,0.979763130346934,1,exact,3,Answer: beignets | Confidence: 90
B,Qwen/Qwen2-VL-2B-Instruct,nf4,fewshot,motion_blur,3,6,beignets,,,0.8657665699720383,0,empty,4,Beignets
B,Qwen/Qwen2-VL-2B-Instruct,nf4,fewshot,motion_blur,3,7,beignets,beignets,0.9,0.9852498769760132,1,exact,3,Answer: beignets | Confidence: 90
B,Qwen/Qwen2-VL-2B-Instruct,nf4,fewshot,motion_blur,3,8,beignets,fried calamari,0.9,0.9740683237711588,0,contains,3,Answer: fried calamari | Confidence: 90
B,Qwen/Qwen2-VL-2B-Instruct,nf4,fewshot,motion_blur,3,9,beignets,beignets,0.9,0.9506673812866212,1,exact,3,Answer: beignets | Confidence: 90
B,Qwen/Qwen2-VL-2B-Instruct,nf4,fewshot,motion_blur,3,10,beignets,,,0.83831936866045,0,empty,4,Beignets
B,Qwen/Qwen2-VL-2B-Instruct,nf4,fewshot,motion_blur,3,11,beignets,,,0.8389741405844688,0,empty,4,Beignets
B,Qwen/Qwen2-VL-2B-Instruct,nf4,fewshot,motion_blur,3,12,beignets,beignets,0.9,0.9637442827224731,1,exact,3,Answer: beignets | Confidence: 90
B,Qwen/Qwen2-VL-2B-Instruct,nf4,fewshot,motion_blur,3,13,beignets,,,0.8354000598192215,0,empty,4,Beignets
B,Qwen/Qwen2-VL-2B-Instruct,nf4,fewshot,motion_blur,3,14,beignets,,,0.8678363785147667,0,empty,4,Beignets
B,Qwen/Qwen2-VL-2B-Instruct,nf4,fewshot,motion_blur,3,15,beignets,beignets,0.9,0.981869121392568,1,exact,3,Answer: beignets | Confidence: 90
B,Qwen/Qwen2-VL-2B-Instruct,nf4,fewshot,motion_blur,3,16,beignets,beignets,0.9,0.9737407167752584,1,exact,3,Answer: beignets | Confidence: 90
B,Qwen/Qwen2-VL-2B-Instruct,nf4,fewshot,motion_blur,3,17,beignets,beignets,,0.9828983545303344,1,exact,3,Answer: beignets
B,Qwen/Qwen2-VL-2B-Instruct,nf4,fewshot,motion_blur,3,18,beignets,,,0.8474286422133446,0,empty,4,Beignets
B,Qwen/Qwen2-VL-2B-Instruct,nf4,fewshot,motion_blur,3,19,beignets,beignets,0.9,0.9719693660736084,1,exact,3,Answer: beignets | Confidence: 90
B,Qwen/Qwen2-VL-2B-Instruct,nf4,fewshot,motion_blur,3,20,beignets,beignets,0.9,0.9876532554626464,1,exact,3,Answer: beignets | Confidence: 90
B,Qwen/Qwen2-VL-2B-Instruct,nf4,fewshot,motion_blur,3,21,beignets,beignets,0.9,0.8468723694483439,1,exact,3,Answer: beignets | Confidence: 90
B,Qwen/Qwen2-VL-2B-Instruct,nf4,fewshot,motion_blur,3,22,beignets,beignets,0.9,0.9454212188720704,1,exact,3,Answer: beignets | Confidence: 90
B,Qwen/Qwen2-VL-2B-Instruct,nf4,fewshot,motion_blur,3,23,beignets,,,0.8386714309453964,0,empty,4,Beignets
B,Qwen/Qwen2-VL-2B-Instruct,nf4,fewshot,motion_blur,3,24,beignets,beignets,0.9,0.9682750900586446,1,exact,3,Answer: beignets | Confidence: 90
B,Qwen/Qwen2-VL-2B-Instruct,nf4,fewshot,motion_blur,3,25,beignets,beignets,0.9,0.982634743054708,1,exact,3,Answer: beignets | Confidence: 90
B,Qwen/Qwen2-VL-2B-Instruct,nf4,fewshot,motion_blur,3,26,beignets,beignets,0.9,0.9755424459775288,1,exact,3,Answer: beignets | Confidence: 90
B,Qwen/Qwen2-VL-2B-Instruct,nf4,fewshot,motion_blur,3,27,beignets,beignets,0.9,0.9700385530789694,1,exact,3,Answer: beignets | Confidence: 90
B,Qwen/Qwen2-VL-2B-Instruct,nf4,fewshot,motion_blur,3,28,beignets,beignets,0.9,0.9580710927645364,1,exact,3,Answer: beignets | Confidence: 90
B,Qwen/Qwen2-VL-2B-Instruct,nf4,fewshot,motion_blur,3,29,beignets,beignets,,0.979914883772532,1,exact,3,Answer: beignets
B,Qwen/Qwen2-VL-2B-Instruct,nf4,fewshot,motion_blur,3,30,beignets,,,0.8533293902873993,0,empty,4,Beignets
B,Qwen/Qwen2-VL-2B-Instruct,nf4,fewshot,motion_blur,3,31,beignets,beignets,0.9,0.980709155400594,1,exact,3,Answer: beignets | Confidence: 90
B,Qwen/Qwen2-VL-2B-Instruct,nf4,fewshot,motion_blur,3,32,beignets,,,0.8444917798042297,0,empty,4,Beignets
B,Qwen/Qwen2-VL-2B-Instruct,nf4,fewshot,motion_blur,3,33,beignets,beignets,0.9,0.9891453782717388,1,exact,3,Answer: beignets | Confidence: 90
B,Qwen/Qwen2-VL-2B-Instruct,nf4,fewshot,motion_blur,3,34,beignets,beignets,0.9,0.9831177393595376,1,exact,3,Answer: beignets | Confidence: 90
B,Qwen/Qwen2-VL-2B-Instruct,nf4,fewshot,motion_blur,3,35,beignets,chicken wings,0.9,0.7987424731254578,0,contains,2,Answer: chicken wings | Confidence: 90
B,Qwen/Qwen2-VL-2B-Instruct,nf4,fewshot,motion_blur,3,36,beignets,beignets,0.9,0.9878766536712646,1,exact,3,Answer: beignets | Confidence: 90
B,Qwen/Qwen2-VL-2B-Instruct,nf4,fewshot,motion_blur,3,37,beignets,beignets,0.9,0.9942351380983988,1,exact,3,Answer: beignets | Confidence: 90
B,Qwen/Qwen2-VL-2B-Instruct,nf4,fewshot,motion_blur,3,38,beignets,beignets,0.9,0.984475572903951,1,exact,3,Answer: beignets | Confidence: 90
B,Qwen/Qwen2-VL-2B-Instruct,nf4,fewshot,motion_blur,3,39,beignets,,,0.8688048422336578,0,empty,4,beignets
B,Qwen/Qwen2-VL-2B-Instruct,nf4,fewshot,motion_blur,3,40,beignets,beignets,0.9,0.9813311497370402,1,exact,3,Answer: beignets | Confidence: 90
B,Qwen/Qwen2-VL-2B-Instruct,nf4,fewshot,motion_blur,3,41,beignets,,,0.8139281943440437,0,empty,4,beignets
B,Qwen/Qwen2-VL-2B-Instruct,nf4,fewshot,motion_blur,3,42,beignets,,,0.8636011108756065,0,empty,4,Beignets
B,Qwen/Qwen2-VL-2B-Instruct,nf4,fewshot,motion_blur,3,43,beignets,beignets,0.9,0.9715508818626404,1,exact,3,Answer: beignets | Confidence: 90
B,Qwen/Qwen2-VL-2B-Instruct,nf4,fewshot,motion_blur,3,44,beignets,beignets,0.9,0.9559064110120138,1,exact,3,Answer: beignets | Confidence: 90
B,Qwen/Qwen2-VL-2B-Instruct,nf4,fewshot,motion_blur,3,45,beignets,,,0.7739938398202261,0,empty,3,French toast
B,Qwen/Qwen2-VL-2B-Instruct,nf4,fewshot,motion_blur,3,46,beignets,,,0.8371212482452393,0,empty,4,beignets
B,Qwen/Qwen2-VL-2B-Instruct,nf4,fewshot,motion_blur,3,47,beignets,scallops,0.9,0.696397140622139,0,contains,2,Answer: scallops | Confidence: 90
B,Qwen/Qwen2-VL-2B-Instruct,nf4,fewshot,motion_blur,3,48,beignets,beignets,0.9,0.9848779638608296,1,exact,3,Answer: beignets | Confidence: 90
B,Qwen/Qwen2-VL-2B-Instruct,nf4,fewshot,motion_blur,3,49,beignets,,,0.8529319167137146,0,empty,4,Beignets
B,Qwen/Qwen2-VL-2B-Instruct,nf4,fewshot,motion_blur,3,50,beignets,beignets,0.9,0.987042466799418,1,exact,3,Answer: beignets | Confidence: 90
B,Qwen/Qwen2-VL-2B-Instruct,nf4,fewshot,motion_blur,3,51,beignets,beignets,0.9,0.9804210066795348,1,exact,3,Answer: beignets | Confidence: 90
B,Qwen/Qwen2-VL-2B-Instruct,nf4,fewshot,motion_blur,3,52,beignets,beignets,0.9,0.9820640881856284,1,exact,3,Answer: beignets | Confidence: 90
B,Qwen/Qwen2-VL-2B-Instruct,nf4,fewshot,motion_blur,3,53,beignets,,,0.8350344821810722,0,empty,4,Beignets
B,Qwen/Qwen2-VL-2B-Instruct,nf4,fewshot,motion_blur,3,54,beignets,beignets,0.9,0.9768887758255004,1,exact,3,Answer: beignets | Confidence: 90
B,Qwen/Qwen2-VL-2B-Instruct,nf4,fewshot,motion_blur,3,55,beignets,beignets,0.9,0.983720580736796,1,exact,3,Answer: beignets | Confidence: 90
B,Qwen/Qwen2-VL-2B-Instruct,nf4,fewshot,motion_blur,3,56,beignets,beignets,0.9,0.9566678603490194,1,exact,3,Answer: beignets | Confidence: 90
B,Qwen/Qwen2-VL-2B-Instruct,nf4,fewshot,motion_blur,3,57,beignets,beignets,0.9,0.947007397810618,1,exact,3,Answer: beignets | Confidence: 90
B,Qwen/Qwen2-VL-2B-Instruct,nf4,fewshot,motion_blur,3,58,beignets,beignets,0.9,0.978939155737559,1,exact,3,Answer: beignets | Confidence: 90
B,Qwen/Qwen2-VL-2B-Instruct,nf4,fewshot,motion_blur,3,59,beignets,beignets,0.9,0.9315622647603352,1,exact,3,Answer: beignets | Confidence: 90
B,Qwen/Qwen2-VL-2B-Instruct,nf4,fewshot,motion_blur,3,60,beignets,pizza,0.85,0.2984669804573059,0,nomatch,1,Answer: pizza | Confidence: 85
B,Qwen/Qwen2-VL-2B-Instruct,nf4,fewshot,motion_blur,3,61,beignets,beignets,0.9,0.991018037001292,1,exact,3,Answer: beignets | Confidence: 90
B,Qwen/Qwen2-VL-2B-Instruct,nf4,fewshot,motion_blur,3,62,beignets,,,0.8448024019598961,0,empty,4,Beignets
B,Qwen/Qwen2-VL-2B-Instruct,nf4,fewshot,motion_blur,3,63,beignets,,,0.8155043423175812,0,empty,4,beignets
B,Qwen/Qwen2-VL-2B-Instruct,nf4,fewshot,motion_blur,3,64,beignets,,,0.8496028408408165,0,empty,4,Beignets
B,Qwen/Qwen2-VL-2B-Instruct,nf4,fewshot,motion_blur,3,65,beignets,beignets,0.9,0.977170467376709,1,exact,3,Answer: beignets | Confidence: 90
B,Qwen/Qwen2-VL-2B-Instruct,nf4,fewshot,motion_blur,3,66,beignets,,,0.8398185223340988,0,empty,4,Beignets
B,Qwen/Qwen2-VL-2B-Instruct,nf4,fewshot,motion_blur,3,67,beignets,beignets,0.9,0.9869280656178792,1,exact,3,Answer: beignets | Confidence: 90
B,Qwen/Qwen2-VL-2B-Instruct,nf4,fewshot,motion_blur,3,68,beignets,,,0.8664690256118774,0,empty,4,Beignets
B,Qwen/Qwen2-VL-2B-Instruct,nf4,fewshot,motion_blur,3,69,beignets,,,0.8409285917878151,0,empty,4,Beignets
B,Qwen/Qwen2-VL-2B-Instruct,nf4,fewshot,motion_blur,3,70,beignets,beignets,0.9,0.9685545563697816,1,exact,3,Answer: beignets | Confidence: 90
B,Qwen/Qwen2-VL-2B-Instruct,nf4,fewshot,motion_blur,3,71,beignets,beignets,0.9,0.969350516796112,1,exact,3,Answer: beignets | Confidence: 90
B,Qwen/Qwen2-VL-2B-Instruct,nf4,fewshot,motion_blur,3,72,beignets,beignets,0.9,0.9692821304003396,1,exact,3,Answer: beignets | Confidence: 90
B,Qwen/Qwen2-VL-2B-Instruct,nf4,fewshot,motion_blur,3,73,beignets,beignets,0.9,0.9804442326227824,1,exact,3,Answer: beignets | Confidence: 90
B,Qwen/Qwen2-VL-2B-Instruct,nf4,fewshot,motion_blur,3,74,beignets,beignets,0.9,0.991777996222178,1,exact,3,Answer: beignets | Confidence: 90
B,Qwen/Qwen2-VL-2B-Instruct,nf4,fewshot,motion_blur,3,75,beignets,beignets,0.9,0.9940987229347228,1,exact,3,Answer: beignets | Confidence: 90
B,Qwen/Qwen2-VL-2B-Instruct,nf4,fewshot,motion_blur,3,76,beignets,beignets,0.9,0.9664401412010192,1,exact,3,Answer: beignets | Confidence: 90
B,Qwen/Qwen2-VL-2B-Instruct,nf4,fewshot,motion_blur,3,77,beignets,,,0.8518064245581627,0,empty,4,Beignets
B,Qwen/Qwen2-VL-2B-Instruct,nf4,fewshot,motion_blur,3,78,beignets,beignets,0.9,0.9699175357818604,1,exact,3,Answer: beignets | Confidence: 90
B,Qwen/Qwen2-VL-2B-Instruct,nf4,fewshot,motion_blur,3,79,beignets,,,0.8711272180080414,0,empty,4,Beignets
B,Qwen/Qwen2-VL-2B-Instruct,nf4,fewshot,motion_blur,3,80,beignets,,,0.8939232975244522,0,empty,4,Beignets
B,Qwen/Qwen2-VL-2B-Instruct,nf4,fewshot,motion_blur,3,81,beignets,beignets,0.9,0.9370557268460592,1,exact,3,Answer: beignets | Confidence: 90
B,Qwen/Qwen2-VL-2B-Instruct,nf4,fewshot,motion_blur,3,82,beignets,beignets,0.9,0.9205807248751322,1,exact,3,Answer: beignets | Confidence: 90
B,Qwen/Qwen2-VL-2B-Instruct,nf4,fewshot,motion_blur,3,83,beignets,beignets,0.9,0.9753234386444092,1,exact,3,Answer: beignets | Confidence: 90
B,Qwen/Qwen2-VL-2B-Instruct,nf4,fewshot,motion_blur,3,84,beignets,beignets,0.9,0.9886213739713032,1,exact,3,Answer: beignets | Confidence: 90
B,Qwen/Qwen2-VL-2B-Instruct,nf4,fewshot,motion_blur,3,85,beignets,beignets,0.9,0.9662144780158995,1,exact,3,Answer: beignets | Confidence: 90
B,Qwen/Qwen2-VL-2B-Instruct,nf4,fewshot,motion_blur,3,86,beignets,beignets,0.9,0.9405784408251444,1,exact,3,Answer: beignets | Confidence: 90
B,Qwen/Qwen2-VL-2B-Instruct,nf4,fewshot,motion_blur,3,87,beignets,beignets,0.9,0.9835766355196636,1,exact,3,Answer: beignets | Confidence: 90
B,Qwen/Qwen2-VL-2B-Instruct,nf4,fewshot,motion_blur,3,88,beignets,beignets,0.9,0.8474728663762411,1,exact,3,Answer: beignets | Confidence: 90
B,Qwen/Qwen2-VL-2B-Instruct,nf4,fewshot,motion_blur,3,89,beignets,caramel apple ice cream,,0.4032235853374004,0,nomatch,4,Answer: caramel apple ice cream
B,Qwen/Qwen2-VL-2B-Instruct,nf4,fewshot,motion_blur,3,90,beignets,beignets,0.9,0.9807635545730592,1,exact,3,Answer: beignets | Confidence: 90
B,Qwen/Qwen2-VL-2B-Instruct,nf4,fewshot,motion_blur,3,91,beignets,beignets,0.9,0.979142983754476,1,exact,3,Answer: beignets | Confidence: 90
B,Qwen/Qwen2-VL-2B-Instruct,nf4,fewshot,motion_blur,3,92,beignets,beignets,0.9,0.9845624764760336,1,exact,3,Answer: beignets | Confidence: 90
B,Qwen/Qwen2-VL-2B-Instruct,nf4,fewshot,motion_blur,3,93,beignets,,,0.8478536456823349,0,empty,4,Beignets
B,Qwen/Qwen2-VL-2B-Instruct,nf4,fewshot,motion_blur,3,94,beignets,,,0.8516780361533165,0,empty,4,Beignets
B,Qwen/Qwen2-VL-2B-Instruct,nf4,fewshot,motion_blur,3,95,beignets,,,0.8545992374420166,0,empty,4,beignets
B,Qwen/Qwen2-VL-2B-Instruct,nf4,fewshot,motion_blur,3,96,beignets,,,0.8504172787070274,0,empty,4,Beignets
B,Qwen/Qwen2-VL-2B-Instruct,nf4,fewshot,motion_blur,3,97,beignets,cake,0.9,0.3939768075942993,0,nomatch,1,Answer: cake | Confidence: 90
B,Qwen/Qwen2-VL-2B-Instruct,nf4,fewshot,motion_blur,3,98,beignets,,,0.8587916046380997,0,empty,4,Beignets
B,Qwen/Qwen2-VL-2B-Instruct,nf4,fewshot,motion_blur,3,99,beignets,beignets,0.9,0.983322024345398,1,exact,3,Answer: beignets | Confidence: 90
B,Qwen/Qwen2-VL-2B-Instruct,nf4,fewshot,resample,1,0,beignets,beignets,0.9,0.9794456958770752,1,exact,3,Answer: beignets | Confidence: 90
B,Qwen/Qwen2-VL-2B-Instruct,nf4,fewshot,resample,1,1,beignets,beignets,,0.9251925150553384,1,exact,3,Answer: beignets
B,Qwen/Qwen2-VL-2B-Instruct,nf4,fewshot,resample,1,2,beignets,beignets,0.9,0.9568955103556316,1,exact,3,Answer: beignets | Confidence: 90
B,Qwen/Qwen2-VL-2B-Instruct,nf4,fewshot,resample,1,3,beignets,beignets,0.9,0.9728028178215028,1,exact,3,Answer: beignets | Confidence: 90
B,Qwen/Qwen2-VL-2B-Instruct,nf4,fewshot,resample,1,4,beignets,beignets,0.9,0.9877556761105856,1,exact,3,Answer: beignets | Confidence: 90
B,Qwen/Qwen2-VL-2B-Instruct,nf4,fewshot,resample,1,5,beignets,beignets,,0.9743590156237284,1,exact,3,Answer: beignets
B,Qwen/Qwen2-VL-2B-Instruct,nf4,fewshot,resample,1,6,beignets,beignets,,0.9371722936630248,1,exact,3,Answer: beignets
B,Qwen/Qwen2-VL-2B-Instruct,nf4,fewshot,resample,1,7,beignets,beignets,0.9,0.986563245455424,1,exact,3,Answer: beignets | Confidence: 90
B,Qwen/Qwen2-VL-2B-Instruct,nf4,fewshot,resample,1,8,beignets,fried calamari,0.9,0.9713194568951924,0,contains,3,Answer: fried calamari | Confidence: 90
B,Qwen/Qwen2-VL-2B-Instruct,nf4,fewshot,resample,1,9,beignets,beignets,0.9,0.9725247621536256,1,exact,3,Answer: beignets | Confidence: 90
B,Qwen/Qwen2-VL-2B-Instruct,nf4,fewshot,resample,1,10,beignets,beignets,0.9,0.9786764979362488,1,exact,3,Answer: beignets | Confidence: 90
B,Qwen/Qwen2-VL-2B-Instruct,nf4,fewshot,resample,1,11,beignets,beignets,0.9,0.971564511458079,1,exact,3,Answer: beignets | Confidence: 90
B,Qwen/Qwen2-VL-2B-Instruct,nf4,fewshot,resample,1,12,beignets,beignets,0.9,0.9723352193832396,1,exact,3,Answer: beignets | Confidence: 90
B,Qwen/Qwen2-VL-2B-Instruct,nf4,fewshot,resample,1,13,beignets,beignets,0.9,0.9792312383651732,1,exact,3,Answer: beignets | Confidence: 90
B,Qwen/Qwen2-VL-2B-Instruct,nf4,fewshot,resample,1,14,beignets,,,0.882600411772728,0,empty,4,Beignets
B,Qwen/Qwen2-VL-2B-Instruct,nf4,fewshot,resample,1,15,beignets,beignets,0.9,0.9812543789545696,1,exact,3,Answer: beignets | Confidence: 90
B,Qwen/Qwen2-VL-2B-Instruct,nf4,fewshot,resample,1,16,beignets,beignets,0.9,0.98472527662913,1,exact,3,Answer: beignets | Confidence: 90
B,Qwen/Qwen2-VL-2B-Instruct,nf4,fewshot,resample,1,17,beignets,beignets,,0.9859691262245178,1,exact,3,Answer: beignets
B,Qwen/Qwen2-VL-2B-Instruct,nf4,fewshot,resample,1,18,beignets,beignets,0.9,0.9670405387878418,1,exact,3,Answer: beignets | Confidence: 90
B,Qwen/Qwen2-VL-2B-Instruct,nf4,fewshot,resample,1,19,beignets,beignets,0.9,0.9744484225908916,1,exact,3,Answer: beignets | Confidence: 90
B,Qwen/Qwen2-VL-2B-Instruct,nf4,fewshot,resample,1,20,beignets,beignets,0.9,0.988314131895701,1,exact,3,Answer: beignets | Confidence: 90
B,Qwen/Qwen2-VL-2B-Instruct,nf4,fewshot,resample,1,21,beignets,beignets,0.9,0.9021206498146056,1,exact,3,Answer: beignets | Confidence: 90
B,Qwen/Qwen2-VL-2B-Instruct,nf4,fewshot,resample,1,22,beignets,beignets,0.9,0.9772131443023682,1,exact,3,Answer: beignets | Confidence: 90
B,Qwen/Qwen2-VL-2B-Instruct,nf4,fewshot,resample,1,23,beignets,,,0.8394081741571426,0,empty,4,Beignets
B,Qwen/Qwen2-VL-2B-Instruct,nf4,fewshot,resample,1,24,beignets,beignets,0.9,0.9538214604059856,1,exact,3,Answer: beignets | Confidence: 90
B,Qwen/Qwen2-VL-2B-Instruct,nf4,fewshot,resample,1,25,beignets,,,0.8480874672532082,0,empty,4,Beignets
B,Qwen/Qwen2-VL-2B-Instruct,nf4,fewshot,resample,1,26,beignets,beignets,,0.9549913009007772,1,exact,3,Answer: beignets
B,Qwen/Qwen2-VL-2B-Instruct,nf4,fewshot,resample,1,27,beignets,beignets,0.9,0.9735633333524067,1,exact,3,Answer: beignets | Confidence: 90
B,Qwen/Qwen2-VL-2B-Instruct,nf4,fewshot,resample,1,28,beignets,beignets,0.9,0.9451481103897096,1,exact,3,Answer: beignets | Confidence: 90
B,Qwen/Qwen2-VL-2B-Instruct,nf4,fewshot,resample,1,29,beignets,beignets,,0.9681172370910645,1,exact,3,Answer: beignets
B,Qwen/Qwen2-VL-2B-Instruct,nf4,fewshot,resample,1,30,beignets,beignets,0.9,0.9815579255421956,1,exact,3,Answer: beignets | Confidence: 90
B,Qwen/Qwen2-VL-2B-Instruct,nf4,fewshot,resample,1,31,beignets,beignets,0.9,0.9744552771250408,1,exact,3,Answer: beignets | Confidence: 90
B,Qwen/Qwen2-VL-2B-Instruct,nf4,fewshot,resample,1,32,beignets,beignets,0.9,0.9721357623736064,1,exact,3,Answer: beignets | Confidence: 90
B,Qwen/Qwen2-VL-2B-Instruct,nf4,fewshot,resample,1,33,beignets,beignets,0.9,0.9905138611793518,1,exact,3,Answer: beignets | Confidence: 90
B,Qwen/Qwen2-VL-2B-Instruct,nf4,fewshot,resample,1,34,beignets,beignets,0.9,0.9770596623420716,1,exact,3,Answer: beignets | Confidence: 90
B,Qwen/Qwen2-VL-2B-Instruct,nf4,fewshot,resample,1,35,beignets,,,0.8822786957025528,0,empty,4,Beignets
B,Qwen/Qwen2-VL-2B-Instruct,nf4,fewshot,resample,1,36,beignets,,,0.8442164808511734,0,empty,4,beignets
B,Qwen/Qwen2-VL-2B-Instruct,nf4,fewshot,resample,1,37,beignets,beignets,0.9,0.9870542883872986,1,exact,3,Answer: beignets | Confidence: 90
B,Qwen/Qwen2-VL-2B-Instruct,nf4,fewshot,resample,1,38,beignets,beignets,0.9,0.9784457683563232,1,exact,3,Answer: beignets | Confidence: 90
B,Qwen/Qwen2-VL-2B-Instruct,nf4,fewshot,resample,1,39,beignets,,,0.8760600239038467,0,empty,4,beignets
B,Qwen/Qwen2-VL-2B-Instruct,nf4,fewshot,resample,1,40,beignets,beignets,0.9,0.9820773204167684,1,exact,3,Answer: beignets | Confidence: 90
B,Qwen/Qwen2-VL-2B-Instruct,nf4,fewshot,resample,1,41,beignets,,,0.8318069502711296,0,empty,4,Beignets
B,Qwen/Qwen2-VL-2B-Instruct,nf4,fewshot,resample,1,42,beignets,beignets,,0.97836172580719,1,exact,3,Answer: beignets
B,Qwen/Qwen2-VL-2B-Instruct,nf4,fewshot,resample,1,43,beignets,beignets,0.9,0.9772876501083374,1,exact,3,Answer: beignets | Confidence: 90
B,Qwen/Qwen2-VL-2B-Instruct,nf4,fewshot,resample,1,44,beignets,beignets,0.9,0.9622903068860372,1,exact,3,Answer: beignets | Confidence: 90
B,Qwen/Qwen2-VL-2B-Instruct,nf4,fewshot,resample,1,45,beignets,French toast,,0.6594502329826355,0,contains,2,Answer: French toast
B,Qwen/Qwen2-VL-2B-Instruct,nf4,fewshot,resample,1,46,beignets,,,0.8464792296290398,0,empty,4,Beignets
B,Qwen/Qwen2-VL-2B-Instruct,nf4,fewshot,resample,1,47,beignets,beignets,0.9,0.9009214639663696,1,exact,3,Answer: beignets | Confidence: 90
B,Qwen/Qwen2-VL-2B-Instruct,nf4,fewshot,resample,1,48,beignets,beignets,0.9,0.9590768615404764,1,exact,3,Answer: beignets | Confidence: 90
B,Qwen/Qwen2-VL-2B-Instruct,nf4,fewshot,resample,1,49,beignets,beignets,0.9,0.9706562360127768,1,exact,3,Answer: beignets | Confidence: 90
B,Qwen/Qwen2-VL-2B-Instruct,nf4,fewshot,resample,1,50,beignets,beignets,,0.9845292170842488,1,exact,3,Answer: beignets
B,Qwen/Qwen2-VL-2B-Instruct,nf4,fewshot,resample,1,51,beignets,beignets,0.9,0.9892291029294332,1,exact,3,Answer: beignets | Confidence: 90
B,Qwen/Qwen2-VL-2B-Instruct,nf4,fewshot,resample,1,52,beignets,beignets,,0.9608241120974222,1,exact,3,Answer: beignets
B,Qwen/Qwen2-VL-2B-Instruct,nf4,fewshot,resample,1,53,beignets,beignets,0.9,0.9831060568491616,1,exact,3,Answer: beignets | Confidence: 90
B,Qwen/Qwen2-VL-2B-Instruct,nf4,fewshot,resample,1,54,beignets,beignets,0.9,0.975265622138977,1,exact,3,Answer: beignets | Confidence: 90
B,Qwen/Qwen2-VL-2B-Instruct,nf4,fewshot,resample,1,55,beignets,beignets,0.9,0.98415607213974,1,exact,3,Answer: beignets | Confidence: 90
B,Qwen/Qwen2-VL-2B-Instruct,nf4,fewshot,resample,1,56,beignets,beignets,0.9,0.98091592391332,1,exact,3,Answer: beignets | Confidence: 90
B,Qwen/Qwen2-VL-2B-Instruct,nf4,fewshot,resample,1,57,beignets,beignets,0.9,0.9261690576871237,1,exact,3,Answer: beignets | Confidence: 90
B,Qwen/Qwen2-VL-2B-Instruct,nf4,fewshot,resample,1,58,beignets,beignets,0.9,0.9821999470392864,1,exact,3,Answer: beignets | Confidence: 90
B,Qwen/Qwen2-VL-2B-Instruct,nf4,fewshot,resample,1,59,beignets,beignets,0.9,0.960982064406077,1,exact,3,Answer: beignets | Confidence: 90
B,Qwen/Qwen2-VL-2B-Instruct,nf4,fewshot,resample,1,60,beignets,beignets,0.9,0.978535532951355,1,exact,3,Answer: beignets | Confidence: 90
B,Qwen/Qwen2-VL-2B-Instruct,nf4,fewshot,resample,1,61,beignets,beignets,0.9,0.988517701625824,1,exact,3,Answer: beignets | Confidence: 90
B,Qwen/Qwen2-VL-2B-Instruct,nf4,fewshot,resample,1,62,beignets,beignets,0.9,0.9583348631858826,1,exact,3,Answer: beignets | Confidence: 90
B,Qwen/Qwen2-VL-2B-Instruct,nf4,fewshot,resample,1,63,beignets,beignets,0.9,0.969832996527354,1,exact,3,Answer: beignets | Confidence: 90
B,Qwen/Qwen2-VL-2B-Instruct,nf4,fewshot,resample,1,64,beignets,beignets,0.9,0.9841975569725036,1,exact,3,Answer: beignets | Confidence: 90
B,Qwen/Qwen2-VL-2B-Instruct,nf4,fewshot,resample,1,65,beignets,beignets,0.9,0.9689289331436156,1,exact,3,Answer: beignets | Confidence: 90
B,Qwen/Qwen2-VL-2B-Instruct,nf4,fewshot,resample,1,66,beignets,,,0.872508242726326,0,empty,4,Beignets
B,Qwen/Qwen2-VL-2B-Instruct,nf4,fewshot,resample,1,67,beignets,beignets,0.9,0.9857664306958516,1,exact,3,Answer: beignets | Confidence: 90
B,Qwen/Qwen2-VL-2B-Instruct,nf4,fewshot,resample,1,68,beignets,,,0.8515080437064171,0,empty,4,Beignets
B,Qwen/Qwen2-VL-2B-Instruct,nf4,fewshot,resample,1,69,beignets,beignets,,0.9743161996205648,1,exact,3,Answer: beignets
B,Qwen/Qwen2-VL-2B-Instruct,nf4,fewshot,resample,1,70,beignets,beignets,0.9,0.9500488837560018,1,exact,3,Answer: beignets | Confidence: 90
B,Qwen/Qwen2-VL-2B-Instruct,nf4,fewshot,resample,1,71,beignets,beignets,0.9,0.9862715005874634,1,exact,3,Answer: beignets | Confidence: 90
B,Qwen/Qwen2-VL-2B-Instruct,nf4,fewshot,resample,1,72,beignets,beignets,0.9,0.9577537973721822,1,exact,3,Answer: beignets | Confidence: 90
B,Qwen/Qwen2-VL-2B-Instruct,nf4,fewshot,resample,1,73,beignets,beignets,0.9,0.9728532632191976,1,exact,3,Answer: beignets | Confidence: 90
B,Qwen/Qwen2-VL-2B-Instruct,nf4,fewshot,resample,1,74,beignets,beignets,0.9,0.9853653709093728,1,exact,3,Answer: beignets | Confidence: 90
B,Qwen/Qwen2-VL-2B-Instruct,nf4,fewshot,resample,1,75,beignets,beignets,0.9,0.9906792442003886,1,exact,3,Answer: beignets | Confidence: 90
B,Qwen/Qwen2-VL-2B-Instruct,nf4,fewshot,resample,1,76,beignets,beignets,0.9,0.9683394432067872,1,exact,3,Answer: beignets | Confidence: 90
B,Qwen/Qwen2-VL-2B-Instruct,nf4,fewshot,resample,1,77,beignets,beignets,0.9,0.9766514301300048,1,exact,3,Answer: beignets | Confidence: 90
B,Qwen/Qwen2-VL-2B-Instruct,nf4,fewshot,resample,1,78,beignets,beignets,0.9,0.9815962513287864,1,exact,3,Answer: beignets | Confidence: 90
B,Qwen/Qwen2-VL-2B-Instruct,nf4,fewshot,resample,1,79,beignets,beignets,0.9,0.9842378695805868,1,exact,3,Answer: beignets | Confidence: 90
B,Qwen/Qwen2-VL-2B-Instruct,nf4,fewshot,resample,1,80,beignets,,,0.8777926117181778,0,empty,4,Beignets
B,Qwen/Qwen2-VL-2B-Instruct,nf4,fewshot,resample,1,81,beignets,beignets,0.9,0.9233850836753844,1,exact,3,Answer: beignets | Confidence: 90
B,Qwen/Qwen2-VL-2B-Instruct,nf4,fewshot,resample,1,82,beignets,beignets,0.9,0.939289927482605,1,exact,3,Answer: beignets | Confidence: 90
B,Qwen/Qwen2-VL-2B-Instruct,nf4,fewshot,resample,1,83,beignets,beignets,0.9,0.9850025375684104,1,exact,3,Answer: beignets | Confidence: 90
B,Qwen/Qwen2-VL-2B-Instruct,nf4,fewshot,resample,1,84,beignets,,,0.8281534984707832,0,empty,4,Beignets
B,Qwen/Qwen2-VL-2B-Instruct,nf4,fewshot,resample,1,85,beignets,beignets,0.9,0.9553980231285096,1,exact,3,Answer: beignets | Confidence: 90
B,Qwen/Qwen2-VL-2B-Instruct,nf4,fewshot,resample,1,86,beignets,beignets,0.9,0.9524585604667664,1,exact,3,Answer: beignets | Confidence: 90
B,Qwen/Qwen2-VL-2B-Instruct,nf4,fewshot,resample,1,87,beignets,beignets,0.9,0.966740886370341,1,exact,3,Answer: beignets | Confidence: 90
B,Qwen/Qwen2-VL-2B-Instruct,nf4,fewshot,resample,1,88,beignets,beignets,0.9,0.9621850252151488,1,exact,3,Answer: beignets | Confidence: 90
B,Qwen/Qwen2-VL-2B-Instruct,nf4,fewshot,resample,1,89,beignets,bread pudding,0.9,0.8066770434379578,0,contains,2,Answer: bread pudding | Confidence: 90
B,Qwen/Qwen2-VL-2B-Instruct,nf4,fewshot,resample,1,90,beignets,beignets,0.9,0.9803057511647544,1,exact,3,Answer: beignets | Confidence: 90
B,Qwen/Qwen2-VL-2B-Instruct,nf4,fewshot,resample,1,91,beignets,beignets,0.9,0.98235688606898,1,exact,3,Answer: beignets | Confidence: 90
B,Qwen/Qwen2-VL-2B-Instruct,nf4,fewshot,resample,1,92,beignets,,,0.8500975668430328,0,empty,4,Beignets
B,Qwen/Qwen2-VL-2B-Instruct,nf4,fewshot,resample,1,93,beignets,,,0.8463230431079865,0,empty,4,Beignets
B,Qwen/Qwen2-VL-2B-Instruct,nf4,fewshot,resample,1,94,beignets,beignets,0.9,0.9626076221466064,1,exact,3,Answer: beignets | Confidence: 90
B,Qwen/Qwen2-VL-2B-Instruct,nf4,fewshot,resample,1,95,beignets,,,0.8441399708390236,0,empty,4,Beignets
B,Qwen/Qwen2-VL-2B-Instruct,nf4,fewshot,resample,1,96,beignets,,,0.8451106622815132,0,empty,4,Beignets
B,Qwen/Qwen2-VL-2B-Instruct,nf4,fewshot,resample,1,97,beignets,,,0.8755235970020294,0,empty,4,Beignets
B,Qwen/Qwen2-VL-2B-Instruct,nf4,fewshot,resample,1,98,beignets,beignets,0.9,0.9435872236887614,1,exact,3,Answer: beignets | Confidence: 90
B,Qwen/Qwen2-VL-2B-Instruct,nf4,fewshot,resample,1,99,beignets,beignets,0.9,0.9758200446764628,1,exact,3,Answer: beignets | Confidence: 90
B,Qwen/Qwen2-VL-2B-Instruct,nf4,fewshot,resample,2,0,beignets,beignets,0.9,0.9808439016342164,1,exact,3,Answer: beignets | Confidence: 90
B,Qwen/Qwen2-VL-2B-Instruct,nf4,fewshot,resample,2,1,beignets,beignets,0.9,0.8221251865228018,1,exact,3,Answer: beignets | Confidence: 90
B,Qwen/Qwen2-VL-2B-Instruct,nf4,fewshot,resample,2,2,beignets,beignets,0.9,0.9607115586598716,1,exact,3,Answer: beignets | Confidence: 90
B,Qwen/Qwen2-VL-2B-Instruct,nf4,fewshot,resample,2,3,beignets,beignets,0.9,0.9714440306027732,1,exact,3,Answer: beignets | Confidence: 90
B,Qwen/Qwen2-VL-2B-Instruct,nf4,fewshot,resample,2,4,beignets,beignets,0.9,0.9882229566574096,1,exact,3,Answer: beignets | Confidence: 90
B,Qwen/Qwen2-VL-2B-Instruct,nf4,fewshot,resample,2,5,beignets,beignets,,0.9600876371065776,1,exact,3,Answer: beignets
B,Qwen/Qwen2-VL-2B-Instruct,nf4,fewshot,resample,2,6,beignets,beignets,,0.9422966241836548,1,exact,3,Answer: beignets
B,Qwen/Qwen2-VL-2B-Instruct,nf4,fewshot,resample,2,7,beignets,beignets,0.9,0.985193928082784,1,exact,3,Answer: beignets | Confidence: 90
B,Qwen/Qwen2-VL-2B-Instruct,nf4,fewshot,resample,2,8,beignets,fried calamari,0.9,0.9586597681045532,0,contains,3,Answer: fried calamari | Confidence: 90
B,Qwen/Qwen2-VL-2B-Instruct,nf4,fewshot,resample,2,9,beignets,beignets,0.9,0.9806434909502664,1,exact,3,Answer: beignets | Confidence: 90
B,Qwen/Qwen2-VL-2B-Instruct,nf4,fewshot,resample,2,10,beignets,beignets,0.9,0.980244199434916,1,exact,3,Answer: beignets | Confidence: 90
B,Qwen/Qwen2-VL-2B-Instruct,nf4,fewshot,resample,2,11,beignets,beignets,0.9,0.9669222831726074,1,exact,3,Answer: beignets | Confidence: 90
B,Qwen/Qwen2-VL-2B-Instruct,nf4,fewshot,resample,2,12,beignets,beignets,0.9,0.9801663557688396,1,exact,3,Answer: beignets | Confidence: 90
B,Qwen/Qwen2-VL-2B-Instruct,nf4,fewshot,resample,2,13,beignets,beignets,0.9,0.9768479665120444,1,exact,3,Answer: beignets | Confidence: 90
B,Qwen/Qwen2-VL-2B-Instruct,nf4,fewshot,resample,2,14,beignets,,,0.8740988522768021,0,empty,4,Beignets
B,Qwen/Qwen2-VL-2B-Instruct,nf4,fewshot,resample,2,15,beignets,beignets,0.9,0.979384422302246,1,exact,3,Answer: beignets | Confidence: 90
B,Qwen/Qwen2-VL-2B-Instruct,nf4,fewshot,resample,2,16,beignets,beignets,0.9,0.9866481026013691,1,exact,3,Answer: beignets | Confidence: 90
B,Qwen/Qwen2-VL-2B-Instruct,nf4,fewshot,resample,2,17,beignets,beignets,,0.9826777378718058,1,exact,3,Answer: beignets
B,Qwen/Qwen2-VL-2B-Instruct,nf4,fewshot,resample,2,18,beignets,beignets,0.9,0.9681967894236246,1,exact,3,Answer: beignets | Confidence: 90
B,Qwen/Qwen2-VL-2B-Instruct,nf4,fewshot,resample,2,19,beignets,beignets,0.9,0.9327309926350912,1,exact,3,Answer: beignets | Confidence: 90
B,Qwen/Qwen2-VL-2B-Instruct,nf4,fewshot,resample,2,20,beignets,beignets,0.9,0.98898317416509,1,exact,3,Answer: beignets | Confidence: 90
B,Qwen/Qwen2-VL-2B-Instruct,nf4,fewshot,resample,2,21,beignets,beignets,0.9,0.908299684524536,1,exact,3,Answer: beignets | Confidence: 90
B,Qwen/Qwen2-VL-2B-Instruct,nf4,fewshot,resample,2,22,beignets,beignets,0.9,0.9767307639122008,1,exact,3,Answer: beignets | Confidence: 90
B,Qwen/Qwen2-VL-2B-Instruct,nf4,fewshot,resample,2,23,beignets,,,0.8471392765641212,0,empty,4,Beignets
B,Qwen/Qwen2-VL-2B-Instruct,nf4,fewshot,resample,2,24,beignets,beignets,0.9,0.9505844314893088,1,exact,3,Answer: beignets | Confidence: 90
B,Qwen/Qwen2-VL-2B-Instruct,nf4,fewshot,resample,2,25,beignets,beignets,0.9,0.9823682506879172,1,exact,3,Answer: beignets | Confidence: 90
B,Qwen/Qwen2-VL-2B-Instruct,nf4,fewshot,resample,2,26,beignets,beignets,,0.962624410788218,1,exact,3,Answer: beignets
B,Qwen/Qwen2-VL-2B-Instruct,nf4,fewshot,resample,2,27,beignets,beignets,0.9,0.9736808935801188,1,exact,3,Answer: beignets | Confidence: 90
B,Qwen/Qwen2-VL-2B-Instruct,nf4,fewshot,resample,2,28,beignets,beignets,0.9,0.9482197165489196,1,exact,3,Answer: beignets | Confidence: 90
B,Qwen/Qwen2-VL-2B-Instruct,nf4,fewshot,resample,2,29,beignets,beignets,,0.977412780125936,1,exact,3,Answer: beignets
B,Qwen/Qwen2-VL-2B-Instruct,nf4,fewshot,resample,2,30,beignets,beignets,0.9,0.977142870426178,1,exact,3,Answer: beignets | Confidence: 90
B,Qwen/Qwen2-VL-2B-Instruct,nf4,fewshot,resample,2,31,beignets,beignets,0.9,0.9736658533414204,1,exact,3,Answer: beignets | Confidence: 90
B,Qwen/Qwen2-VL-2B-Instruct,nf4,fewshot,resample,2,32,beignets,beignets,0.9,0.9694218238194784,1,exact,3,Answer: beignets | Confidence: 90
B,Qwen/Qwen2-VL-2B-Instruct,nf4,fewshot,resample,2,33,beignets,beignets,0.9,0.989422102769216,1,exact,3,Answer: beignets | Confidence: 90
B,Qwen/Qwen2-VL-2B-Instruct,nf4,fewshot,resample,2,34,beignets,beignets,0.9,0.9795939326286316,1,exact,3,Answer: beignets | Confidence: 90
B,Qwen/Qwen2-VL-2B-Instruct,nf4,fewshot,resample,2,35,beignets,,,0.8474673330783844,0,empty,4,Beignets
B,Qwen/Qwen2-VL-2B-Instruct,nf4,fewshot,resample,2,36,beignets,beignets,0.9,0.9864060878753662,1,exact,3,Answer: beignets | Confidence: 90
B,Qwen/Qwen2-VL-2B-Instruct,nf4,fewshot,resample,2,37,beignets,beignets,0.9,0.9880001346270244,1,exact,3,Answer: beignets | Confidence: 90
B,Qwen/Qwen2-VL-2B-Instruct,nf4,fewshot,resample,2,38,beignets,beignets,0.9,0.9701727032661438,1,exact,3,Answer: beignets | Confidence: 90
B,Qwen/Qwen2-VL-2B-Instruct,nf4,fewshot,resample,2,39,beignets,,,0.8451661169528961,0,empty,4,beignets
B,Qwen/Qwen2-VL-2B-Instruct,nf4,fewshot,resample,2,40,beignets,beignets,0.9,0.9821086923281352,1,exact,3,Answer: beignets | Confidence: 90
B,Qwen/Qwen2-VL-2B-Instruct,nf4,fewshot,resample,2,41,beignets,,,0.8265767470002174,0,empty,4,beignets
B,Qwen/Qwen2-VL-2B-Instruct,nf4,fewshot,resample,2,42,beignets,beignets,,0.9796428084373474,1,exact,3,Answer: beignets
B,Qwen/Qwen2-VL-2B-Instruct,nf4,fewshot,resample,2,43,beignets,beignets,0.9,0.973834216594696,1,exact,3,Answer: beignets | Confidence: 90
B,Qwen/Qwen2-VL-2B-Instruct,nf4,fewshot,resample,2,44,beignets,beignets,,0.9547727108001708,1,exact,3,Answer: beignets
B,Qwen/Qwen2-VL-2B-Instruct,nf4,fewshot,resample,2,45,beignets,beignets,,0.8178966542085012,1,exact,3,Answer: beignets
B,Qwen/Qwen2-VL-2B-Instruct,nf4,fewshot,resample,2,46,beignets,,,0.8344312831759453,0,empty,4,Beignets
B,Qwen/Qwen2-VL-2B-Instruct,nf4,fewshot,resample,2,47,beignets,beignets,0.9,0.9022006193796792,1,exact,3,Answer: beignets | Confidence: 90
B,Qwen/Qwen2-VL-2B-Instruct,nf4,fewshot,resample,2,48,beignets,beignets,0.9,0.9732771317164104,1,exact,3,Answer: beignets | Confidence: 90
B,Qwen/Qwen2-VL-2B-Instruct,nf4,fewshot,resample,2,49,beignets,beignets,0.9,0.9713279803593954,1,exact,3,Answer: beignets | Confidence: 90
B,Qwen/Qwen2-VL-2B-Instruct,nf4,fewshot,resample,2,50,beignets,beignets,0.9,0.9901309808095295,1,exact,3,Answer: beignets | Confidence: 90
B,Qwen/Qwen2-VL-2B-Instruct,nf4,fewshot,resample,2,51,beignets,beignets,0.9,0.9885841012001038,1,exact,3,Answer: beignets | Confidence: 90
B,Qwen/Qwen2-VL-2B-Instruct,nf4,fewshot,resample,2,52,beignets,beignets,,0.9669856826464336,1,exact,3,Answer: beignets
B,Qwen/Qwen2-VL-2B-Instruct,nf4,fewshot,resample,2,53,beignets,beignets,0.9,0.979511042435964,1,exact,3,Answer: beignets | Confidence: 90
B,Qwen/Qwen2-VL-2B-Instruct,nf4,fewshot,resample,2,54,beignets,beignets,0.9,0.9719098011652628,1,exact,3,Answer: beignets | Confidence: 90
B,Qwen/Qwen2-VL-2B-Instruct,nf4,fewshot,resample,2,55,beignets,beignets,0.9,0.9814372062683104,1,exact,3,Answer: beignets | Confidence: 90
B,Qwen/Qwen2-VL-2B-Instruct,nf4,fewshot,resample,2,56,beignets,beignets,0.9,0.9850895206133524,1,exact,3,Answer: beignets | Confidence: 90
B,Qwen/Qwen2-VL-2B-Instruct,nf4,fewshot,resample,2,57,beignets,beignets,0.9,0.9514809250831604,1,exact,3,Answer: beignets | Confidence: 90
B,Qwen/Qwen2-VL-2B-Instruct,nf4,fewshot,resample,2,58,beignets,beignets,0.9,0.9822079539299012,1,exact,3,Answer: beignets | Confidence: 90
B,Qwen/Qwen2-VL-2B-Instruct,nf4,fewshot,resample,2,59,beignets,beignets,0.9,0.978227158387502,1,exact,3,Answer: beignets | Confidence: 90
B,Qwen/Qwen2-VL-2B-Instruct,nf4,fewshot,resample,2,60,beignets,beignets,0.9,0.9831763903299968,1,exact,3,Answer: beignets | Confidence: 90
B,Qwen/Qwen2-VL-2B-Instruct,nf4,fewshot,resample,2,61,beignets,beignets,0.9,0.9902251164118449,1,exact,3,Answer: beignets | Confidence: 90
B,Qwen/Qwen2-VL-2B-Instruct,nf4,fewshot,resample,2,62,beignets,beignets,0.9,0.9705405831336976,1,exact,3,Answer: beignets | Confidence: 90
B,Qwen/Qwen2-VL-2B-Instruct,nf4,fewshot,resample,2,63,beignets,beignets,0.9,0.9697225491205852,1,exact,3,Answer: beignets | Confidence: 90
B,Qwen/Qwen2-VL-2B-Instruct,nf4,fewshot,resample,2,64,beignets,beignets,0.9,0.9844992558161416,1,exact,3,Answer: beignets | Confidence: 90
B,Qwen/Qwen2-VL-2B-Instruct,nf4,fewshot,resample,2,65,beignets,beignets,0.9,0.967926303545634,1,exact,3,Answer: beignets | Confidence: 90
B,Qwen/Qwen2-VL-2B-Instruct,nf4,fewshot,resample,2,66,beignets,,,0.8664609640836716,0,empty,4,Beignets
B,Qwen/Qwen2-VL-2B-Instruct,nf4,fewshot,resample,2,67,beignets,beignets,0.9,0.9851482311884562,1,exact,3,Answer: beignets | Confidence: 90
B,Qwen/Qwen2-VL-2B-Instruct,nf4,fewshot,resample,2,68,beignets,,,0.841433048248291,0,empty,4,Beignets
B,Qwen/Qwen2-VL-2B-Instruct,nf4,fewshot,resample,2,69,beignets,,,0.8395327031612396,0,empty,4,Beignets
B,Qwen/Qwen2-VL-2B-Instruct,nf4,fewshot,resample,2,70,beignets,beignets,0.9,0.9456267158190408,1,exact,3,Answer: beignets | Confidence: 90
B,Qwen/Qwen2-VL-2B-Instruct,nf4,fewshot,resample,2,71,beignets,beignets,0.9,0.9879953662554424,1,exact,3,Answer: beignets | Confidence: 90
B,Qwen/Qwen2-VL-2B-Instruct,nf4,fewshot,resample,2,72,beignets,beignets,0.9,0.9640489419301352,1,exact,3,Answer: beignets | Confidence: 90
B,Qwen/Qwen2-VL-2B-Instruct,nf4,fewshot,resample,2,73,beignets,beignets,0.9,0.9769616921742758,1,exact,3,Answer: beignets | Confidence: 90
B,Qwen/Qwen2-VL-2B-Instruct,nf4,fewshot,resample,2,74,beignets,beignets,0.9,0.9811921715736388,1,exact,3,Answer: beignets | Confidence: 90
B,Qwen/Qwen2-VL-2B-Instruct,nf4,fewshot,resample,2,75,beignets,beignets,0.9,0.992236336072286,1,exact,3,Answer: beignets | Confidence: 90
B,Qwen/Qwen2-VL-2B-Instruct,nf4,fewshot,resample,2,76,beignets,beignets,0.9,0.9613112807273864,1,exact,3,Answer: beignets | Confidence: 90
B,Qwen/Qwen2-VL-2B-Instruct,nf4,fewshot,resample,2,77,beignets,beignets,0.9,0.9791507720947266,1,exact,3,Answer: beignets | Confidence: 90
B,Qwen/Qwen2-VL-2B-Instruct,nf4,fewshot,resample,2,78,beignets,beignets,0.9,0.9837675094604492,1,exact,3,Answer: beignets | Confidence: 90
B,Qwen/Qwen2-VL-2B-Instruct,nf4,fewshot,resample,2,79,beignets,beignets,0.9,0.9832238157590232,1,exact,3,Answer: beignets | Confidence: 90
B,Qwen/Qwen2-VL-2B-Instruct,nf4,fewshot,resample,2,80,beignets,,,0.8949081301689148,0,empty,4,Beignets
B,Qwen/Qwen2-VL-2B-Instruct,nf4,fewshot,resample,2,81,beignets,beignets,0.9,0.9298660357793171,1,exact,3,Answer: beignets | Confidence: 90
B,Qwen/Qwen2-VL-2B-Instruct,nf4,fewshot,resample,2,82,beignets,beignets,0.9,0.9348935882250468,1,exact,3,Answer: beignets | Confidence: 90
B,Qwen/Qwen2-VL-2B-Instruct,nf4,fewshot,resample,2,83,beignets,beignets,0.9,0.936836818854014,1,exact,3,Answer: beignets | Confidence: 90
B,Qwen/Qwen2-VL-2B-Instruct,nf4,fewshot,resample,2,84,beignets,beignets,0.9,0.9878849784533182,1,exact,3,Answer: beignets | Confidence: 90
B,Qwen/Qwen2-VL-2B-Instruct,nf4,fewshot,resample,2,85,beignets,beignets,0.9,0.9620211720466614,1,exact,3,Answer: beignets | Confidence: 90
B,Qwen/Qwen2-VL-2B-Instruct,nf4,fewshot,resample,2,86,beignets,beignets,0.9,0.93346373240153,1,exact,3,Answer: beignets | Confidence: 90
B,Qwen/Qwen2-VL-2B-Instruct,nf4,fewshot,resample,2,87,beignets,beignets,0.9,0.965352455774943,1,exact,3,Answer: beignets | Confidence: 90
B,Qwen/Qwen2-VL-2B-Instruct,nf4,fewshot,resample,2,88,beignets,beignets,0.9,0.9761594335238138,1,exact,3,Answer: beignets | Confidence: 90
B,Qwen/Qwen2-VL-2B-Instruct,nf4,fewshot,resample,2,89,beignets,bread pudding,0.9,0.6111816838383675,0,contains,2,Answer: bread pudding | Confidence: 90
B,Qwen/Qwen2-VL-2B-Instruct,nf4,fewshot,resample,2,90,beignets,beignets,0.9,0.9817983110745748,1,exact,3,Answer: beignets | Confidence: 90
B,Qwen/Qwen2-VL-2B-Instruct,nf4,fewshot,resample,2,91,beignets,beignets,0.9,0.966923713684082,1,exact,3,Answer: beignets | Confidence: 90
B,Qwen/Qwen2-VL-2B-Instruct,nf4,fewshot,resample,2,92,beignets,beignets,,0.9767755071322124,1,exact,3,Answer: beignets
B,Qwen/Qwen2-VL-2B-Instruct,nf4,fewshot,resample,2,93,beignets,beignets,0.9,0.9614239533742268,1,exact,3,Answer: beignets | Confidence: 90
B,Qwen/Qwen2-VL-2B-Instruct,nf4,fewshot,resample,2,94,beignets,beignets,0.9,0.9595146775245668,1,exact,3,Answer: beignets | Confidence: 90
B,Qwen/Qwen2-VL-2B-Instruct,nf4,fewshot,resample,2,95,beignets,,,0.8464184701442719,0,empty,4,Beignets
B,Qwen/Qwen2-VL-2B-Instruct,nf4,fewshot,resample,2,96,beignets,,,0.8548000901937485,0,empty,4,Beignets
B,Qwen/Qwen2-VL-2B-Instruct,nf4,fewshot,resample,2,97,beignets,beignets,0.9,0.9140884280204772,1,exact,3,Answer: beignets | Confidence: 90
B,Qwen/Qwen2-VL-2B-Instruct,nf4,fewshot,resample,2,98,beignets,beignets,0.9,0.9350725213686624,1,exact,3,Answer: beignets | Confidence: 90
B,Qwen/Qwen2-VL-2B-Instruct,nf4,fewshot,resample,2,99,beignets,beignets,0.9,0.9752671122550964,1,exact,3,Answer: beignets | Confidence: 90
B,Qwen/Qwen2-VL-2B-Instruct,nf4,fewshot,resample,3,0,beignets,beignets,0.9,0.9918623169263204,1,exact,3,Answer: beignets | Confidence: 90
B,Qwen/Qwen2-VL-2B-Instruct,nf4,fewshot,resample,3,1,beignets,beignets,0.9,0.7582985361417135,1,exact,3,Answer: beignets | Confidence: 90
B,Qwen/Qwen2-VL-2B-Instruct,nf4,fewshot,resample,3,2,beignets,beignets,0.9,0.9819611310958862,1,exact,3,Answer: beignets | Confidence: 90
B,Qwen/Qwen2-VL-2B-Instruct,nf4,fewshot,resample,3,3,beignets,poutine,0.9,0.6546677201986313,0,contains,2,Answer: poutine | Confidence: 90
B,Qwen/Qwen2-VL-2B-Instruct,nf4,fewshot,resample,3,4,beignets,beignets,0.9,0.9913385709126792,1,exact,3,Answer: beignets | Confidence: 90
B,Qwen/Qwen2-VL-2B-Instruct,nf4,fewshot,resample,3,5,beignets,beignets,0.9,0.9770415425300598,1,exact,3,Answer: beignets | Confidence: 90
B,Qwen/Qwen2-VL-2B-Instruct,nf4,fewshot,resample,3,6,beignets,,,0.8560835644602776,0,empty,4,Beignets
B,Qwen/Qwen2-VL-2B-Instruct,nf4,fewshot,resample,3,7,beignets,beignets,0.9,0.9845481713612876,1,exact,3,Answer: beignets | Confidence: 90
B,Qwen/Qwen2-VL-2B-Instruct,nf4,fewshot,resample,3,8,beignets,fried calamari,0.9,0.938443958759308,0,contains,3,Answer: fried calamari | Confidence: 90
B,Qwen/Qwen2-VL-2B-Instruct,nf4,fewshot,resample,3,9,beignets,beignets,0.9,0.9866953293482462,1,exact,3,Answer: beignets | Confidence: 90
B,Qwen/Qwen2-VL-2B-Instruct,nf4,fewshot,resample,3,10,beignets,beignets,0.9,0.988016923268636,1,exact,3,Answer: beignets | Confidence: 90
B,Qwen/Qwen2-VL-2B-Instruct,nf4,fewshot,resample,3,11,beignets,beignets,0.9,0.9766407012939452,1,exact,3,Answer: beignets | Confidence: 90
B,Qwen/Qwen2-VL-2B-Instruct,nf4,fewshot,resample,3,12,beignets,beignets,0.9,0.9299443165461222,1,exact,3,Answer: beignets | Confidence: 90
B,Qwen/Qwen2-VL-2B-Instruct,nf4,fewshot,resample,3,13,beignets,beignets,0.9,0.9864109555880228,1,exact,3,Answer: beignets | Confidence: 90
B,Qwen/Qwen2-VL-2B-Instruct,nf4,fewshot,resample,3,14,beignets,,,0.8721568435430527,0,empty,4,Beignets
B,Qwen/Qwen2-VL-2B-Instruct,nf4,fewshot,resample,3,15,beignets,beignets,0.9,0.984132707118988,1,exact,3,Answer: beignets | Confidence: 90
B,Qwen/Qwen2-VL-2B-Instruct,nf4,fewshot,resample,3,16,beignets,beignets,0.9,0.9794787367184956,1,exact,3,Answer: beignets | Confidence: 90
B,Qwen/Qwen2-VL-2B-Instruct,nf4,fewshot,resample,3,17,beignets,beignets,,0.9908960660298666,1,exact,3,Answer: beignets
B,Qwen/Qwen2-VL-2B-Instruct,nf4,fewshot,resample,3,18,beignets,,,0.839633397758007,0,empty,4,Beignets
B,Qwen/Qwen2-VL-2B-Instruct,nf4,fewshot,resample,3,19,beignets,beignets,0.9,0.9281051158905028,1,exact,3,Answer: beignets | Confidence: 90
B,Qwen/Qwen2-VL-2B-Instruct,nf4,fewshot,resample,3,20,beignets,beignets,0.9,0.9915942549705504,1,exact,3,Answer: beignets | Confidence: 90
B,Qwen/Qwen2-VL-2B-Instruct,nf4,fewshot,resample,3,21,beignets,fried calamari,0.9,0.7473696172237396,0,contains,3,Answer: fried calamari | Confidence: 90
B,Qwen/Qwen2-VL-2B-Instruct,nf4,fewshot,resample,3,22,beignets,beignets,0.9,0.8734827240308126,1,exact,3,Answer: beignets | Confidence: 90
B,Qwen/Qwen2-VL-2B-Instruct,nf4,fewshot,resample,3,23,beignets,,,0.8178755789995193,0,empty,4,Beignets
B,Qwen/Qwen2-VL-2B-Instruct,nf4,fewshot,resample,3,24,beignets,beignets,0.9,0.9702264467875162,1,exact,3,Answer: beignets | Confidence: 90
B,Qwen/Qwen2-VL-2B-Instruct,nf4,fewshot,resample,3,25,beignets,beignets,0.9,0.9827137986818948,1,exact,3,Answer: beignets | Confidence: 90
B,Qwen/Qwen2-VL-2B-Instruct,nf4,fewshot,resample,3,26,beignets,beignets,0.9,0.9724740982055664,1,exact,3,Answer: beignets | Confidence: 90
B,Qwen/Qwen2-VL-2B-Instruct,nf4,fewshot,resample,3,27,beignets,beignets,0.9,0.9810926914215088,1,exact,3,Answer: beignets | Confidence: 90
B,Qwen/Qwen2-VL-2B-Instruct,nf4,fewshot,resample,3,28,beignets,beignets,0.9,0.9653977751731871,1,exact,3,Answer: beignets | Confidence: 90
B,Qwen/Qwen2-VL-2B-Instruct,nf4,fewshot,resample,3,29,beignets,beignets,0.9,0.982473115126292,1,exact,3,Answer: beignets | Confidence: 90
B,Qwen/Qwen2-VL-2B-Instruct,nf4,fewshot,resample,3,30,beignets,,,0.8115312084555626,0,empty,4,Beignets
B,Qwen/Qwen2-VL-2B-Instruct,nf4,fewshot,resample,3,31,beignets,creme brulee,0.9,0.985547137260437,0,contains,5,Answer: creme brulee | Confidence: 90
B,Qwen/Qwen2-VL-2B-Instruct,nf4,fewshot,resample,3,32,beignets,,,0.8449488505721092,0,empty,4,Beignets
B,Qwen/Qwen2-VL-2B-Instruct,nf4,fewshot,resample,3,33,beignets,beignets,0.9,0.9943320155143738,1,exact,3,Answer: beignets | Confidence: 90
B,Qwen/Qwen2-VL-2B-Instruct,nf4,fewshot,resample,3,34,beignets,beignets,0.9,0.9915927648544312,1,exact,3,Answer: beignets | Confidence: 90
B,Qwen/Qwen2-VL-2B-Instruct,nf4,fewshot,resample,3,35,beignets,shrimp and grits,0.9,0.9365268498659134,0,contains,4,Answer: shrimp and grits | Confidence: 90
B,Qwen/Qwen2-VL-2B-Instruct,nf4,fewshot,resample,3,36,beignets,beignets,0.9,0.916710098584493,1,exact,3,Answer: beignets | Confidence: 90
B,Qwen/Qwen2-VL-2B-Instruct,nf4,fewshot,resample,3,37,beignets,beignets,0.9,0.9926125605901084,1,exact,3,Answer: beignets | Confidence: 90
B,Qwen/Qwen2-VL-2B-Instruct,nf4,fewshot,resample,3,38,beignets,beignets,0.9,0.987897793451945,1,exact,3,Answer: beignets | Confidence: 90
B,Qwen/Qwen2-VL-2B-Instruct,nf4,fewshot,resample,3,39,beignets,,,0.8252124041318893,0,empty,4,beignets
B,Qwen/Qwen2-VL-2B-Instruct,nf4,fewshot,resample,3,40,beignets,beignets,0.9,0.983818789323171,1,exact,3,Answer: beignets | Confidence: 90
B,Qwen/Qwen2-VL-2B-Instruct,nf4,fewshot,resample,3,41,beignets,,,0.7750553786754608,0,empty,4,beignets
B,Qwen/Qwen2-VL-2B-Instruct,nf4,fewshot,resample,3,42,beignets,beignets,0.9,0.8712858955065409,1,exact,3,Answer: beignets | Confidence: 90
B,Qwen/Qwen2-VL-2B-Instruct,nf4,fewshot,resample,3,43,beignets,beignets,0.9,0.9819578131039938,1,exact,3,Answer: beignets | Confidence: 90
B,Qwen/Qwen2-VL-2B-Instruct,nf4,fewshot,resample,3,44,beignets,beignets,,0.9705578287442526,1,exact,3,Answer: beignets
B,Qwen/Qwen2-VL-2B-Instruct,nf4,fewshot,resample,3,45,beignets,,,0.8262633234262466,0,empty,4,Beignets
B,Qwen/Qwen2-VL-2B-Instruct,nf4,fewshot,resample,3,46,beignets,,,0.7887327671051025,0,empty,4,beignets
B,Qwen/Qwen2-VL-2B-Instruct,nf4,fewshot,resample,3,47,beignets,scallops,0.9,0.7550060451030731,0,contains,2,Answer: scallops | Confidence: 90
B,Qwen/Qwen2-VL-2B-Instruct,nf4,fewshot,resample,3,48,beignets,beignets,0.9,0.9856606523195902,1,exact,3,Answer: beignets | Confidence: 90
B,Qwen/Qwen2-VL-2B-Instruct,nf4,fewshot,resample,3,49,beignets,,,0.8179782703518867,0,empty,4,Beignets
B,Qwen/Qwen2-VL-2B-Instruct,nf4,fewshot,resample,3,50,beignets,lobster roll sandwich,0.9,0.907479465007782,0,contains,3,Answer: lobster roll sandwich | Confidence: 90
B,Qwen/Qwen2-VL-2B-Instruct,nf4,fewshot,resample,3,51,beignets,beignets,0.9,0.9845790068308512,1,exact,3,Answer: beignets | Confidence: 90
B,Qwen/Qwen2-VL-2B-Instruct,nf4,fewshot,resample,3,52,beignets,beignets,0.9,0.9808351000150044,1,exact,3,Answer: beignets | Confidence: 90
B,Qwen/Qwen2-VL-2B-Instruct,nf4,fewshot,resample,3,53,beignets,,,0.8237379938364029,0,empty,4,Beignets
B,Qwen/Qwen2-VL-2B-Instruct,nf4,fewshot,resample,3,54,beignets,beignets,0.9,0.9829864501953124,1,exact,3,Answer: beignets | Confidence: 90
B,Qwen/Qwen2-VL-2B-Instruct,nf4,fewshot,resample,3,55,beignets,beignets,0.9,0.983626921971639,1,exact,3,Answer: beignets | Confidence: 90
B,Qwen/Qwen2-VL-2B-Instruct,nf4,fewshot,resample,3,56,beignets,beignets,0.9,0.9735317826271056,1,exact,3,Answer: beignets | Confidence: 90
B,Qwen/Qwen2-VL-2B-Instruct,nf4,fewshot,resample,3,57,beignets,fried rice,0.9,0.4929447174072265,0,contains,2,Answer: fried rice | Confidence: 90
B,Qwen/Qwen2-VL-2B-Instruct,nf4,fewshot,resample,3,58,beignets,beignets,0.9,0.9906000892321268,1,exact,3,Answer: beignets | Confidence: 90
B,Qwen/Qwen2-VL-2B-Instruct,nf4,fewshot,resample,3,59,beignets,beignets,0.9,0.956630249818166,1,exact,3,Answer: beignets | Confidence: 90
B,Qwen/Qwen2-VL-2B-Instruct,nf4,fewshot,resample,3,60,beignets,beignets,0.9,0.7926956911881765,1,exact,3,Answer: beignets | Confidence: 90
B,Qwen/Qwen2-VL-2B-Instruct,nf4,fewshot,resample,3,61,beignets,beignets,0.9,0.9932763775189718,1,exact,3,Answer: beignets | Confidence: 90
B,Qwen/Qwen2-VL-2B-Instruct,nf4,fewshot,resample,3,62,beignets,beignets,0.9,0.9707913200060526,1,exact,3,Answer: beignets | Confidence: 90
B,Qwen/Qwen2-VL-2B-Instruct,nf4,fewshot,resample,3,63,beignets,beignets,0.9,0.9828008810679116,1,exact,3,Answer: beignets | Confidence: 90
B,Qwen/Qwen2-VL-2B-Instruct,nf4,fewshot,resample,3,64,beignets,beignets,0.9,0.9909412463506064,1,exact,3,Answer: beignets | Confidence: 90
B,Qwen/Qwen2-VL-2B-Instruct,nf4,fewshot,resample,3,65,beignets,beignets,0.9,0.9813485940297444,1,exact,3,Answer: beignets | Confidence: 90
B,Qwen/Qwen2-VL-2B-Instruct,nf4,fewshot,resample,3,66,beignets,,,0.7960499748587608,0,empty,4,beignets
B,Qwen/Qwen2-VL-2B-Instruct,nf4,fewshot,resample,3,67,beignets,beignets,0.9,0.9908497134844462,1,exact,3,Answer: beignets | Confidence: 90
B,Qwen/Qwen2-VL-2B-Instruct,nf4,fewshot,resample,3,68,beignets,,,0.8521174192428589,0,empty,4,Beignets
B,Qwen/Qwen2-VL-2B-Instruct,nf4,fewshot,resample,3,69,beignets,,,0.8153417035937309,0,empty,4,Beignets
B,Qwen/Qwen2-VL-2B-Instruct,nf4,fewshot,resample,3,70,beignets,beignets,0.9,0.9757350484530132,1,exact,3,Answer: beignets | Confidence: 90
B,Qwen/Qwen2-VL-2B-Instruct,nf4,fewshot,resample,3,71,beignets,beignets,0.9,0.9937717517217,1,exact,3,Answer: beignets | Confidence: 90
B,Qwen/Qwen2-VL-2B-Instruct,nf4,fewshot,resample,3,72,beignets,beignets,0.9,0.9804291526476542,1,exact,3,Answer: beignets | Confidence: 90
B,Qwen/Qwen2-VL-2B-Instruct,nf4,fewshot,resample,3,73,beignets,beignets,0.9,0.9733202258745828,1,exact,3,Answer: beignets | Confidence: 90
B,Qwen/Qwen2-VL-2B-Instruct,nf4,fewshot,resample,3,74,beignets,beignets,0.9,0.7597201764583588,1,exact,3,Answer: beignets | Confidence: 90
B,Qwen/Qwen2-VL-2B-Instruct,nf4,fewshot,resample,3,75,beignets,beignets,0.9,0.9943332473436992,1,exact,3,Answer: beignets | Confidence: 90
B,Qwen/Qwen2-VL-2B-Instruct,nf4,fewshot,resample,3,76,beignets,beignets,0.9,0.985425591468811,1,exact,3,Answer: beignets | Confidence: 90
B,Qwen/Qwen2-VL-2B-Instruct,nf4,fewshot,resample,3,77,beignets,beignets,0.9,0.983452558517456,1,exact,3,Answer: beignets | Confidence: 90
B,Qwen/Qwen2-VL-2B-Instruct,nf4,fewshot,resample,3,78,beignets,beignets,0.9,0.9485951463381448,1,exact,3,Answer: beignets | Confidence: 90
B,Qwen/Qwen2-VL-2B-Instruct,nf4,fewshot,resample,3,79,beignets,beignets,0.9,0.9244953195254008,1,exact,3,Answer: beignets | Confidence: 90
B,Qwen/Qwen2-VL-2B-Instruct,nf4,fewshot,resample,3,80,beignets,,,0.8840583711862564,0,empty,4,Beignets
B,Qwen/Qwen2-VL-2B-Instruct,nf4,fewshot,resample,3,81,beignets,beignets,0.9,0.9543436368306478,1,exact,3,Answer: beignets | Confidence: 90
B,Qwen/Qwen2-VL-2B-Instruct,nf4,fewshot,resample,3,82,beignets,beignets,0.9,0.9605791767438252,1,exact,3,Answer: beignets | Confidence: 90
B,Qwen/Qwen2-VL-2B-Instruct,nf4,fewshot,resample,3,83,beignets,beignets,0.9,0.866001307964325,1,exact,3,Answer: beignets | Confidence: 90
B,Qwen/Qwen2-VL-2B-Instruct,nf4,fewshot,resample,3,84,beignets,beignets,0.9,0.9886900186538696,1,exact,3,Answer: beignets | Confidence: 90
B,Qwen/Qwen2-VL-2B-Instruct,nf4,fewshot,resample,3,85,beignets,beignets,0.9,0.963392217954,1,exact,3,Answer: beignets | Confidence: 90
B,Qwen/Qwen2-VL-2B-Instruct,nf4,fewshot,resample,3,86,beignets,,,0.8479629904031754,0,empty,4,Beignets
B,Qwen/Qwen2-VL-2B-Instruct,nf4,fewshot,resample,3,87,beignets,beignets,0.9,0.9669570326805116,1,exact,3,Answer: beignets | Confidence: 90
B,Qwen/Qwen2-VL-2B-Instruct,nf4,fewshot,resample,3,88,beignets,beignets,0.9,0.8182181219259897,1,exact,3,Answer: beignets | Confidence: 90
B,Qwen/Qwen2-VL-2B-Instruct,nf4,fewshot,resample,3,89,beignets,bread pudding,0.9,0.6495838761329651,0,contains,2,Answer: bread pudding | Confidence: 90
B,Qwen/Qwen2-VL-2B-Instruct,nf4,fewshot,resample,3,90,beignets,beignets,0.9,0.984187384446462,1,exact,3,Answer: beignets | Confidence: 90
B,Qwen/Qwen2-VL-2B-Instruct,nf4,fewshot,resample,3,91,beignets,beignets,0.9,0.984638532002767,1,exact,3,Answer: beignets | Confidence: 90
B,Qwen/Qwen2-VL-2B-Instruct,nf4,fewshot,resample,3,92,beignets,beignets,0.9,0.986873189608256,1,exact,3,Answer: beignets | Confidence: 90
B,Qwen/Qwen2-VL-2B-Instruct,nf4,fewshot,resample,3,93,beignets,,,0.8278609290719032,0,empty,4,Beignets
B,Qwen/Qwen2-VL-2B-Instruct,nf4,fewshot,resample,3,94,beignets,beignets,0.9,0.9792081912358602,1,exact,3,Answer: beignets | Confidence: 90
B,Qwen/Qwen2-VL-2B-Instruct,nf4,fewshot,resample,3,95,beignets,,,0.840263731777668,0,empty,4,Beignets
B,Qwen/Qwen2-VL-2B-Instruct,nf4,fewshot,resample,3,96,beignets,,,0.832763709127903,0,empty,4,Beignets
B,Qwen/Qwen2-VL-2B-Instruct,nf4,fewshot,resample,3,97,beignets,beignets,0.9,0.7363061209519705,1,exact,3,Answer: beignets | Confidence: 90
B,Qwen/Qwen2-VL-2B-Instruct,nf4,fewshot,resample,3,98,beignets,,,0.8290954530239105,0,empty,4,Beignets
B,Qwen/Qwen2-VL-2B-Instruct,nf4,fewshot,resample,3,99,beignets,beignets,0.9,0.9602381189664204,1,exact,3,Answer: beignets | Confidence: 90
B,Qwen/Qwen2-VL-2B-Instruct,nf4,fewshot,rotation,1,0,beignets,,,0.8297287076711655,0,empty,4,beignets
B,Qwen/Qwen2-VL-2B-Instruct,nf4,fewshot,rotation,1,1,beignets,beignets,0.9,0.93293559551239,1,exact,3,Answer: beignets | Confidence: 90
B,Qwen/Qwen2-VL-2B-Instruct,nf4,fewshot,rotation,1,2,beignets,beignets,0.9,0.9702710707982382,1,exact,3,Answer: beignets | Confidence: 90
B,Qwen/Qwen2-VL-2B-Instruct,nf4,fewshot,rotation,1,3,beignets,beignets,0.9,0.9803358912467957,1,exact,3,Answer: beignets | Confidence: 90
B,Qwen/Qwen2-VL-2B-Instruct,nf4,fewshot,rotation,1,4,beignets,beignets,0.9,0.9924647609392802,1,exact,3,Answer: beignets | Confidence: 90
B,Qwen/Qwen2-VL-2B-Instruct,nf4,fewshot,rotation,1,5,beignets,,,0.8255615159869194,0,empty,4,Beignets
B,Qwen/Qwen2-VL-2B-Instruct,nf4,fewshot,rotation,1,6,beignets,,,0.844881035387516,0,empty,4,Beignets
B,Qwen/Qwen2-VL-2B-Instruct,nf4,fewshot,rotation,1,7,beignets,beignets,0.9,0.9849722186724345,1,exact,3,Answer: beignets | Confidence: 90
B,Qwen/Qwen2-VL-2B-Instruct,nf4,fewshot,rotation,1,8,beignets,fried calamari,0.85,0.9618951082229614,0,contains,3,Answer: fried calamari | Confidence: 85
B,Qwen/Qwen2-VL-2B-Instruct,nf4,fewshot,rotation,1,9,beignets,beignets,0.9,0.9754677216211954,1,exact,3,Answer: beignets | Confidence: 90
B,Qwen/Qwen2-VL-2B-Instruct,nf4,fewshot,rotation,1,10,beignets,beignets,0.9,0.9670270482699076,1,exact,3,Answer: beignets | Confidence: 90
B,Qwen/Qwen2-VL-2B-Instruct,nf4,fewshot,rotation,1,11,beignets,,,0.8834092170000076,0,empty,4,Beignets
B,Qwen/Qwen2-VL-2B-Instruct,nf4,fewshot,rotation,1,12,beignets,beignets,0.9,0.9751053055127462,1,exact,3,Answer: beignets | Confidence: 90
B,Qwen/Qwen2-VL-2B-Instruct,nf4,fewshot,rotation,1,13,beignets,beignets,0.9,0.979071299235026,1,exact,3,Answer: beignets | Confidence: 90
B,Qwen/Qwen2-VL-2B-Instruct,nf4,fewshot,rotation,1,14,beignets,,,0.8703356832265854,0,empty,4,Beignets
B,Qwen/Qwen2-VL-2B-Instruct,nf4,fewshot,rotation,1,15,beignets,beignets,0.9,0.9811101953188578,1,exact,3,Answer: beignets | Confidence: 90
B,Qwen/Qwen2-VL-2B-Instruct,nf4,fewshot,rotation,1,16,beignets,beignets,0.9,0.983301877975464,1,exact,3,Answer: beignets | Confidence: 90
B,Qwen/Qwen2-VL-2B-Instruct,nf4,fewshot,rotation,1,17,beignets,beignets,0.9,0.9907479484875996,1,exact,3,Answer: beignets | Confidence: 90
B,Qwen/Qwen2-VL-2B-Instruct,nf4,fewshot,rotation,1,18,beignets,beignets,0.9,0.9802240331967672,1,exact,3,Answer: beignets | Confidence: 90
B,Qwen/Qwen2-VL-2B-Instruct,nf4,fewshot,rotation,1,19,beignets,beignets,0.9,0.9358485142389932,1,exact,3,Answer: beignets | Confidence: 90
B,Qwen/Qwen2-VL-2B-Instruct,nf4,fewshot,rotation,1,20,beignets,beignets,0.9,0.9912376403808594,1,exact,3,Answer: beignets | Confidence: 90
B,Qwen/Qwen2-VL-2B-Instruct,nf4,fewshot,rotation,1,21,beignets,beignets,0.9,0.8861077626546224,1,exact,3,Answer: beignets | Confidence: 90
B,Qwen/Qwen2-VL-2B-Instruct,nf4,fewshot,rotation,1,22,beignets,beignets,0.9,0.9786489605903624,1,exact,3,Answer: beignets | Confidence: 90
B,Qwen/Qwen2-VL-2B-Instruct,nf4,fewshot,rotation,1,23,beignets,beignets,0.9,0.9849986831347148,1,exact,3,Answer: beignets | Confidence: 90
B,Qwen/Qwen2-VL-2B-Instruct,nf4,fewshot,rotation,1,24,beignets,beignets,0.9,0.9705039064089456,1,exact,3,Answer: beignets | Confidence: 90
B,Qwen/Qwen2-VL-2B-Instruct,nf4,fewshot,rotation,1,25,beignets,,,0.8457408919930458,0,empty,4,Beignets
B,Qwen/Qwen2-VL-2B-Instruct,nf4,fewshot,rotation,1,26,beignets,beignets,0.9,0.9795092940330504,1,exact,3,Answer: beignets | Confidence: 90
B,Qwen/Qwen2-VL-2B-Instruct,nf4,fewshot,rotation,1,27,beignets,beignets,0.9,0.978441596031189,1,exact,3,Answer: beignets | Confidence: 90
B,Qwen/Qwen2-VL-2B-Instruct,nf4,fewshot,rotation,1,28,beignets,,,0.849982239305973,0,empty,4,Beignets
B,Qwen/Qwen2-VL-2B-Instruct,nf4,fewshot,rotation,1,29,beignets,beignets,0.9,0.9825533628463744,1,exact,3,Answer: beignets | Confidence: 90
B,Qwen/Qwen2-VL-2B-Instruct,nf4,fewshot,rotation,1,30,beignets,,,0.8430487364530563,0,empty,4,Beignets
B,Qwen/Qwen2-VL-2B-Instruct,nf4,fewshot,rotation,1,31,beignets,beignets,0.9,0.9741803208986918,1,exact,3,Answer: beignets | Confidence: 90
B,Qwen/Qwen2-VL-2B-Instruct,nf4,fewshot,rotation,1,32,beignets,beignets,0.9,0.9712451696395874,1,exact,3,Answer: beignets | Confidence: 90
B,Qwen/Qwen2-VL-2B-Instruct,nf4,fewshot,rotation,1,33,beignets,beignets,0.9,0.992572863896688,1,exact,3,Answer: beignets | Confidence: 90
B,Qwen/Qwen2-VL-2B-Instruct,nf4,fewshot,rotation,1,34,beignets,beignets,0.9,0.9847433964411416,1,exact,3,Answer: beignets | Confidence: 90
B,Qwen/Qwen2-VL-2B-Instruct,nf4,fewshot,rotation,1,35,beignets,,,0.8886255770921707,0,empty,4,Beignets
B,Qwen/Qwen2-VL-2B-Instruct,nf4,fewshot,rotation,1,36,beignets,beignets,0.9,0.9873554905255636,1,exact,3,Answer: beignets | Confidence: 90
B,Qwen/Qwen2-VL-2B-Instruct,nf4,fewshot,rotation,1,37,beignets,beignets,0.9,0.9906895359357198,1,exact,3,Answer: beignets | Confidence: 90
B,Qwen/Qwen2-VL-2B-Instruct,nf4,fewshot,rotation,1,38,beignets,beignets,0.9,0.9867848753929138,1,exact,3,Answer: beignets | Confidence: 90
B,Qwen/Qwen2-VL-2B-Instruct,nf4,fewshot,rotation,1,39,beignets,,,0.8868531733751297,0,empty,4,beignets
B,Qwen/Qwen2-VL-2B-Instruct,nf4,fewshot,rotation,1,40,beignets,beignets,0.9,0.9843493302663168,1,exact,3,Answer: beignets | Confidence: 90
B,Qwen/Qwen2-VL-2B-Instruct,nf4,fewshot,rotation,1,41,beignets,,,0.8407973498106003,0,empty,4,beignets
B,Qwen/Qwen2-VL-2B-Instruct,nf4,fewshot,rotation,1,42,beignets,beignets,0.9,0.9778175950050354,1,exact,3,Answer: beignets | Confidence: 90
B,Qwen/Qwen2-VL-2B-Instruct,nf4,fewshot,rotation,1,43,beignets,beignets,0.9,0.9785429636637368,1,exact,3,Answer: beignets | Confidence: 90
B,Qwen/Qwen2-VL-2B-Instruct,nf4,fewshot,rotation,1,44,beignets,beignets,0.9,0.969884196917216,1,exact,3,Answer: beignets | Confidence: 90
B,Qwen/Qwen2-VL-2B-Instruct,nf4,fewshot,rotation,1,45,beignets,french toast,0.9,0.6651467233896255,0,contains,2,Answer: french toast | Confidence: 90
B,Qwen/Qwen2-VL-2B-Instruct,nf4,fewshot,rotation,1,46,beignets,,,0.8353411257266998,0,empty,4,Beignets
B,Qwen/Qwen2-VL-2B-Instruct,nf4,fewshot,rotation,1,47,beignets,beignets,0.9,0.9183244109153748,1,exact,3,Answer: beignets | Confidence: 90
B,Qwen/Qwen2-VL-2B-Instruct,nf4,fewshot,rotation,1,48,beignets,beignets,0.9,0.9798264900843302,1,exact,3,Answer: beignets | Confidence: 90
B,Qwen/Qwen2-VL-2B-Instruct,nf4,fewshot,rotation,1,49,beignets,,,0.860854983329773,0,empty,4,Beignets
B,Qwen/Qwen2-VL-2B-Instruct,nf4,fewshot,rotation,1,50,beignets,beignets,0.9,0.9906919201215107,1,exact,3,Answer: beignets | Confidence: 90
B,Qwen/Qwen2-VL-2B-Instruct,nf4,fewshot,rotation,1,51,beignets,beignets,0.9,0.9882493416468302,1,exact,3,Answer: beignets | Confidence: 90
B,Qwen/Qwen2-VL-2B-Instruct,nf4,fewshot,rotation,1,52,beignets,beignets,0.9,0.9740923444430032,1,exact,3,Answer: beignets | Confidence: 90
B,Qwen/Qwen2-VL-2B-Instruct,nf4,fewshot,rotation,1,53,beignets,beignets,0.9,0.9802347819010416,1,exact,3,Answer: beignets | Confidence: 90
B,Qwen/Qwen2-VL-2B-Instruct,nf4,fewshot,rotation,1,54,beignets,beignets,0.9,0.985417624314626,1,exact,3,Answer: beignets | Confidence: 90
B,Qwen/Qwen2-VL-2B-Instruct,nf4,fewshot,rotation,1,55,beignets,beignets,0.9,0.9870033462842306,1,exact,3,Answer: beignets | Confidence: 90
B,Qwen/Qwen2-VL-2B-Instruct,nf4,fewshot,rotation,1,56,beignets,pizza,0.9,0.9042711853981018,0,contains,1,Answer: pizza | Confidence: 90
B,Qwen/Qwen2-VL-2B-Instruct,nf4,fewshot,rotation,1,57,beignets,beignets,0.9,0.8460543155670166,1,exact,3,Answer: beignets | Confidence: 90
B,Qwen/Qwen2-VL-2B-Instruct,nf4,fewshot,rotation,1,58,beignets,beignets,0.9,0.9875436623891196,1,exact,3,Answer: beignets | Confidence: 90
B,Qwen/Qwen2-VL-2B-Instruct,nf4,fewshot,rotation,1,59,beignets,beignets,0.9,0.9752045273780824,1,exact,3,Answer: beignets | Confidence: 90
B,Qwen/Qwen2-VL-2B-Instruct,nf4,fewshot,rotation,1,60,beignets,beignets,0.9,0.8307609657446543,1,exact,3,Answer: beignets | Confidence: 90
B,Qwen/Qwen2-VL-2B-Instruct,nf4,fewshot,rotation,1,61,beignets,beignets,0.9,0.991804838180542,1,exact,3,Answer: beignets | Confidence: 90
B,Qwen/Qwen2-VL-2B-Instruct,nf4,fewshot,rotation,1,62,beignets,,,0.8650173470377922,0,empty,4,Beignets
B,Qwen/Qwen2-VL-2B-Instruct,nf4,fewshot,rotation,1,63,beignets,beignets,0.9,0.9737459619839988,1,exact,3,Answer: beignets | Confidence: 90
B,Qwen/Qwen2-VL-2B-Instruct,nf4,fewshot,rotation,1,64,beignets,beignets,0.9,0.9892513553301492,1,exact,3,Answer: beignets | Confidence: 90
B,Qwen/Qwen2-VL-2B-Instruct,nf4,fewshot,rotation,1,65,beignets,beignets,0.9,0.980989933013916,1,exact,3,Answer: beignets | Confidence: 90
B,Qwen/Qwen2-VL-2B-Instruct,nf4,fewshot,rotation,1,66,beignets,,,0.8638806939125061,0,empty,4,Beignets
B,Qwen/Qwen2-VL-2B-Instruct,nf4,fewshot,rotation,1,67,beignets,pizza,0.85,0.8295866847038269,0,nomatch,1,Answer: pizza | Confidence: 85
B,Qwen/Qwen2-VL-2B-Instruct,nf4,fewshot,rotation,1,68,beignets,beignets,0.9,0.9735753734906516,1,exact,3,Answer: beignets | Confidence: 90
B,Qwen/Qwen2-VL-2B-Instruct,nf4,fewshot,rotation,1,69,beignets,beignets,0.9,0.9774262110392252,1,exact,3,Answer: beignets | Confidence: 90
B,Qwen/Qwen2-VL-2B-Instruct,nf4,fewshot,rotation,1,70,beignets,beignets,0.9,0.9735748966534932,1,exact,3,Answer: beignets | Confidence: 90
B,Qwen/Qwen2-VL-2B-Instruct,nf4,fewshot,rotation,1,71,beignets,beignets,0.9,0.9884247779846193,1,exact,3,Answer: beignets | Confidence: 90
B,Qwen/Qwen2-VL-2B-Instruct,nf4,fewshot,rotation,1,72,beignets,beignets,0.9,0.9694120089213052,1,exact,3,Answer: beignets | Confidence: 90
B,Qwen/Qwen2-VL-2B-Instruct,nf4,fewshot,rotation,1,73,beignets,beignets,0.9,0.9812470277150472,1,exact,3,Answer: beignets | Confidence: 90
B,Qwen/Qwen2-VL-2B-Instruct,nf4,fewshot,rotation,1,74,beignets,beignets,0.9,0.9873468279838562,1,exact,3,Answer: beignets | Confidence: 90
B,Qwen/Qwen2-VL-2B-Instruct,nf4,fewshot,rotation,1,75,beignets,beignets,0.9,0.992603600025177,1,exact,3,Answer: beignets | Confidence: 90
B,Qwen/Qwen2-VL-2B-Instruct,nf4,fewshot,rotation,1,76,beignets,beignets,0.9,0.98310786485672,1,exact,3,Answer: beignets | Confidence: 90
B,Qwen/Qwen2-VL-2B-Instruct,nf4,fewshot,rotation,1,77,beignets,beignets,0.9,0.9804795583089192,1,exact,3,Answer: beignets | Confidence: 90
B,Qwen/Qwen2-VL-2B-Instruct,nf4,fewshot,rotation,1,78,beignets,beignets,0.9,0.9818382461865744,1,exact,3,Answer: beignets | Confidence: 90
B,Qwen/Qwen2-VL-2B-Instruct,nf4,fewshot,rotation,1,79,beignets,beignets,,0.9865803321202596,1,exact,3,Answer: beignets
B,Qwen/Qwen2-VL-2B-Instruct,nf4,fewshot,rotation,1,80,beignets,,,0.9079442024230956,0,empty,4,Beignets
B,Qwen/Qwen2-VL-2B-Instruct,nf4,fewshot,rotation,1,81,beignets,,,0.8289241045713425,0,empty,4,Beignets
B,Qwen/Qwen2-VL-2B-Instruct,nf4,fewshot,rotation,1,82,beignets,beignets,0.9,0.9473222494125366,1,exact,3,Answer: beignets | Confidence: 90
B,Qwen/Qwen2-VL-2B-Instruct,nf4,fewshot,rotation,1,83,beignets,,,0.8157395794987679,0,empty,4,Beignets
B,Qwen/Qwen2-VL-2B-Instruct,nf4,fewshot,rotation,1,84,beignets,beignets,0.9,0.9917368292808532,1,exact,3,Answer: beignets | Confidence: 90
B,Qwen/Qwen2-VL-2B-Instruct,nf4,fewshot,rotation,1,85,beignets,beignets,0.9,0.9483322699864706,1,exact,3,Answer: beignets | Confidence: 90
B,Qwen/Qwen2-VL-2B-Instruct,nf4,fewshot,rotation,1,86,beignets,,,0.8613423407077789,0,empty,4,Beignets
B,Qwen/Qwen2-VL-2B-Instruct,nf4,fewshot,rotation,1,87,beignets,beignets,0.9,0.9559661149978638,1,exact,3,Answer: beignets | Confidence: 90
B,Qwen/Qwen2-VL-2B-Instruct,nf4,fewshot,rotation,1,88,beignets,bread pudding,0.9,0.9741291403770448,0,contains,2,Answer: bread pudding | Confidence: 90
B,Qwen/Qwen2-VL-2B-Instruct,nf4,fewshot,rotation,1,89,beignets,bread pudding,0.9,0.8057007193565369,0,contains,2,Answer: bread pudding | Confidence: 90
B,Qwen/Qwen2-VL-2B-Instruct,nf4,fewshot,rotation,1,90,beignets,beignets,0.9,0.9832876125971476,1,exact,3,Answer: beignets | Confidence: 90
B,Qwen/Qwen2-VL-2B-Instruct,nf4,fewshot,rotation,1,91,beignets,,,0.8341251984238625,0,empty,4,Beignets
B,Qwen/Qwen2-VL-2B-Instruct,nf4,fewshot,rotation,1,92,beignets,beignets,0.9,0.9889054695765176,1,exact,3,Answer: beignets | Confidence: 90
B,Qwen/Qwen2-VL-2B-Instruct,nf4,fewshot,rotation,1,93,beignets,,,0.8551623225212097,0,empty,4,Beignets
B,Qwen/Qwen2-VL-2B-Instruct,nf4,fewshot,rotation,1,94,beignets,beignets,0.9,0.9745343923568726,1,exact,3,Answer: beignets | Confidence: 90
B,Qwen/Qwen2-VL-2B-Instruct,nf4,fewshot,rotation,1,95,beignets,,,0.8636294081807137,0,empty,4,beignets
B,Qwen/Qwen2-VL-2B-Instruct,nf4,fewshot,rotation,1,96,beignets,,,0.8700903803110123,0,empty,4,Beignets
B,Qwen/Qwen2-VL-2B-Instruct,nf4,fewshot,rotation,1,97,beignets,,,0.8756578862667084,0,empty,4,beignets
B,Qwen/Qwen2-VL-2B-Instruct,nf4,fewshot,rotation,1,98,beignets,,,0.8258805871009827,0,empty,4,beignets
B,Qwen/Qwen2-VL-2B-Instruct,nf4,fewshot,rotation,1,99,beignets,beignets,0.9,0.9858048756917318,1,exact,3,Answer: beignets | Confidence: 90
B,Qwen/Qwen2-VL-2B-Instruct,nf4,fewshot,rotation,2,0,beignets,,,0.8361021056771278,0,empty,4,beignets
B,Qwen/Qwen2-VL-2B-Instruct,nf4,fewshot,rotation,2,1,beignets,beignets,0.9,0.9111438194910684,1,exact,3,Answer: beignets | Confidence: 90
B,Qwen/Qwen2-VL-2B-Instruct,nf4,fewshot,rotation,2,2,beignets,beignets,0.9,0.974029262860616,1,exact,3,Answer: beignets | Confidence: 90
B,Qwen/Qwen2-VL-2B-Instruct,nf4,fewshot,rotation,2,3,beignets,beignets,0.9,0.9794699947039286,1,exact,3,Answer: beignets | Confidence: 90
B,Qwen/Qwen2-VL-2B-Instruct,nf4,fewshot,rotation,2,4,beignets,beignets,0.9,0.9929245313008628,1,exact,3,Answer: beignets | Confidence: 90
B,Qwen/Qwen2-VL-2B-Instruct,nf4,fewshot,rotation,2,5,beignets,,,0.8346985802054405,0,empty,4,beignets
B,Qwen/Qwen2-VL-2B-Instruct,nf4,fewshot,rotation,2,6,beignets,beignets,0.9,0.9533438881238302,1,exact,3,Answer: beignets | Confidence: 90
B,Qwen/Qwen2-VL-2B-Instruct,nf4,fewshot,rotation,2,7,beignets,beignets,0.9,0.9834832946459452,1,exact,3,Answer: beignets | Confidence: 90
B,Qwen/Qwen2-VL-2B-Instruct,nf4,fewshot,rotation,2,8,beignets,fried calamari,0.85,0.9443142612775168,0,contains,3,Answer: fried calamari | Confidence: 85
B,Qwen/Qwen2-VL-2B-Instruct,nf4,fewshot,rotation,2,9,beignets,beignets,0.9,0.968213140964508,1,exact,3,Answer: beignets | Confidence: 90
B,Qwen/Qwen2-VL-2B-Instruct,nf4,fewshot,rotation,2,10,beignets,beignets,0.9,0.970882515112559,1,exact,3,Answer: beignets | Confidence: 90
B,Qwen/Qwen2-VL-2B-Instruct,nf4,fewshot,rotation,2,11,beignets,,,0.8698192536830902,0,empty,4,Beignets
B,Qwen/Qwen2-VL-2B-Instruct,nf4,fewshot,rotation,2,12,beignets,beignets,0.9,0.9510305126508076,1,exact,3,Answer: beignets | Confidence: 90
B,Qwen/Qwen2-VL-2B-Instruct,nf4,fewshot,rotation,2,13,beignets,beignets,0.9,0.981665035088857,1,exact,3,Answer: beignets | Confidence: 90
B,Qwen/Qwen2-VL-2B-Instruct,nf4,fewshot,rotation,2,14,beignets,,,0.8708090633153915,0,empty,4,Beignets
B,Qwen/Qwen2-VL-2B-Instruct,nf4,fewshot,rotation,2,15,beignets,beignets,0.9,0.9856425325075784,1,exact,3,Answer: beignets | Confidence: 90
B,Qwen/Qwen2-VL-2B-Instruct,nf4,fewshot,rotation,2,16,beignets,beignets,0.9,0.987377961476644,1,exact,3,Answer: beignets | Confidence: 90
B,Qwen/Qwen2-VL-2B-Instruct,nf4,fewshot,rotation,2,17,beignets,beignets,0.9,0.9928833842277528,1,exact,3,Answer: beignets | Confidence: 90
B,Qwen/Qwen2-VL-2B-Instruct,nf4,fewshot,rotation,2,18,beignets,beignets,0.9,0.9807177384694418,1,exact,3,Answer: beignets | Confidence: 90
B,Qwen/Qwen2-VL-2B-Instruct,nf4,fewshot,rotation,2,19,beignets,beignets,0.9,0.8682810465494791,1,exact,3,Answer: beignets | Confidence: 90
B,Qwen/Qwen2-VL-2B-Instruct,nf4,fewshot,rotation,2,20,beignets,beignets,0.9,0.9894270698229471,1,exact,3,Answer: beignets | Confidence: 90
B,Qwen/Qwen2-VL-2B-Instruct,nf4,fewshot,rotation,2,21,beignets,beignets,0.9,0.9400542775789896,1,exact,3,Answer: beignets | Confidence: 90
B,Qwen/Qwen2-VL-2B-Instruct,nf4,fewshot,rotation,2,22,beignets,,,0.8574259653687477,0,empty,4,Beignets
B,Qwen/Qwen2-VL-2B-Instruct,nf4,fewshot,rotation,2,23,beignets,beignets,0.9,0.9830066959063212,1,exact,3,Answer: beignets | Confidence: 90
B,Qwen/Qwen2-VL-2B-Instruct,nf4,fewshot,rotation,2,24,beignets,beignets,0.9,0.9792759617169698,1,exact,3,Answer: beignets | Confidence: 90
B,Qwen/Qwen2-VL-2B-Instruct,nf4,fewshot,rotation,2,25,beignets,,,0.8478391319513321,0,empty,4,Beignets
B,Qwen/Qwen2-VL-2B-Instruct,nf4,fewshot,rotation,2,26,beignets,beignets,0.9,0.9839700857798258,1,exact,3,Answer: beignets | Confidence: 90
B,Qwen/Qwen2-VL-2B-Instruct,nf4,fewshot,rotation,2,27,beignets,beignets,0.9,0.9773561557133992,1,exact,3,Answer: beignets | Confidence: 90
B,Qwen/Qwen2-VL-2B-Instruct,nf4,fewshot,rotation,2,28,beignets,beignets,0.9,0.9518639047940572,1,exact,3,Answer: beignets | Confidence: 90
B,Qwen/Qwen2-VL-2B-Instruct,nf4,fewshot,rotation,2,29,beignets,beignets,0.9,0.9818194905916848,1,exact,3,Answer: beignets | Confidence: 90
B,Qwen/Qwen2-VL-2B-Instruct,nf4,fewshot,rotation,2,30,beignets,beignets,0.9,0.9832419554392496,1,exact,3,Answer: beignets | Confidence: 90
B,Qwen/Qwen2-VL-2B-Instruct,nf4,fewshot,rotation,2,31,beignets,beignets,0.9,0.9774436354637146,1,exact,3,Answer: beignets | Confidence: 90
B,Qwen/Qwen2-VL-2B-Instruct,nf4,fewshot,rotation,2,32,beignets,beignets,0.9,0.9692705869674684,1,exact,3,Answer: beignets | Confidence: 90
B,Qwen/Qwen2-VL-2B-Instruct,nf4,fewshot,rotation,2,33,beignets,beignets,0.9,0.9942695101102194,1,exact,3,Answer: beignets | Confidence: 90
B,Qwen/Qwen2-VL-2B-Instruct,nf4,fewshot,rotation,2,34,beignets,beignets,0.9,0.9833735624949136,1,exact,3,Answer: beignets | Confidence: 90
B,Qwen/Qwen2-VL-2B-Instruct,nf4,fewshot,rotation,2,35,beignets,,,0.8709570318460464,0,empty,4,Beignets
B,Qwen/Qwen2-VL-2B-Instruct,nf4,fewshot,rotation,2,36,beignets,beignets,0.9,0.9802931348482768,1,exact,3,Answer: beignets | Confidence: 90
B,Qwen/Qwen2-VL-2B-Instruct,nf4,fewshot,rotation,2,37,beignets,beignets,0.9,0.9907480676968892,1,exact,3,Answer: beignets | Confidence: 90
B,Qwen/Qwen2-VL-2B-Instruct,nf4,fewshot,rotation,2,38,beignets,beignets,0.9,0.9869155089060464,1,exact,3,Answer: beignets | Confidence: 90
B,Qwen/Qwen2-VL-2B-Instruct,nf4,fewshot,rotation,2,39,beignets,,,0.8564141988754272,0,empty,4,beignets
B,Qwen/Qwen2-VL-2B-Instruct,nf4,fewshot,rotation,2,40,beignets,beignets,0.9,0.9866627057393392,1,exact,3,Answer: beignets | Confidence: 90
B,Qwen/Qwen2-VL-2B-Instruct,nf4,fewshot,rotation,2,41,beignets,,,0.8266741335391998,0,empty,4,Beignets
B,Qwen/Qwen2-VL-2B-Instruct,nf4,fewshot,rotation,2,42,beignets,,,0.8601704090833664,0,empty,4,Beignets
B,Qwen/Qwen2-VL-2B-Instruct,nf4,fewshot,rotation,2,43,beignets,beignets,0.9,0.9751457770665488,1,exact,3,Answer: beignets | Confidence: 90
B,Qwen/Qwen2-VL-2B-Instruct,nf4,fewshot,rotation,2,44,beignets,beignets,0.9,0.9783229033152262,1,exact,3,Answer: beignets | Confidence: 90
B,Qwen/Qwen2-VL-2B-Instruct,nf4,fewshot,rotation,2,45,beignets,French toast,0.9,0.6452859044075012,0,contains,2,Answer: French toast | Confidence: 90
B,Qwen/Qwen2-VL-2B-Instruct,nf4,fewshot,rotation,2,46,beignets,beignets,0.9,0.9871511658032736,1,exact,3,Answer: beignets | Confidence: 90
B,Qwen/Qwen2-VL-2B-Instruct,nf4,fewshot,rotation,2,47,beignets,beignets,0.9,0.9233001073201498,1,exact,3,Answer: beignets | Confidence: 90
B,Qwen/Qwen2-VL-2B-Instruct,nf4,fewshot,rotation,2,48,beignets,beignets,0.9,0.9803418715794882,1,exact,3,Answer: beignets | Confidence: 90
B,Qwen/Qwen2-VL-2B-Instruct,nf4,fewshot,rotation,2,49,beignets,,,0.8409783020615578,0,empty,4,Beignets
B,Qwen/Qwen2-VL-2B-Instruct,nf4,fewshot,rotation,2,50,beignets,beignets,0.9,0.9906231562296548,1,exact,3,Answer: beignets | Confidence: 90
B,Qwen/Qwen2-VL-2B-Instruct,nf4,fewshot,rotation,2,51,beignets,beignets,0.9,0.9871735175450644,1,exact,3,Answer: beignets | Confidence: 90
B,Qwen/Qwen2-VL-2B-Instruct,nf4,fewshot,rotation,2,52,beignets,beignets,0.9,0.9711549083391824,1,exact,3,Answer: beignets | Confidence: 90
B,Qwen/Qwen2-VL-2B-Instruct,nf4,fewshot,rotation,2,53,beignets,beignets,0.9,0.9771087169647216,1,exact,3,Answer: beignets | Confidence: 90
B,Qwen/Qwen2-VL-2B-Instruct,nf4,fewshot,rotation,2,54,beignets,beignets,0.9,0.9882110953330994,1,exact,3,Answer: beignets | Confidence: 90
B,Qwen/Qwen2-VL-2B-Instruct,nf4,fewshot,rotation,2,55,beignets,beignets,0.9,0.9850309491157532,1,exact,3,Answer: beignets | Confidence: 90
B,Qwen/Qwen2-VL-2B-Instruct,nf4,fewshot,rotation,2,56,beignets,pizza,0.9,0.7511399984359741,0,contains,1,Answer: pizza | Confidence: 90
B,Qwen/Qwen2-VL-2B-Instruct,nf4,fewshot,rotation,2,57,beignets,beignets,0.9,0.9668410619099936,1,exact,3,Answer: beignets | Confidence: 90
B,Qwen/Qwen2-VL-2B-Instruct,nf4,fewshot,rotation,2,58,beignets,beignets,0.9,0.9866676131884256,1,exact,3,Answer: beignets | Confidence: 90
B,Qwen/Qwen2-VL-2B-Instruct,nf4,fewshot,rotation,2,59,beignets,beignets,0.9,0.977009912331899,1,exact,3,Answer: beignets | Confidence: 90
B,Qwen/Qwen2-VL-2B-Instruct,nf4,fewshot,rotation,2,60,beignets,beignets,0.9,0.7429078171650568,1,exact,3,Answer: beignets | Confidence: 90
B,Qwen/Qwen2-VL-2B-Instruct,nf4,fewshot,rotation,2,61,beignets,beignets,0.9,0.9917487899462382,1,exact,3,Answer: beignets | Confidence: 90
B,Qwen/Qwen2-VL-2B-Instruct,nf4,fewshot,rotation,2,62,beignets,,,0.8864761739969254,0,empty,4,Beignets
B,Qwen/Qwen2-VL-2B-Instruct,nf4,fewshot,rotation,2,63,beignets,beignets,0.9,0.9722570975621542,1,exact,3,Answer: beignets | Confidence: 90
B,Qwen/Qwen2-VL-2B-Instruct,nf4,fewshot,rotation,2,64,beignets,beignets,0.9,0.9879941940307616,1,exact,3,Answer: beignets | Confidence: 90
B,Qwen/Qwen2-VL-2B-Instruct,nf4,fewshot,rotation,2,65,beignets,beignets,0.9,0.97648815313975,1,exact,3,Answer: beignets | Confidence: 90
B,Qwen/Qwen2-VL-2B-Instruct,nf4,fewshot,rotation,2,66,beignets,,,0.8565185591578484,0,empty,4,Beignets
B,Qwen/Qwen2-VL-2B-Instruct,nf4,fewshot,rotation,2,67,beignets,beignets,0.9,0.9908259908358256,1,exact,3,Answer: beignets | Confidence: 90
B,Qwen/Qwen2-VL-2B-Instruct,nf4,fewshot,rotation,2,68,beignets,beignets,0.9,0.9766393303871156,1,exact,3,Answer: beignets | Confidence: 90
B,Qwen/Qwen2-VL-2B-Instruct,nf4,fewshot,rotation,2,69,beignets,,,0.837184377014637,0,empty,4,Beignets
B,Qwen/Qwen2-VL-2B-Instruct,nf4,fewshot,rotation,2,70,beignets,beignets,0.9,0.9794626633326212,1,exact,3,Answer: beignets | Confidence: 90
B,Qwen/Qwen2-VL-2B-Instruct,nf4,fewshot,rotation,2,71,beignets,beignets,0.9,0.9899398684501648,1,exact,3,Answer: beignets | Confidence: 90
B,Qwen/Qwen2-VL-2B-Instruct,nf4,fewshot,rotation,2,72,beignets,beignets,0.9,0.9626904924710592,1,exact,3,Answer: beignets | Confidence: 90
B,Qwen/Qwen2-VL-2B-Instruct,nf4,fewshot,rotation,2,73,beignets,beignets,0.9,0.9832961360613504,1,exact,3,Answer: beignets | Confidence: 90
B,Qwen/Qwen2-VL-2B-Instruct,nf4,fewshot,rotation,2,74,beignets,beignets,0.9,0.9894799788792928,1,exact,3,Answer: beignets | Confidence: 90
B,Qwen/Qwen2-VL-2B-Instruct,nf4,fewshot,rotation,2,75,beignets,beignets,0.9,0.9912844896316528,1,exact,3,Answer: beignets | Confidence: 90
B,Qwen/Qwen2-VL-2B-Instruct,nf4,fewshot,rotation,2,76,beignets,beignets,0.9,0.978663961092631,1,exact,3,Answer: beignets | Confidence: 90
B,Qwen/Qwen2-VL-2B-Instruct,nf4,fewshot,rotation,2,77,beignets,beignets,0.9,0.983794649442037,1,exact,3,Answer: beignets | Confidence: 90
B,Qwen/Qwen2-VL-2B-Instruct,nf4,fewshot,rotation,2,78,beignets,beignets,0.9,0.9863080581029257,1,exact,3,Answer: beignets | Confidence: 90
B,Qwen/Qwen2-VL-2B-Instruct,nf4,fewshot,rotation,2,79,beignets,beignets,0.9,0.9828246235847472,1,exact,3,Answer: beignets | Confidence: 90
B,Qwen/Qwen2-VL-2B-Instruct,nf4,fewshot,rotation,2,80,beignets,,,0.9003523737192154,0,empty,4,Beignets
B,Qwen/Qwen2-VL-2B-Instruct,nf4,fewshot,rotation,2,81,beignets,beignets,0.9,0.9447875420252482,1,exact,3,Answer: beignets | Confidence: 90
B,Qwen/Qwen2-VL-2B-Instruct,nf4,fewshot,rotation,2,82,beignets,beignets,0.9,0.952298124631246,1,exact,3,Answer: beignets | Confidence: 90
B,Qwen/Qwen2-VL-2B-Instruct,nf4,fewshot,rotation,2,83,beignets,beignets,0.9,0.9854516784350076,1,exact,3,Answer: beignets | Confidence: 90
B,Qwen/Qwen2-VL-2B-Instruct,nf4,fewshot,rotation,2,84,beignets,beignets,0.9,0.9899250666300456,1,exact,3,Answer: beignets | Confidence: 90
B,Qwen/Qwen2-VL-2B-Instruct,nf4,fewshot,rotation,2,85,beignets,beignets,0.9,0.9487512509028116,1,exact,3,Answer: beignets | Confidence: 90
B,Qwen/Qwen2-VL-2B-Instruct,nf4,fewshot,rotation,2,86,beignets,beignets,0.9,0.9681829810142516,1,exact,3,Answer: beignets | Confidence: 90
B,Qwen/Qwen2-VL-2B-Instruct,nf4,fewshot,rotation,2,87,beignets,beignets,0.9,0.9626415173212688,1,exact,3,Answer: beignets | Confidence: 90
B,Qwen/Qwen2-VL-2B-Instruct,nf4,fewshot,rotation,2,88,beignets,beignets,0.9,0.8132223784923553,1,exact,3,Answer: beignets | Confidence: 90
B,Qwen/Qwen2-VL-2B-Instruct,nf4,fewshot,rotation,2,89,beignets,bread pudding,0.9,0.8770517110824585,0,contains,2,Answer: bread pudding | Confidence: 90
B,Qwen/Qwen2-VL-2B-Instruct,nf4,fewshot,rotation,2,90,beignets,beignets,0.9,0.9823792775472006,1,exact,3,Answer: beignets | Confidence: 90
B,Qwen/Qwen2-VL-2B-Instruct,nf4,fewshot,rotation,2,91,beignets,,,0.8252739831805229,0,empty,4,Beignets
B,Qwen/Qwen2-VL-2B-Instruct,nf4,fewshot,rotation,2,92,beignets,,,0.8415145948529243,0,empty,4,Beignets
B,Qwen/Qwen2-VL-2B-Instruct,nf4,fewshot,rotation,2,93,beignets,beignets,0.9,0.968145708243052,1,exact,3,Answer: beignets | Confidence: 90
B,Qwen/Qwen2-VL-2B-Instruct,nf4,fewshot,rotation,2,94,beignets,,,0.8371283635497093,0,empty,4,Beignets
B,Qwen/Qwen2-VL-2B-Instruct,nf4,fewshot,rotation,2,95,beignets,,,0.8465674817562103,0,empty,4,Beignets
B,Qwen/Qwen2-VL-2B-Instruct,nf4,fewshot,rotation,2,96,beignets,,,0.8762349337339401,0,empty,4,Beignets
B,Qwen/Qwen2-VL-2B-Instruct,nf4,fewshot,rotation,2,97,beignets,fish and chips,0.9,0.8024282455444336,0,contains,3,Answer: fish and chips | Confidence: 90
B,Qwen/Qwen2-VL-2B-Instruct,nf4,fewshot,rotation,2,98,beignets,beignets,0.9,0.9612019260724386,1,exact,3,Answer: beignets | Confidence: 90
B,Qwen/Qwen2-VL-2B-Instruct,nf4,fewshot,rotation,2,99,beignets,beignets,0.9,0.9828037818272908,1,exact,3,Answer: beignets | Confidence: 90
B,Qwen/Qwen2-VL-2B-Instruct,nf4,fewshot,rotation,3,0,beignets,beignets,0.9,0.987907648086548,1,exact,3,Answer: beignets | Confidence: 90
B,Qwen/Qwen2-VL-2B-Instruct,nf4,fewshot,rotation,3,1,beignets,beignets,0.9,0.842623233795166,1,exact,3,Answer: beignets | Confidence: 90
B,Qwen/Qwen2-VL-2B-Instruct,nf4,fewshot,rotation,3,2,beignets,beignets,0.9,0.9690865476926168,1,exact,3,Answer: beignets | Confidence: 90
B,Qwen/Qwen2-VL-2B-Instruct,nf4,fewshot,rotation,3,3,beignets,beignets,0.9,0.9814839561780294,1,exact,3,Answer: beignets | Confidence: 90
B,Qwen/Qwen2-VL-2B-Instruct,nf4,fewshot,rotation,3,4,beignets,beignets,0.9,0.99189426501592,1,exact,3,Answer: beignets | Confidence: 90
B,Qwen/Qwen2-VL-2B-Instruct,nf4,fewshot,rotation,3,5,beignets,beignets,0.9,0.9866231481234232,1,exact,3,Answer: beignets | Confidence: 90
B,Qwen/Qwen2-VL-2B-Instruct,nf4,fewshot,rotation,3,6,beignets,,,0.8556181341409683,0,empty,4,Beignets
B,Qwen/Qwen2-VL-2B-Instruct,nf4,fewshot,rotation,3,7,beignets,beignets,0.9,0.982146143913269,1,exact,3,Answer: beignets | Confidence: 90
B,Qwen/Qwen2-VL-2B-Instruct,nf4,fewshot,rotation,3,8,beignets,fried calamari,0.85,0.965752104918162,0,contains,3,Answer: fried calamari | Confidence: 85
B,Qwen/Qwen2-VL-2B-Instruct,nf4,fewshot,rotation,3,9,beignets,beignets,0.9,0.9766576488812764,1,exact,3,Answer: beignets | Confidence: 90
B,Qwen/Qwen2-VL-2B-Instruct,nf4,fewshot,rotation,3,10,beignets,beignets,0.9,0.9668925205866497,1,exact,3,Answer: beignets | Confidence: 90
B,Qwen/Qwen2-VL-2B-Instruct,nf4,fewshot,rotation,3,11,beignets,,,0.8513714820146561,0,empty,4,Beignets
B,Qwen/Qwen2-VL-2B-Instruct,nf4,fewshot,rotation,3,12,beignets,beignets,0.9,0.9027733008066812,1,exact,3,Answer: beignets | Confidence: 90
B,Qwen/Qwen2-VL-2B-Instruct,nf4,fewshot,rotation,3,13,beignets,beignets,0.9,0.9811414082845052,1,exact,3,Answer: beignets | Confidence: 90
B,Qwen/Qwen2-VL-2B-Instruct,nf4,fewshot,rotation,3,14,beignets,,,0.8594240471720695,0,empty,4,Beignets
B,Qwen/Qwen2-VL-2B-Instruct,nf4,fewshot,rotation,3,15,beignets,beignets,0.9,0.985312799612681,1,exact,3,Answer: beignets | Confidence: 90
B,Qwen/Qwen2-VL-2B-Instruct,nf4,fewshot,rotation,3,16,beignets,beignets,0.9,0.9835758010546366,1,exact,3,Answer: beignets | Confidence: 90
B,Qwen/Qwen2-VL-2B-Instruct,nf4,fewshot,rotation,3,17,beignets,beignets,0.9,0.9913973609606423,1,exact,3,Answer: beignets | Confidence: 90
B,Qwen/Qwen2-VL-2B-Instruct,nf4,fewshot,rotation,3,18,beignets,beignets,0.9,0.9791595538457236,1,exact,3,Answer: beignets | Confidence: 90
B,Qwen/Qwen2-VL-2B-Instruct,nf4,fewshot,rotation,3,19,beignets,beignets,0.9,0.7642325460910797,1,exact,3,Answer: beignets | Confidence: 90
B,Qwen/Qwen2-VL-2B-Instruct,nf4,fewshot,rotation,3,20,beignets,beignets,0.9,0.9877010981241862,1,exact,3,Answer: beignets | Confidence: 90
B,Qwen/Qwen2-VL-2B-Instruct,nf4,fewshot,rotation,3,21,beignets,beignets,0.9,0.9498975078264872,1,exact,3,Answer: beignets | Confidence: 90
B,Qwen/Qwen2-VL-2B-Instruct,nf4,fewshot,rotation,3,22,beignets,,,0.8427708297967911,0,empty,4,Beignets
B,Qwen/Qwen2-VL-2B-Instruct,nf4,fewshot,rotation,3,23,beignets,beignets,0.9,0.9871103763580322,1,exact,3,Answer: beignets | Confidence: 90
B,Qwen/Qwen2-VL-2B-Instruct,nf4,fewshot,rotation,3,24,beignets,beignets,0.9,0.9782055417696636,1,exact,3,Answer: beignets | Confidence: 90
B,Qwen/Qwen2-VL-2B-Instruct,nf4,fewshot,rotation,3,25,beignets,beignets,0.9,0.9864614605903624,1,exact,3,Answer: beignets | Confidence: 90
B,Qwen/Qwen2-VL-2B-Instruct,nf4,fewshot,rotation,3,26,beignets,beignets,0.9,0.9859705567359924,1,exact,3,Answer: beignets | Confidence: 90
B,Qwen/Qwen2-VL-2B-Instruct,nf4,fewshot,rotation,3,27,beignets,beignets,0.9,0.97242534160614,1,exact,3,Answer: beignets | Confidence: 90
B,Qwen/Qwen2-VL-2B-Instruct,nf4,fewshot,rotation,3,28,beignets,,,0.8405060768127441,0,empty,4,Beignets
B,Qwen/Qwen2-VL-2B-Instruct,nf4,fewshot,rotation,3,29,beignets,beignets,0.9,0.9800750414530436,1,exact,3,Answer: beignets | Confidence: 90
B,Qwen/Qwen2-VL-2B-Instruct,nf4,fewshot,rotation,3,30,beignets,,,0.8315927162766457,0,empty,4,Beignets
B,Qwen/Qwen2-VL-2B-Instruct,nf4,fewshot,rotation,3,31,beignets,beignets,0.9,0.9793026447296144,1,exact,3,Answer: beignets | Confidence: 90
B,Qwen/Qwen2-VL-2B-Instruct,nf4,fewshot,rotation,3,32,beignets,beignets,0.9,0.9667115012804668,1,exact,3,Answer: beignets | Confidence: 90
B,Qwen/Qwen2-VL-2B-Instruct,nf4,fewshot,rotation,3,33,beignets,beignets,0.9,0.9892015854517618,1,exact,3,Answer: beignets | Confidence: 90
B,Qwen/Qwen2-VL-2B-Instruct,nf4,fewshot,rotation,3,34,beignets,beignets,0.9,0.985962470372518,1,exact,3,Answer: beignets | Confidence: 90
B,Qwen/Qwen2-VL-2B-Instruct,nf4,fewshot,rotation,3,35,beignets,,,0.8517656326293945,0,empty,4,Beignets
B,Qwen/Qwen2-VL-2B-Instruct,nf4,fewshot,rotation,3,36,beignets,beignets,0.9,0.9841432968775432,1,exact,3,Answer: beignets | Confidence: 90
B,Qwen/Qwen2-VL-2B-Instruct,nf4,fewshot,rotation,3,37,beignets,beignets,0.9,0.9893608291943868,1,exact,3,Answer: beignets | Confidence: 90
B,Qwen/Qwen2-VL-2B-Instruct,nf4,fewshot,rotation,3,38,beignets,beignets,0.85,0.9798664848009744,1,exact,3,Answer: beignets | Confidence: 85
B,Qwen/Qwen2-VL-2B-Instruct,nf4,fewshot,rotation,3,39,beignets,,,0.8516881987452507,0,empty,4,beignets
B,Qwen/Qwen2-VL-2B-Instruct,nf4,fewshot,rotation,3,40,beignets,beignets,0.9,0.985906700293223,1,exact,3,Answer: beignets | Confidence: 90
B,Qwen/Qwen2-VL-2B-Instruct,nf4,fewshot,rotation,3,41,beignets,,,0.8241153657436371,0,empty,4,Beignets
B,Qwen/Qwen2-VL-2B-Instruct,nf4,fewshot,rotation,3,42,beignets,,,0.8470448404550552,0,empty,4,Beignets
B,Qwen/Qwen2-VL-2B-Instruct,nf4,fewshot,rotation,3,43,beignets,beignets,0.9,0.9790086547533672,1,exact,3,Answer: beignets | Confidence: 90
B,Qwen/Qwen2-VL-2B-Instruct,nf4,fewshot,rotation,3,44,beignets,beignets,0.9,0.97661825021108,1,exact,3,Answer: beignets | Confidence: 90
B,Qwen/Qwen2-VL-2B-Instruct,nf4,fewshot,rotation,3,45,beignets,beignets,0.9,0.8213712573051453,1,exact,3,Answer: beignets | Confidence: 90
B,Qwen/Qwen2-VL-2B-Instruct,nf4,fewshot,rotation,3,46,beignets,,,0.8383257612586021,0,empty,4,Beignets
B,Qwen/Qwen2-VL-2B-Instruct,nf4,fewshot,rotation,3,47,beignets,beignets,0.9,0.9313626090685526,1,exact,3,Answer: beignets | Confidence: 90
B,Qwen/Qwen2-VL-2B-Instruct,nf4,fewshot,rotation,3,48,beignets,beignets,0.9,0.981624702612559,1,exact,3,Answer: beignets | Confidence: 90
B,Qwen/Qwen2-VL-2B-Instruct,nf4,fewshot,rotation,3,49,beignets,,,0.8386358469724655,0,empty,4,Beignets
B,Qwen/Qwen2-VL-2B-Instruct,nf4,fewshot,rotation,3,50,beignets,beignets,0.9,0.9937296311060588,1,exact,3,Answer: beignets | Confidence: 90
B,Qwen/Qwen2-VL-2B-Instruct,nf4,fewshot,rotation,3,51,beignets,beignets,0.9,0.9905846118927002,1,exact,3,Answer: beignets | Confidence: 90
B,Qwen/Qwen2-VL-2B-Instruct,nf4,fewshot,rotation,3,52,beignets,beignets,0.9,0.9763262073198954,1,exact,3,Answer: beignets | Confidence: 90
B,Qwen/Qwen2-VL-2B-Instruct,nf4,fewshot,rotation,3,53,beignets,beignets,0.9,0.9769158959388732,1,exact,3,Answer: beignets | Confidence: 90
B,Qwen/Qwen2-VL-2B-Instruct,nf4,fewshot,rotation,3,54,beignets,beignets,0.9,0.9895743529001872,1,exact,3,Answer: beignets | Confidence: 90
B,Qwen/Qwen2-VL-2B-Instruct,nf4,fewshot,rotation,3,55,beignets,beignets,0.9,0.9851732651392618,1,exact,3,Answer: beignets | Confidence: 90
B,Qwen/Qwen2-VL-2B-Instruct,nf4,fewshot,rotation,3,56,beignets,beignets,0.9,0.847364624341329,1,exact,3,Answer: beignets | Confidence: 90
B,Qwen/Qwen2-VL-2B-Instruct,nf4,fewshot,rotation,3,57,beignets,beignets,0.9,0.9642135898272196,1,exact,3,Answer: beignets | Confidence: 90
B,Qwen/Qwen2-VL-2B-Instruct,nf4,fewshot,rotation,3,58,beignets,beignets,0.9,0.9850150942802428,1,exact,3,Answer: beignets | Confidence: 90
B,Qwen/Qwen2-VL-2B-Instruct,nf4,fewshot,rotation,3,59,beignets,beignets,0.9,0.9757522741953532,1,exact,3,Answer: beignets | Confidence: 90
B,Qwen/Qwen2-VL-2B-Instruct,nf4,fewshot,rotation,3,60,beignets,beignets,0.9,0.7924072941144308,1,exact,3,Answer: beignets | Confidence: 90
B,Qwen/Qwen2-VL-2B-Instruct,nf4,fewshot,rotation,3,61,beignets,beignets,0.9,0.9915465513865152,1,exact,3,Answer: beignets | Confidence: 90
B,Qwen/Qwen2-VL-2B-Instruct,nf4,fewshot,rotation,3,62,beignets,,,0.8504593819379807,0,empty,4,Beignets
B,Qwen/Qwen2-VL-2B-Instruct,nf4,fewshot,rotation,3,63,beignets,beignets,0.9,0.969607949256897,1,exact,3,Answer: beignets | Confidence: 90
B,Qwen/Qwen2-VL-2B-Instruct,nf4,fewshot,rotation,3,64,beignets,beignets,0.9,0.9890493551890056,1,exact,3,Answer: beignets | Confidence: 90
B,Qwen/Qwen2-VL-2B-Instruct,nf4,fewshot,rotation,3,65,beignets,beignets,0.9,0.9762723445892334,1,exact,3,Answer: beignets | Confidence: 90
B,Qwen/Qwen2-VL-2B-Instruct,nf4,fewshot,rotation,3,66,beignets,,,0.8445330783724785,0,empty,4,Beignets
B,Qwen/Qwen2-VL-2B-Instruct,nf4,fewshot,rotation,3,67,beignets,beignets,0.9,0.9929119149843852,1,exact,3,Answer: beignets | Confidence: 90
B,Qwen/Qwen2-VL-2B-Instruct,nf4,fewshot,rotation,3,68,beignets,beignets,0.9,0.971320370833079,1,exact,3,Answer: beignets | Confidence: 90
B,Qwen/Qwen2-VL-2B-Instruct,nf4,fewshot,rotation,3,69,beignets,beignets,0.9,0.9777764081954956,1,exact,3,Answer: beignets | Confidence: 90
B,Qwen/Qwen2-VL-2B-Instruct,nf4,fewshot,rotation,3,70,beignets,beignets,0.9,0.979384203751882,1,exact,3,Answer: beignets | Confidence: 90
B,Qwen/Qwen2-VL-2B-Instruct,nf4,fewshot,rotation,3,71,beignets,beignets,0.9,0.987190326054891,1,exact,3,Answer: beignets | Confidence: 90
B,Qwen/Qwen2-VL-2B-Instruct,nf4,fewshot,rotation,3,72,beignets,beignets,0.9,0.9600178003311156,1,exact,3,Answer: beignets | Confidence: 90
B,Qwen/Qwen2-VL-2B-Instruct,nf4,fewshot,rotation,3,73,beignets,beignets,0.9,0.9834094842274984,1,exact,3,Answer: beignets | Confidence: 90
B,Qwen/Qwen2-VL-2B-Instruct,nf4,fewshot,rotation,3,74,beignets,beignets,0.9,0.9909418622652688,1,exact,3,Answer: beignets | Confidence: 90
B,Qwen/Qwen2-VL-2B-Instruct,nf4,fewshot,rotation,3,75,beignets,beignets,0.9,0.9921247363090516,1,exact,3,Answer: beignets | Confidence: 90
B,Qwen/Qwen2-VL-2B-Instruct,nf4,fewshot,rotation,3,76,beignets,beignets,0.9,0.9767858584721884,1,exact,3,Answer: beignets | Confidence: 90
B,Qwen/Qwen2-VL-2B-Instruct,nf4,fewshot,rotation,3,77,beignets,beignets,0.9,0.9817942380905152,1,exact,3,Answer: beignets | Confidence: 90
B,Qwen/Qwen2-VL-2B-Instruct,nf4,fewshot,rotation,3,78,beignets,beignets,0.9,0.9846015572547911,1,exact,3,Answer: beignets | Confidence: 90
B,Qwen/Qwen2-VL-2B-Instruct,nf4,fewshot,rotation,3,79,beignets,beignets,,0.9866488178571066,1,exact,3,Answer: beignets
B,Qwen/Qwen2-VL-2B-Instruct,nf4,fewshot,rotation,3,80,beignets,,,0.90303336083889,0,empty,4,Beignets
B,Qwen/Qwen2-VL-2B-Instruct,nf4,fewshot,rotation,3,81,beignets,beignets,0.9,0.9331281185150146,1,exact,3,Answer: beignets | Confidence: 90
B,Qwen/Qwen2-VL-2B-Instruct,nf4,fewshot,rotation,3,82,beignets,beignets,0.9,0.9522143403689066,1,exact,3,Answer: beignets | Confidence: 90
B,Qwen/Qwen2-VL-2B-Instruct,nf4,fewshot,rotation,3,83,beignets,beignets,0.9,0.9855762322743734,1,exact,3,Answer: beignets | Confidence: 90
B,Qwen/Qwen2-VL-2B-Instruct,nf4,fewshot,rotation,3,84,beignets,beignets,0.9,0.9908458590507508,1,exact,3,Answer: beignets | Confidence: 90
B,Qwen/Qwen2-VL-2B-Instruct,nf4,fewshot,rotation,3,85,beignets,beignets,0.9,0.9476873874664308,1,exact,3,Answer: beignets | Confidence: 90
B,Qwen/Qwen2-VL-2B-Instruct,nf4,fewshot,rotation,3,86,beignets,,,0.8452715501189232,0,empty,4,Beignets
B,Qwen/Qwen2-VL-2B-Instruct,nf4,fewshot,rotation,3,87,beignets,beignets,0.9,0.9663155476252238,1,exact,3,Answer: beignets | Confidence: 90
B,Qwen/Qwen2-VL-2B-Instruct,nf4,fewshot,rotation,3,88,beignets,beignets,0.9,0.982538878917694,1,exact,3,Answer: beignets | Confidence: 90
B,Qwen/Qwen2-VL-2B-Instruct,nf4,fewshot,rotation,3,89,beignets,bread pudding,0.9,0.9268854558467864,0,contains,2,Answer: bread pudding | Confidence: 90
B,Qwen/Qwen2-VL-2B-Instruct,nf4,fewshot,rotation,3,90,beignets,beignets,0.9,0.984032392501831,1,exact,3,Answer: beignets | Confidence: 90
B,Qwen/Qwen2-VL-2B-Instruct,nf4,fewshot,rotation,3,91,beignets,,,0.8427598550915718,0,empty,4,Beignets
B,Qwen/Qwen2-VL-2B-Instruct,nf4,fewshot,rotation,3,92,beignets,,,0.8414045944809914,0,empty,4,Beignets
B,Qwen/Qwen2-VL-2B-Instruct,nf4,fewshot,rotation,3,93,beignets,beignets,0.9,0.9590422908465068,1,exact,3,Answer: beignets | Confidence: 90
B,Qwen/Qwen2-VL-2B-Instruct,nf4,fewshot,rotation,3,94,beignets,,,0.8429799824953079,0,empty,4,Beignets
B,Qwen/Qwen2-VL-2B-Instruct,nf4,fewshot,rotation,3,95,beignets,,,0.8462735638022423,0,empty,4,Beignets
B,Qwen/Qwen2-VL-2B-Instruct,nf4,fewshot,rotation,3,96,beignets,,,0.8718440532684326,0,empty,4,Beignets
B,Qwen/Qwen2-VL-2B-Instruct,nf4,fewshot,rotation,3,97,beignets,beignets,0.9,0.9414108196894329,1,exact,3,Answer: beignets | Confidence: 90
B,Qwen/Qwen2-VL-2B-Instruct,nf4,fewshot,rotation,3,98,beignets,beignets,0.9,0.96181853612264,1,exact,3,Answer: beignets | Confidence: 90
B,Qwen/Qwen2-VL-2B-Instruct,nf4,fewshot,rotation,3,99,beignets,beignets,0.9,0.9830658038457236,1,exact,3,Answer: beignets | Confidence: 90
